Customer ID,country,frequency,monetary,recency_days,churn_probability,will_buy_probability,actual_outcome,risk_tier
12346,United Kingdom,3,77352.96,265,0.92936337,0.07063664,Did Not Buy,Critical Risk
12347,Iceland,6,3402.3900000000003,69,0.191805,0.808195,Bought,Low Risk
12348,Finland,5,1658.3999999999999,14,0.9211934,0.07880659,Did Not Buy,Critical Risk
12349,Italy,2,2221.14,347,0.37544906,0.62455094,Bought,Medium Risk
12350,Norway,1,294.4,249,0.94641465,0.05358537,Did Not Buy,Critical Risk
12351,Unspecified,1,300.93,314,0.9620396,0.037960384,Did Not Buy,Critical Risk
12352,Norway,8,1497.81,11,0.15689105,0.84310895,Bought,Low Risk
12353,Bahrain,2,406.76,143,0.84547764,0.15452237,Did Not Buy,Critical Risk
12354,Spain,1,1079.4,171,0.87419605,0.12580396,Did Not Buy,Critical Risk
12355,Bahrain,2,947.61,153,0.950156,0.049844027,Did Not Buy,Critical Risk
12356,Portugal,5,5553.38,185,0.2983998,0.7016002,Bought,Medium Risk
12357,Switzerland,1,11229.99,328,0.33889478,0.6611052,Bought,Medium Risk
12358,Austria,4,2923.87,90,0.4075305,0.5924695,Bought,Medium Risk
12359,Cyprus,9,6059.09,129,0.32403547,0.67596453,Bought,Medium Risk
12360,Austria,5,2689.11,52,0.19103473,0.80896527,Bought,Low Risk
12361,Belgium,4,451.25,226,0.87732226,0.12267776,Did Not Buy,Critical Risk
12362,Belgium,5,2352.34,12,0.14775354,0.85224646,Bought,Low Risk
12363,Unspecified,2,552.0,49,0.7430251,0.25697488,Did Not Buy,High Risk
12364,Belgium,2,643.72,17,0.25234818,0.7476518,Bought,Medium Risk
12365,Cyprus,1,320.69,230,0.95077235,0.04922768,Did Not Buy,Critical Risk
12366,Cyprus,1,500.24,573,0.97519904,0.024800932,Did Not Buy,Critical Risk
12368,Cyprus,1,917.6999999999999,567,0.9898828,0.010117156,Did Not Buy,Critical Risk
12369,Austria,3,1511.15,352,0.8225565,0.17744353,Did Not Buy,Critical Risk
12370,Austria,6,3217.28,214,0.455738,0.544262,Bought,Medium Risk
12371,Switzerland,3,1819.42,348,0.8239054,0.17609458,Bought,Critical Risk
12372,Denmark,3,1196.04,11,0.7873924,0.21260759,Did Not Buy,Critical Risk
12373,Austria,3,927.6500000000001,250,0.9329562,0.0670438,Did Not Buy,Critical Risk
12374,Austria,2,2046.29,361,0.28314984,0.71685016,Bought,Medium Risk
12375,Finland,1,190.3,37,0.34569794,0.65430206,Bought,Medium Risk
12376,Switzerland,2,383.15,329,0.9508159,0.049184058,Did Not Buy,Critical Risk
12377,Switzerland,4,3266.32,254,0.6615055,0.33849448,Did Not Buy,High Risk
12378,Switzerland,2,5416.32,69,0.9023268,0.09767318,Did Not Buy,Critical Risk
12379,Belgium,4,1470.22,21,0.7426454,0.2573546,Did Not Buy,High Risk
12380,Belgium,6,5917.4,17,0.22951615,0.77048385,Bought,Low Risk
12381,Norway,1,1028.74,59,0.35463154,0.64536846,Bought,Medium Risk
12383,Belgium,5,1628.56,124,0.37270725,0.62729275,Did Not Buy,Medium Risk
12384,Switzerland,1,212.69,61,0.81743467,0.18256533,Bought,Critical Risk
12385,Belgium,1,1668.4,318,0.7863735,0.2136265,Did Not Buy,Critical Risk
12386,Australia,2,401.9,277,0.90953416,0.09046582,Did Not Buy,Critical Risk
12387,Australia,1,143.94,354,0.94333315,0.05666683,Did Not Buy,Critical Risk
12388,Australia,7,3614.71,15,0.24712652,0.7528735,Bought,Low Risk
12389,Australia,3,1433.33,342,0.8571949,0.14280511,Did Not Buy,Critical Risk
12390,Belgium,1,504.84000000000003,19,0.47025222,0.5297478,Did Not Buy,Medium Risk
12391,Cyprus,5,2285.18,404,0.9683448,0.031655177,Bought,Critical Risk
12392,Australia,1,234.75000000000003,530,0.98159444,0.01840554,Did Not Buy,Critical Risk
12393,Australia,6,2399.4500000000003,11,0.65069324,0.34930676,Did Not Buy,High Risk
12394,Belgium,2,1080.48,3,0.80500746,0.19499254,Did Not Buy,Critical Risk
12395,Belgium,12,3549.79,5,0.08694708,0.9130529,Bought,Low Risk
12396,RSA,1,931.43,613,0.90827626,0.09172374,Did Not Buy,Critical Risk
12397,Belgium,1,1109.81,74,0.23047966,0.76952034,Bought,Low Risk
12399,Belgium,7,1842.3,58,0.7335106,0.26648942,Did Not Buy,High Risk
12400,Australia,1,205.25,353,0.8204836,0.17951639,Did Not Buy,Critical Risk
12401,Belgium,1,69.3,242,0.9352731,0.06472689,Did Not Buy,Critical Risk
12402,Belgium,6,1136.9,262,0.87252855,0.12747148,Did Not Buy,Critical Risk
12403,Denmark,1,555.6600000000001,461,0.9474597,0.052540295,Bought,Critical Risk
12405,Finland,1,1390.39,88,0.4295019,0.5704981,Did Not Buy,Medium Risk
12406,Denmark,4,4596.31,123,0.70677173,0.2932283,Bought,High Risk
12407,Belgium,4,1242.3600000000001,73,0.21897984,0.78102016,Bought,Low Risk
12408,Belgium,7,3226.27,38,0.28910232,0.7108977,Bought,Medium Risk
12409,Switzerland,7,23419.29,18,0.29956758,0.7004324,Did Not Buy,Medium Risk
12410,Switzerland,3,773.71,248,0.8115388,0.18846117,Did Not Buy,Critical Risk
12411,Australia,1,346.9,349,0.9559658,0.044034183,Did Not Buy,Critical Risk
12412,Denmark,6,2404.93,14,0.7882023,0.21179768,Did Not Buy,Critical Risk
12413,Spain,4,871.45,6,0.80308205,0.19691794,Did Not Buy,Critical Risk
12414,Austria,4,532.41,156,0.9004519,0.09954809,Did Not Buy,Critical Risk
12415,Australia,20,137678.49,5,0.009312689,0.9906873,Bought,Low Risk
12416,Australia,1,202.56,596,0.9657812,0.034218762,Did Not Buy,Critical Risk
12417,Belgium,18,5255.83,46,0.10241419,0.8975858,Bought,Low Risk
12418,Switzerland,4,2021.2,52,0.92152655,0.078473456,Did Not Buy,Critical Risk
12419,Spain,2,391.01,325,0.80184567,0.19815435,Did Not Buy,Critical Risk
12420,Cyprus,1,600.39,3,0.6588403,0.34115973,Did Not Buy,High Risk
12421,Spain,5,724.12,54,0.25925058,0.7407494,Bought,Medium Risk
12422,Australia,12,3639.35,35,0.6277095,0.37229046,Did Not Buy,High Risk
12423,Denmark,9,2107.75,40,0.078079104,0.9219209,Bought,Low Risk
12424,Australia,4,3340.03,102,0.6861948,0.31380525,Did Not Buy,High Risk
12425,Portugal,2,1741.41,17,0.9462177,0.05378228,Did Not Buy,Critical Risk
12426,Germany,2,1201.21,134,0.95124614,0.048753858,Did Not Buy,Critical Risk
12427,Germany,1,249.5,311,0.6688101,0.3311899,Bought,High Risk
12428,Finland,7,6076.92,59,0.27067477,0.72932523,Bought,Medium Risk
12429,Denmark,7,4936.89,112,0.3162858,0.6837142,Bought,Medium Risk
12431,Belgium,23,9198.1,4,0.022762477,0.9772375,Bought,Low Risk
12432,Norway,2,3316.6600000000003,111,0.23212308,0.7678769,Bought,Low Risk
12433,Norway,6,9813.5,30,0.24179852,0.7582015,Bought,Low Risk
12434,Australia,3,1103.43,24,0.8383222,0.1616778,Did Not Buy,Critical Risk
12435,Denmark,6,13925.93,19,0.8420785,0.1579215,Did Not Buy,Critical Risk
12436,Norway,1,429.01000000000005,39,0.7236557,0.27634427,Did Not Buy,High Risk
12437,France,32,9545.0,17,0.00414598,0.995854,Bought,Low Risk
12438,Norway,1,770.0699999999999,79,0.29409868,0.7059013,Bought,Medium Risk
12439,Cyprus,2,1142.88,622,0.9678503,0.032149702,Did Not Buy,Critical Risk
12440,Austria,2,739.2,401,0.98626435,0.0137356585,Did Not Buy,Critical Risk
12441,France,1,155.55,306,0.932445,0.06755501,Did Not Buy,Critical Risk
12443,Norway,1,365.31,671,0.9909367,0.0090633035,Did Not Buy,Critical Risk
12444,Norway,3,2829.81,25,0.05885625,0.94114375,Bought,Low Risk
12445,Spain,1,301.58000000000004,360,0.5589715,0.44102845,Bought,High Risk
12447,Belgium,1,431.49,182,0.9025486,0.097451404,Did Not Buy,Critical Risk
12449,Denmark,4,3058.18,31,0.10621256,0.89378744,Bought,Low Risk
12450,Spain,5,688.2,95,0.6239224,0.3760776,Did Not Buy,High Risk
12451,Switzerland,6,11481.74,4,0.09282434,0.90717566,Bought,Low Risk
12453,Austria,1,707.09,73,0.73842776,0.26157227,Did Not Buy,High Risk
12454,Spain,3,12931.44,335,0.3191101,0.6808899,Bought,Medium Risk
12455,Cyprus,9,5722.95,12,0.7748196,0.22518042,Did Not Buy,Critical Risk
12456,Switzerland,2,1825.4,70,0.16308486,0.83691514,Bought,Low Risk
12457,Switzerland,7,2555.91,5,0.79904354,0.20095645,Did Not Buy,Critical Risk
12458,Switzerland,4,1502.49,10,0.82640725,0.17359273,Did Not Buy,Critical Risk
12459,Spain,1,398.36,544,0.9176535,0.082346484,Did Not Buy,Critical Risk
12460,Belgium,1,296.65,395,0.9150388,0.08496119,Did Not Buy,Critical Risk
12461,Switzerland,1,626.88,94,0.8226739,0.1773261,Did Not Buy,Critical Risk
12462,Spain,1,594.11,242,0.5792712,0.4207288,Bought,High Risk
12463,Belgium,3,877.79,114,0.63138354,0.36861643,Bought,High Risk
12464,Belgium,6,615.55,45,0.30579042,0.6942096,Bought,Medium Risk
12465,Belgium,1,410.94,108,0.6275487,0.3724513,Bought,High Risk
12467,USA,1,132.8,362,0.95038486,0.049615156,Did Not Buy,Critical Risk
12468,Germany,5,3238.74,127,0.6419054,0.3580946,Did Not Buy,High Risk
12469,Thailand,2,3070.54,462,0.9137573,0.08624265,Did Not Buy,Critical Risk
12470,Unspecified,1,211.95,629,0.9525033,0.0474967,Did Not Buy,Critical Risk
12471,Germany,64,30113.39,5,0.004904866,0.99509513,Bought,Low Risk
12472,Germany,17,13452.78,78,0.030961812,0.9690382,Bought,Low Risk
12473,Germany,2,1013.75,54,0.1883322,0.8116678,Bought,Low Risk
12474,Germany,24,8600.72,38,0.04644829,0.9535517,Bought,Low Risk
12475,Germany,1,396.26,349,0.61444896,0.38555104,Bought,High Risk
12476,Germany,14,9570.76,24,0.0645625,0.9354375,Bought,Low Risk
12477,Germany,7,16949.9,3,0.3442105,0.6557895,Bought,Medium Risk
12480,Germany,6,3842.17,82,0.26406258,0.7359374,Bought,Medium Risk
12481,Germany,13,10864.71,5,0.016679943,0.98332006,Bought,Low Risk
12482,Sweden,27,21941.72,515,0.9847859,0.015214083,Did Not Buy,Critical Risk
12483,Sweden,17,3448.26,38,0.10082054,0.89917946,Bought,Low Risk
12484,Spain,8,4828.43,42,0.28174776,0.71825224,Bought,Medium Risk
12485,Sweden,1,708.1,468,0.9429714,0.057028584,Did Not Buy,Critical Risk
12486,Sweden,1,917.28,371,0.969007,0.030993015,Did Not Buy,Critical Risk
12487,Sweden,1,285.29999999999995,670,0.9692757,0.030724296,Did Not Buy,Critical Risk
12488,France,1,553.39,15,0.3364703,0.6635297,Bought,Medium Risk
12489,France,1,298.93,275,0.9085214,0.091478616,Did Not Buy,Critical Risk
12490,France,16,7115.3,32,0.031607628,0.9683924,Bought,Low Risk
12492,Germany,3,607.21,2,0.8783017,0.121698335,Did Not Buy,Critical Risk
12493,France,2,379.74,105,0.7944561,0.20554385,Did Not Buy,Critical Risk
12494,France,7,1240.03,101,0.32134193,0.67865807,Bought,Medium Risk
12495,Sweden,1,277.4,580,0.9713843,0.028615708,Did Not Buy,Critical Risk
12496,Spain,2,45.34,559,0.98106164,0.018938385,Did Not Buy,Critical Risk
12497,Germany,3,5996.5,21,0.93160576,0.06839422,Did Not Buy,Critical Risk
12499,Germany,1,357.72,499,0.8768751,0.123124905,Did Not Buy,Critical Risk
12500,Germany,14,3261.48,4,0.16541451,0.8345855,Bought,Low Risk
12501,Germany,1,2025.39,276,0.7802371,0.21976289,Did Not Buy,Critical Risk
12502,Spain,5,2995.87,35,0.36277872,0.6372213,Did Not Buy,Medium Risk
12503,Spain,1,896.0,523,0.9215616,0.078438394,Did Not Buy,Critical Risk
12504,Germany,2,261.0,356,0.38037848,0.6196215,Bought,Medium Risk
12505,Italy,1,787.2,348,0.92804384,0.07195615,Did Not Buy,Critical Risk
12506,France,1,73.5,172,0.92809385,0.07190614,Did Not Buy,Critical Risk
12507,Spain,4,1508.06,73,0.75986266,0.24013731,Did Not Buy,Critical Risk
12509,France,1,158.5,223,0.93055224,0.069447756,Did Not Buy,Critical Risk
12510,Spain,7,3039.03,82,0.49321002,0.50679,Did Not Buy,Medium Risk
12511,Greece,1,3084.02,368,0.8808506,0.119149394,Did Not Buy,Critical Risk
12512,Israel,2,132.18,5,0.8520571,0.1479429,Did Not Buy,Critical Risk
12513,France,1,558.29,52,0.3978033,0.6021967,Did Not Buy,Medium Risk
12514,Italy,2,1597.76,206,0.8903989,0.10960106,Did Not Buy,Critical Risk
12515,Italy,1,278.7,292,0.9368595,0.0631405,Did Not Buy,Critical Risk
12516,Germany,4,2288.62,17,0.91870296,0.08129702,Did Not Buy,Critical Risk
12517,Germany,3,1812.65,13,0.12645656,0.87354344,Bought,Low Risk
12518,Germany,2,759.73,16,0.1509524,0.8490476,Bought,Low Risk
12519,Germany,2,626.54,3,0.88806844,0.11193158,Did Not Buy,Critical Risk
12520,Germany,5,2346.2599999999998,18,0.33117968,0.6688203,Did Not Buy,Medium Risk
12521,Germany,1,545.68,82,0.51478493,0.4852151,Did Not Buy,High Risk
12523,France,21,3519.71,3,0.015961766,0.98403823,Bought,Low Risk
12524,Germany,16,9522.31,3,0.02610588,0.9738941,Bought,Low Risk
12525,France,3,883.73,437,0.925089,0.074910976,Did Not Buy,Critical Risk
12526,Germany,1,484.3,33,0.29255617,0.70744383,Bought,Medium Risk
12527,Germany,5,717.51,21,0.8713169,0.12868306,Did Not Buy,Critical Risk
12528,Germany,5,1327.88,3,0.17414653,0.82585347,Bought,Low Risk
12529,France,1,316.48,467,0.9260959,0.07390408,Did Not Buy,Critical Risk
12530,Germany,8,2976.63,63,0.16604078,0.8339592,Bought,Low Risk
12531,Germany,1,1645.98,625,0.7574158,0.2425842,Bought,Critical Risk
12533,Germany,2,1223.89,567,0.9494831,0.05051692,Did Not Buy,Critical Risk
12534,Germany,1,981.18,70,0.4096483,0.5903517,Did Not Buy,Medium Risk
12535,France,2,716.35,31,0.70880044,0.29119954,Did Not Buy,High Risk
12537,Sweden,1,612.94,348,0.87865096,0.121349044,Did Not Buy,Critical Risk
12538,Spain,1,276.5,317,0.630135,0.369865,Bought,High Risk
12539,Spain,6,10136.09,201,0.21380574,0.78619426,Bought,Low Risk
12540,Spain,29,17021.04,3,0.0024805665,0.99751943,Bought,Low Risk
12541,Spain,2,480.14,112,0.26238054,0.73761946,Bought,Medium Risk
12542,Spain,2,481.88,423,0.91041654,0.08958346,Did Not Buy,Critical Risk
12543,Spain,1,840.25,387,0.84481806,0.15518196,Did Not Buy,Critical Risk
12545,Spain,2,832.39,14,0.76995385,0.23004615,Did Not Buy,Critical Risk
12546,Spain,1,676.2,17,0.24516112,0.7548389,Bought,Low Risk
12547,Spain,3,299.58,137,0.8544967,0.14550331,Did Not Buy,Critical Risk
12548,Spain,1,67.19999999999999,105,0.7567397,0.24326034,Did Not Buy,Critical Risk
12549,USA,5,1570.68,515,0.95247597,0.04752405,Did Not Buy,Critical Risk
12550,Spain,1,824.83,18,0.52811223,0.47188777,Did Not Buy,High Risk
12551,Spain,1,168.0,297,0.74222356,0.25777644,Did Not Buy,High Risk
12553,France,9,2940.06,49,0.15143794,0.84856206,Bought,Low Risk
12554,Spain,1,384.5,388,0.7896451,0.21035495,Did Not Buy,Critical Risk
12556,Spain,1,308.75,90,0.39434862,0.6056514,Bought,Medium Risk
12557,Spain,7,15106.14,97,0.3371057,0.6628943,Bought,Medium Risk
12559,Germany,2,525.71,250,0.8475532,0.1524468,Did Not Buy,Critical Risk
12560,Germany,1,1292.31,82,0.28466284,0.71533716,Bought,Medium Risk
12561,Germany,1,238.85,242,0.65519774,0.34480223,Did Not Buy,High Risk
12562,France,6,2819.05,21,0.14192194,0.85807806,Bought,Low Risk
12563,Italy,1,221.24,348,0.9278038,0.07219618,Did Not Buy,Critical Risk
12564,France,1,402.9,200,0.92662764,0.07337234,Did Not Buy,Critical Risk
12565,Saudi Arabia,1,145.92,228,0.94041044,0.059589583,Did Not Buy,Critical Risk
12566,Germany,1,297.65,25,0.5603413,0.4396587,Did Not Buy,High Risk
12567,France,14,9298.18,35,0.04849273,0.9515073,Bought,Low Risk
12568,Germany,1,52.0,584,0.99269754,0.0073024803,Did Not Buy,Critical Risk
12569,Germany,17,1989.48,3,0.15505934,0.84494066,Bought,Low Risk
12571,France,1,248.35,61,0.52964586,0.47035414,Bought,High Risk
12573,France,5,717.41,166,0.3633173,0.6366827,Did Not Buy,Medium Risk
12574,France,1,182.45000000000002,255,0.937109,0.06289099,Did Not Buy,Critical Risk
12575,France,2,568.8199999999999,396,0.88741124,0.11258873,Did Not Buy,Critical Risk
12576,Poland,7,1683.44,35,0.2221728,0.7778272,Bought,Low Risk
12577,France,6,1186.3899999999999,298,0.18642986,0.81357014,Bought,Low Risk
12578,Italy,3,3036.6,269,0.39221823,0.60778177,Bought,Medium Risk
12579,France,1,386.42,17,0.5008655,0.49913448,Did Not Buy,High Risk
12580,Germany,2,962.9,186,0.94448996,0.05551005,Did Not Buy,Critical Risk
12582,Finland,4,1820.4,178,0.8477298,0.15227023,Did Not Buy,Critical Risk
12583,France,23,10474.44,9,0.0016371608,0.99836284,Bought,Low Risk
12584,Italy,5,978.3900000000001,19,0.101364195,0.8986358,Bought,Low Risk
12585,Germany,2,1824.1,173,0.8531373,0.14686267,Did Not Buy,Critical Risk
12586,Italy,3,1865.73,314,0.5986477,0.4013523,Bought,High Risk
12588,Finland,2,543.88,339,0.48039567,0.5196043,Bought,Medium Risk
12589,France,5,2833.73,84,0.28972346,0.71027654,Bought,Medium Risk
12590,Germany,1,9341.26,150,0.8762926,0.12370739,Did Not Buy,Critical Risk
12591,Italy,3,1114.95,256,0.68021166,0.3197883,Did Not Buy,High Risk
12592,Germany,4,1723.6399999999999,31,0.76123667,0.23876332,Did Not Buy,Critical Risk
12593,France,3,382.09999999999997,48,0.6676938,0.3323062,Did Not Buy,High Risk
12594,Italy,12,4081.79,60,0.2207768,0.7792232,Bought,Low Risk
12595,Germany,1,281.02,444,0.9088757,0.09112431,Did Not Buy,Critical Risk
12596,Spain,1,213.95,181,0.36491454,0.63508546,Bought,Medium Risk
12597,Spain,2,1120.81,122,0.3783077,0.6216923,Bought,Medium Risk
12598,France,7,3133.15,10,0.117319286,0.8826807,Bought,Low Risk
12599,France,12,1869.18,66,0.19632304,0.80367696,Bought,Low Risk
12600,Germany,19,4060.2700000000004,23,0.049672008,0.950328,Bought,Low Risk
12601,Germany,6,573.26,129,0.73429775,0.26570225,Did Not Buy,High Risk
12604,France,2,236.18,18,0.9368391,0.06316087,Did Not Buy,Critical Risk
12605,Germany,3,1124.95,315,0.8027744,0.19722557,Did Not Buy,Critical Risk
12608,United Kingdom,1,415.79,344,0.87302905,0.12697093,Did Not Buy,Critical Risk
12609,Germany,9,3021.86,17,0.5363928,0.46360716,Did Not Buy,High Risk
12610,Italy,2,1104.25,45,0.13399506,0.86600494,Bought,Low Risk
12612,Germany,1,668.0400000000001,13,0.75483286,0.24516715,Did Not Buy,Critical Risk
12613,Germany,8,4521.51,137,0.20930427,0.7906957,Bought,Low Risk
12614,Germany,1,315.6,217,0.871791,0.12820898,Did Not Buy,Critical Risk
12615,France,6,4373.18,11,0.22128451,0.7787155,Bought,Low Risk
12616,France,3,1023.1,34,0.824453,0.17554699,Did Not Buy,Critical Risk
12619,Germany,7,2294.84,17,0.22260058,0.7773994,Bought,Low Risk
12620,France,2,939.3199999999999,20,0.20775115,0.79224885,Bought,Low Risk
12621,Germany,32,19866.170000000002,20,0.0043959618,0.99560404,Bought,Low Risk
12622,Germany,1,162.1,171,0.83144754,0.16855246,Did Not Buy,Critical Risk
12623,Germany,7,3315.84,215,0.6539799,0.34602013,Did Not Buy,High Risk
12624,France,2,569.13,45,0.4880976,0.5119024,Did Not Buy,Medium Risk
12625,Germany,4,4678.88,151,0.7772476,0.2227524,Did Not Buy,Critical Risk
12626,Germany,7,5539.55,3,0.0688951,0.9311049,Bought,Low Risk
12627,Germany,5,3569.55,3,0.091992795,0.9080072,Bought,Low Risk
12628,Germany,1,315.64,4,0.34730566,0.65269434,Bought,Medium Risk
12629,Sweden,2,1198.22,325,0.85323155,0.14676845,Did Not Buy,Critical Risk
12631,Finland,5,2841.07,395,0.45740056,0.54259944,Bought,Medium Risk
12632,Germany,2,714.88,460,0.9171324,0.08286764,Did Not Buy,Critical Risk
12633,Germany,6,4958.93,69,0.2965092,0.7034908,Bought,Medium Risk
12634,USA,1,360.0,487,0.9799779,0.020022083,Did Not Buy,Critical Risk
12635,Germany,4,2624.41,29,0.35135585,0.64864415,Did Not Buy,Medium Risk
12637,France,12,8085.8099999999995,6,0.6430759,0.35692412,Did Not Buy,High Risk
12638,Sweden,1,169.8,579,0.7180832,0.2819168,Bought,High Risk
12639,Sweden,3,1072.37,178,0.91546917,0.084530845,Did Not Buy,Critical Risk
12640,France,1,674.59,21,0.45785207,0.54214793,Bought,Medium Risk
12641,Sweden,1,145.9,54,0.76318055,0.23681945,Did Not Buy,Critical Risk
12642,Germany,1,330.45,47,0.28928256,0.71071744,Bought,Medium Risk
12643,France,11,7803.82,67,0.81797403,0.18202598,Did Not Buy,Critical Risk
12644,Germany,4,1900.49,69,0.8153688,0.1846312,Did Not Buy,Critical Risk
12645,Germany,7,2804.98,49,0.5762322,0.42376783,Bought,High Risk
12647,Germany,34,13878.4,17,0.015524805,0.9844752,Bought,Low Risk
12648,Germany,4,1039.0,94,0.8366192,0.16338082,Did Not Buy,Critical Risk
12649,Germany,8,2096.65,46,0.6211753,0.37882474,Did Not Buy,High Risk
12651,France,4,377.75,274,0.86830366,0.13169633,Did Not Buy,Critical Risk
12652,Germany,2,891.03,270,0.8615492,0.13845082,Did Not Buy,Critical Risk
12653,Israel,3,4160.83,88,0.86397004,0.13602999,Did Not Buy,Critical Risk
12654,Germany,3,301.75,137,0.4496783,0.5503217,Bought,Medium Risk
12655,France,1,243.35000000000002,363,0.8773047,0.12269531,Did Not Buy,Critical Risk
12656,France,7,5210.08,12,0.049993277,0.9500067,Bought,Low Risk
12657,France,1,546.44,18,0.402556,0.597444,Bought,Medium Risk
12661,Sweden,1,162.0,375,0.95888406,0.041115962,Did Not Buy,Critical Risk
12662,Germany,16,5024.42,46,0.07759553,0.92240447,Bought,Low Risk
12663,Germany,2,185.4,564,0.9331308,0.06686922,Did Not Buy,Critical Risk
12664,Finland,7,3335.2400000000002,5,0.3057354,0.6942646,Bought,Medium Risk
12665,Germany,3,259.6,264,0.6690848,0.33091518,Did Not Buy,High Risk
12666,Israel,1,1248.42,333,0.9321882,0.067811795,Did Not Buy,Critical Risk
12668,Germany,8,9167.35,198,0.15246642,0.8475336,Bought,Low Risk
12669,France,2,1427.73,90,0.5427454,0.4572546,Did Not Buy,High Risk
12670,France,5,2182.71,38,0.23621047,0.76378953,Bought,Low Risk
12671,Germany,1,2622.48,545,0.97563326,0.024366727,Did Not Buy,Critical Risk
12672,France,2,407.05,269,0.901757,0.098243,Did Not Buy,Critical Risk
12673,Germany,2,786.4,266,0.57536966,0.42463034,Bought,High Risk
12674,France,3,1312.0,31,0.17392975,0.82607025,Bought,Low Risk
12675,Italy,2,873.25,493,0.93141484,0.068585165,Did Not Buy,Critical Risk
12676,Sweden,9,2191.43,10,0.118864715,0.8811353,Bought,Low Risk
12677,France,2,359.1,494,0.94469285,0.05530716,Did Not Buy,Critical Risk
12678,France,13,24082.22,18,0.09167063,0.90832937,Bought,Low Risk
12679,France,3,874.7,27,0.7048609,0.29513904,Bought,High Risk
12680,France,3,541.36,12,0.15236616,0.84763384,Bought,Low Risk
12681,France,38,24238.34,17,0.0066671968,0.9933328,Bought,Low Risk
12682,France,43,17747.01,0,0.001824975,0.998175,Bought,Low Risk
12683,France,18,8789.32,32,0.040545106,0.9594549,Bought,Low Risk
12684,France,4,1471.24,3,0.111952186,0.8880478,Bought,Low Risk
12685,France,3,1667.02,14,0.049200118,0.9507999,Bought,Low Risk
12686,France,1,71.14,311,0.8943638,0.10563618,Did Not Buy,Critical Risk
12687,Sweden,1,1858.91,420,0.95089984,0.049100157,Did Not Buy,Critical Risk
12688,Israel,1,4873.8099999999995,53,0.81215274,0.18784726,Did Not Buy,Critical Risk
12689,France,1,475.03,67,0.2100159,0.7899841,Bought,Low Risk
12690,France,1,335.01,145,0.9159421,0.08405794,Did Not Buy,Critical Risk
12691,France,4,600.9,84,0.40420222,0.5957978,Bought,Medium Risk
12692,France,1,110.95,576,0.98449767,0.015502337,Did Not Buy,Critical Risk
12693,Germany,7,1415.02,66,0.44067508,0.5593249,Did Not Buy,Medium Risk
12694,France,3,1663.35,9,0.8942368,0.1057632,Did Not Buy,Critical Risk
12695,France,6,1286.02,5,0.1960293,0.8039707,Bought,Low Risk
12696,Finland,2,731.91,374,0.9515831,0.04841693,Did Not Buy,Critical Risk
12697,Sweden,2,573.91,70,0.41236162,0.5876384,Bought,Medium Risk
12698,Germany,1,285.75,529,0.9221215,0.0778785,Did Not Buy,Critical Risk
12699,Germany,1,566.11,357,0.64372796,0.35627204,Did Not Buy,High Risk
12700,France,3,3337.24,5,0.31335807,0.68664193,Bought,Medium Risk
12701,Germany,6,2248.41,19,0.80669194,0.19330806,Did Not Buy,Critical Risk
12703,Germany,4,898.53,10,0.9079417,0.0920583,Did Not Buy,Critical Risk
12704,Finland,4,1066.47,17,0.11559749,0.8844025,Bought,Low Risk
12705,Germany,10,9412.95,16,0.07834846,0.92165154,Bought,Low Risk
12707,France,1,603.42,231,0.87658376,0.123416245,Did Not Buy,Critical Risk
12708,Germany,16,4281.89,11,0.030546427,0.9694536,Bought,Low Risk
12709,Germany,29,27842.28,10,0.0071104765,0.9928895,Bought,Low Risk
12710,Germany,3,1023.02,36,0.15028304,0.84971696,Did Not Buy,Low Risk
12711,Germany,2,1213.05,551,0.9567807,0.043219306,Did Not Buy,Critical Risk
12712,Germany,19,5555.9800000000005,46,0.124415815,0.8755842,Bought,Low Risk
12714,France,11,11586.55,46,0.0074451566,0.99255484,Bought,Low Risk
12715,Sweden,1,263.36,45,0.5992157,0.4007843,Did Not Buy,High Risk
12716,France,1,623.9,72,0.37473089,0.6252691,Bought,Medium Risk
12717,Greece,3,1058.91,90,0.8428874,0.15711263,Did Not Buy,Critical Risk
12718,France,1,202.25,10,0.75581557,0.24418442,Did Not Buy,Critical Risk
12719,France,1,247.60000000000002,4,0.3603319,0.6396681,Bought,Medium Risk
12720,Germany,23,5635.65,5,0.023673296,0.9763267,Bought,Low Risk
12721,France,7,3074.7599999999998,19,0.10413754,0.89586246,Bought,Low Risk
12722,France,4,979.63,24,0.7046741,0.29532588,Did Not Buy,High Risk
12723,France,2,299.40999999999997,4,0.10014236,0.89985764,Bought,Low Risk
12724,France,6,1893.28,21,0.2083,0.7917,Bought,Low Risk
12725,Italy,3,1906.76,310,0.6631397,0.33686033,Did Not Buy,High Risk
12726,France,10,2960.14,25,0.065752625,0.9342474,Bought,Low Risk
12727,France,9,4334.53,34,0.11648673,0.8835133,Bought,Low Risk
12728,France,5,926.17,10,0.8141719,0.18582807,Did Not Buy,Critical Risk
12729,France,1,417.01,53,0.6535721,0.3464279,Did Not Buy,High Risk
12730,Germany,1,703.25,461,0.39624816,0.60375184,Did Not Buy,Medium Risk
12731,France,15,21630.45,10,0.06530219,0.9346978,Bought,Low Risk
12732,France,1,218.26000000000002,119,0.7224891,0.27751088,Did Not Buy,High Risk
12733,USA,4,2424.02,173,0.8238416,0.17615846,Did Not Buy,Critical Risk
12734,France,3,603.65,292,0.8575316,0.1424684,Did Not Buy,Critical Risk
12735,France,2,689.5699999999999,254,0.8117539,0.18824607,Did Not Buy,Critical Risk
12736,France,1,144.0,272,0.890014,0.109986015,Did Not Buy,Critical Risk
12738,Germany,1,137.35,311,0.84068054,0.15931946,Did Not Buy,Critical Risk
12739,United Arab Emirates,2,2421.23,38,0.9432615,0.056738522,Did Not Buy,Critical Risk
12740,France,1,427.6,3,0.6787327,0.3212673,Did Not Buy,High Risk
12741,USA,1,236.07,472,0.9765113,0.023488712,Did Not Buy,Critical Risk
12742,United Arab Emirates,1,1201.52,565,0.92038333,0.07961665,Did Not Buy,Critical Risk
12743,Unspecified,2,540.13,73,0.6966989,0.30330113,Did Not Buy,High Risk
12744,Singapore,7,12158.9,84,0.090693414,0.9093066,Bought,Low Risk
12745,United Kingdom,2,723.85,426,0.9556966,0.044303387,Did Not Buy,Critical Risk
12746,United Kingdom,1,254.55,480,0.89931035,0.10068964,Did Not Buy,Critical Risk
12747,United Kingdom,24,8147.25,6,0.012159526,0.9878405,Bought,Low Risk
12748,United Kingdom,260,36972.41,1,0.0045476556,0.99545234,Bought,Low Risk
12749,United Kingdom,7,5561.71,70,0.30019236,0.69980764,Bought,Medium Risk
12750,Poland,1,275.88,68,0.77135384,0.22864614,Did Not Buy,Critical Risk
12751,Brazil,1,268.27,384,0.94563895,0.05436104,Did Not Buy,Critical Risk
12752,Norway,1,4366.78,20,0.86105514,0.13894486,Did Not Buy,Critical Risk
12753,Japan,5,16620.91,75,0.28938305,0.71061695,Bought,Medium Risk
12754,Japan,3,3010.74,175,0.62835073,0.3716493,Did Not Buy,High Risk
12755,Japan,11,5236.259999999999,220,0.82609266,0.17390735,Did Not Buy,Critical Risk
12756,Japan,1,112.07999999999998,26,0.81459355,0.18540648,Did Not Buy,Critical Risk
12757,Portugal,5,3387.5,3,0.10855895,0.89144105,Bought,Low Risk
12758,Portugal,7,9903.24,56,0.9371313,0.06286874,Did Not Buy,Critical Risk
12759,Netherlands,7,4214.82,111,0.20531231,0.7946877,Bought,Low Risk
12760,Netherlands,1,317.8,395,0.95809615,0.041903883,Did Not Buy,Critical Risk
12761,Netherlands,1,712.95,404,0.98109776,0.018902263,Did Not Buy,Critical Risk
12763,Japan,2,494.08,77,0.82189405,0.17810597,Did Not Buy,Critical Risk
12764,Lebanon,1,1693.88,256,0.9472931,0.052706912,Did Not Buy,Critical Risk
12765,Netherlands,6,1299.58,411,0.9394151,0.060584925,Did Not Buy,Critical Risk
12766,Portugal,7,6209.55,88,0.18861043,0.81138957,Bought,Low Risk
12767,Korea,1,949.82,315,0.89355916,0.10644086,Did Not Buy,Critical Risk
12768,Korea,1,168.69000000000003,390,0.9202477,0.07975233,Did Not Buy,Critical Risk
12769,Brazil,1,1143.6,178,0.9722738,0.027726151,Did Not Buy,Critical Risk
12770,Japan,2,3246.45,150,0.85605115,0.14394884,Did Not Buy,Critical Risk
12771,Portugal,1,226.3,425,0.97634614,0.023653854,Did Not Buy,Critical Risk
12773,Portugal,1,124.25,503,0.9729867,0.02701333,Did Not Buy,Critical Risk
12774,Netherlands,1,83.7,475,0.98704594,0.012954085,Did Not Buy,Critical Risk
12775,Netherlands,6,1344.76,129,0.18533695,0.81466305,Bought,Low Risk
12776,Portugal,1,27.5,607,0.995783,0.0042170575,Did Not Buy,Critical Risk
12777,United Kingdom,1,519.45,397,0.85903466,0.14096531,Did Not Buy,Critical Risk
12778,Netherlands,8,1437.44,2,0.72880805,0.27119192,Bought,High Risk
12779,Poland,13,5492.16,129,0.14029664,0.85970336,Bought,Low Risk
12780,Netherlands,1,322.4,538,0.979972,0.020028008,Did Not Buy,Critical Risk
12781,Czech Republic,2,786.74,3,0.90376735,0.096232645,Did Not Buy,Critical Risk
12782,Portugal,10,3637.9900000000002,89,0.13907027,0.8609297,Bought,Low Risk
12783,Portugal,1,283.02,14,0.417809,0.582191,Bought,Medium Risk
12784,Portugal,1,1034.33,468,0.5531858,0.4468142,Bought,High Risk
12785,Portugal,3,904.4,303,0.92092985,0.07907016,Did Not Buy,Critical Risk
12786,Netherlands,1,668.5,549,0.9445715,0.05542853,Did Not Buy,Critical Risk
12787,Netherlands,3,695.18,31,0.31984663,0.68015337,Bought,Medium Risk
12788,Netherlands,4,384.9,402,0.9922701,0.007729885,Did Not Buy,Critical Risk
12789,Netherlands,3,225.35,4,0.9032162,0.0967838,Did Not Buy,Critical Risk
12790,Netherlands,2,546.85,131,0.7961032,0.2038968,Did Not Buy,Critical Risk
12791,Netherlands,5,656.83,313,0.83939916,0.16060083,Did Not Buy,Critical Risk
12792,Portugal,2,715.01,196,0.89278966,0.10721036,Did Not Buy,Critical Risk
12793,Portugal,3,745.53,274,0.8816053,0.11839466,Did Not Buy,Critical Risk
12794,Portugal,1,317.0,38,0.45703232,0.5429677,Bought,Medium Risk
12796,Netherlands,1,351.0,567,0.983525,0.016475035,Did Not Buy,Critical Risk
12797,Portugal,2,468.08000000000004,305,0.9051261,0.09487392,Did Not Buy,Critical Risk
12798,Japan,2,3140.93,110,0.30241275,0.69758725,Bought,Medium Risk
12799,Japan,1,219.35,468,0.9742827,0.02571732,Did Not Buy,Critical Risk
12800,Portugal,2,500.25,409,0.9631458,0.03685423,Did Not Buy,Critical Risk
12801,Sweden,1,871.82,440,0.98637605,0.01362393,Did Not Buy,Critical Risk
12802,Netherlands,5,2186.42,126,0.7510673,0.2489327,Did Not Buy,Critical Risk
12803,Netherlands,1,1017.81,332,0.81710076,0.18289922,Did Not Buy,Critical Risk
12804,Netherlands,2,325.37,405,0.9784304,0.021569638,Did Not Buy,Critical Risk
12805,Netherlands,4,1230.95,321,0.8562933,0.14370665,Did Not Buy,Critical Risk
12806,Netherlands,2,2558.96,511,0.9467197,0.05328028,Did Not Buy,Critical Risk
12807,Sweden,1,250.35,322,0.91689736,0.08310263,Did Not Buy,Critical Risk
12808,Portugal,4,546.4,124,0.5474099,0.45259014,Bought,High Risk
12809,Portugal,3,1384.3400000000001,117,0.8807047,0.11929529,Did Not Buy,Critical Risk
12810,Japan,2,534.99,474,0.8984885,0.101511486,Did Not Buy,Critical Risk
12811,Portugal,4,893.9,201,0.898625,0.101375006,Did Not Buy,Critical Risk
12813,Netherlands,3,1621.8,441,0.9275094,0.072490565,Did Not Buy,Critical Risk
12814,Poland,1,85.92,41,0.9697309,0.03026911,Did Not Buy,Critical Risk
12815,Poland,2,863.46,87,0.8449169,0.15508312,Did Not Buy,Critical Risk
12816,Poland,2,452.20000000000005,35,0.6374228,0.3625772,Did Not Buy,High Risk
12817,Austria,3,570.98,220,0.87797,0.122030035,Did Not Buy,Critical Risk
12818,Austria,1,1182.0800000000002,201,0.8829792,0.117020786,Did Not Buy,Critical Risk
12819,United Kingdom,1,540.52,397,0.84715486,0.15284514,Did Not Buy,Critical Risk
12820,United Kingdom,9,2135.41,14,0.27612638,0.7238736,Bought,Medium Risk
12821,United Kingdom,2,220.8,153,0.9294801,0.07051991,Did Not Buy,Critical Risk
12822,United Kingdom,2,948.88,10,0.6512141,0.3487859,Did Not Buy,High Risk
12823,United Kingdom,18,6501.5,14,0.79906386,0.20093612,Did Not Buy,Critical Risk
12825,United Kingdom,2,518.63,460,0.9242932,0.07570676,Did Not Buy,Critical Risk
12826,United Kingdom,10,2378.65,11,0.1633575,0.8366425,Bought,Low Risk
12828,United Kingdom,4,661.3100000000001,5,0.17585588,0.8241441,Bought,Low Risk
12829,United Kingdom,3,385.3,276,0.86978644,0.13021354,Did Not Buy,Critical Risk
12830,United Kingdom,5,6414.32,30,0.1307267,0.8692733,Bought,Low Risk
12831,United Kingdom,3,451.11,201,0.839622,0.16037801,Did Not Buy,Critical Risk
12832,United Kingdom,1,267.8,37,0.4693095,0.5306905,Bought,Medium Risk
12833,United Kingdom,1,417.38,84,0.65336555,0.34663445,Did Not Buy,High Risk
12834,United Kingdom,1,312.38,222,0.8760604,0.12393959,Did Not Buy,Critical Risk
12835,United Kingdom,41,5996.83,367,0.981363,0.018637013,Did Not Buy,Critical Risk
12836,United Kingdom,14,6061.9,76,0.24904466,0.75095534,Bought,Low Risk
12837,United Kingdom,2,662.66,112,0.8387487,0.16125134,Did Not Buy,Critical Risk
12838,United Kingdom,9,2694.75,313,0.60894763,0.3910524,Bought,High Risk
12839,United Kingdom,22,7453.75,11,0.0045744777,0.9954255,Bought,Low Risk
12840,United Kingdom,7,4041.97,83,0.71001905,0.28998095,Did Not Buy,High Risk
12841,United Kingdom,34,6204.01,5,0.04972917,0.95027083,Bought,Low Risk
12842,United Kingdom,4,1917.99,9,0.9068411,0.093158886,Did Not Buy,Critical Risk
12843,United Kingdom,28,6461.87,5,0.7427528,0.25724724,Did Not Buy,High Risk
12844,United Kingdom,3,497.52,69,0.35500002,0.645,Bought,Medium Risk
12845,United Kingdom,4,354.09,206,0.90417415,0.095825836,Did Not Buy,Critical Risk
12847,United Kingdom,1,765.36,327,0.69510317,0.3048968,Bought,High Risk
12848,United Kingdom,1,208.0,615,0.979347,0.02065298,Did Not Buy,Critical Risk
12849,United Kingdom,5,2674.54,208,0.5443457,0.45565432,Bought,High Risk
12850,United Kingdom,1,330.0,385,0.9364473,0.0635527,Did Not Buy,Critical Risk
12851,United Kingdom,2,280.76,36,0.90198416,0.09801584,Did Not Buy,Critical Risk
12852,United Kingdom,1,311.55,234,0.88156295,0.118437044,Did Not Buy,Critical Risk
12853,United Kingdom,11,3907.5,74,0.70314837,0.2968516,Did Not Buy,High Risk
12854,United Kingdom,7,2970.9700000000003,18,0.7162007,0.28379932,Did Not Buy,High Risk
12855,United Kingdom,4,612.84,312,0.7177241,0.2822759,Did Not Buy,High Risk
12856,United Kingdom,1,392.49,3,0.31797618,0.6820238,Bought,Medium Risk
12857,United Kingdom,6,3688.0,150,0.60900897,0.39099103,Did Not Buy,High Risk
12858,United Kingdom,1,147.27,322,0.8666667,0.13333334,Did Not Buy,Critical Risk
12859,United Kingdom,1,575.1,398,0.86733264,0.13266735,Did Not Buy,Critical Risk
12860,United Kingdom,1,54.22,632,0.9844134,0.015586611,Did Not Buy,Critical Risk
12861,United Kingdom,1,68.25,559,0.9603923,0.039607722,Did Not Buy,Critical Risk
12862,United Kingdom,2,984.62,365,0.8844626,0.11553739,Did Not Buy,Critical Risk
12863,United Kingdom,5,2271.35,318,0.86062825,0.13937178,Bought,Critical Risk
12864,United Kingdom,2,299.57,77,0.850015,0.149985,Did Not Buy,Critical Risk
12865,Austria,3,2736.62,63,0.27767658,0.7223234,Bought,Medium Risk
12866,Belgium,3,1092.35,222,0.8857073,0.11429269,Did Not Buy,Critical Risk
12867,United Kingdom,12,6835.88,35,0.011119127,0.9888809,Bought,Low Risk
12868,United Kingdom,8,2043.76,125,0.28609252,0.7139075,Did Not Buy,Medium Risk
12869,United Kingdom,1,337.66999999999996,621,0.9652307,0.03476927,Did Not Buy,Critical Risk
12870,United Kingdom,3,1676.95,314,0.84480965,0.15519032,Did Not Buy,Critical Risk
12871,United Kingdom,3,744.02,23,0.7498327,0.2501673,Did Not Buy,High Risk
12872,United Kingdom,12,3283.96,266,0.4443547,0.5556453,Did Not Buy,Medium Risk
12873,United Kingdom,3,2027.3,221,0.9411224,0.058877617,Did Not Buy,Critical Risk
12874,Belgium,2,873.42,324,0.7125839,0.2874161,Did Not Buy,High Risk
12875,United Kingdom,5,1356.99,82,0.93207914,0.06792087,Did Not Buy,Critical Risk
12876,Belgium,3,2365.2000000000003,135,0.5647197,0.43528035,Bought,High Risk
12877,United Kingdom,18,2566.7400000000002,17,0.19178706,0.80821294,Bought,Low Risk
12878,United Kingdom,2,854.99,175,0.9054028,0.09459722,Did Not Buy,Critical Risk
12879,United Kingdom,2,507.7,20,0.26124913,0.7387509,Bought,Medium Risk
12880,United Kingdom,2,640.13,321,0.6711252,0.32887486,Did Not Buy,High Risk
12881,United Kingdom,1,298.0,215,0.95081204,0.04918796,Did Not Buy,Critical Risk
12883,United Kingdom,1,291.63,28,0.30691785,0.69308215,Bought,Medium Risk
12884,United Kingdom,1,309.05,27,0.8332447,0.16675532,Did Not Buy,Critical Risk
12885,United Kingdom,3,1175.22,2,0.55475545,0.44524452,Did Not Buy,High Risk
12886,United Kingdom,2,1378.4,7,0.67764276,0.32235724,Did Not Buy,High Risk
12887,United Kingdom,1,222.4,323,0.73602337,0.26397663,Did Not Buy,High Risk
12888,United Kingdom,2,354.12,153,0.94094414,0.059055872,Did Not Buy,Critical Risk
12889,United Kingdom,4,385.46000000000004,320,0.9047394,0.0952606,Did Not Buy,Critical Risk
12890,United Kingdom,1,329.3,326,0.64758074,0.35241923,Bought,High Risk
12891,United Kingdom,11,840.5,125,0.7693873,0.23061268,Did Not Buy,Critical Risk
12892,United Kingdom,1,263.38,336,0.7861136,0.21388635,Did Not Buy,Critical Risk
12894,United Kingdom,1,157.35,514,0.9788515,0.021148505,Did Not Buy,Critical Risk
12895,United Kingdom,1,267.8,26,0.41050285,0.58949715,Bought,Medium Risk
12897,United Kingdom,4,514.25,144,0.7416648,0.25833517,Did Not Buy,High Risk
12898,United Kingdom,2,296.21000000000004,403,0.9552472,0.04475276,Did Not Buy,Critical Risk
12899,United Kingdom,1,366.4,353,0.9344515,0.06554849,Did Not Buy,Critical Risk
12900,United Kingdom,1,340.33,361,0.9180064,0.08199357,Did Not Buy,Critical Risk
12901,United Kingdom,20,13159.27,20,0.045737326,0.9542627,Bought,Low Risk
12902,United Kingdom,1,138.68,204,0.8956016,0.10439841,Did Not Buy,Critical Risk
12903,United Kingdom,1,833.53,368,0.8818995,0.11810052,Did Not Buy,Critical Risk
12904,United Kingdom,1,244.69,111,0.6741452,0.3258548,Bought,High Risk
12905,United Kingdom,2,1018.42,516,0.9126879,0.08731212,Did Not Buy,Critical Risk
12906,United Kingdom,2,1936.5900000000001,17,0.6574296,0.34257042,Bought,High Risk
12907,United Kingdom,2,508.91,335,0.86679107,0.13320895,Did Not Buy,Critical Risk
12908,United Kingdom,5,1776.0,115,0.93068707,0.06931294,Did Not Buy,Critical Risk
12909,United Kingdom,7,2781.87,27,0.16763794,0.83236206,Bought,Low Risk
12910,United Kingdom,11,5338.06,3,0.08288175,0.91711825,Bought,Low Risk
12911,United Kingdom,1,1651.72,491,0.95514596,0.04485403,Did Not Buy,Critical Risk
12913,United Kingdom,11,4666.0,222,0.7957792,0.2042208,Bought,Critical Risk
12914,United Kingdom,1,223.98,340,0.81336045,0.18663953,Did Not Buy,Critical Risk
12915,United Kingdom,4,975.1,88,0.73890173,0.26109827,Did Not Buy,High Risk
12916,United Kingdom,7,4479.73,78,0.7629033,0.23709674,Did Not Buy,Critical Risk
12917,United Kingdom,6,4359.2,67,0.45807594,0.54192406,Did Not Buy,Medium Risk
12919,United Kingdom,3,441.65,56,0.34713423,0.65286577,Bought,Medium Risk
12920,United Kingdom,3,323.86,510,0.7293393,0.2706607,Bought,High Risk
12921,United Kingdom,64,30042.13,23,0.004754722,0.9952453,Bought,Low Risk
12922,United Kingdom,1,405.38,100,0.6874911,0.31250888,Did Not Buy,High Risk
12923,United Kingdom,3,769.17,3,0.9131125,0.08688751,Did Not Buy,Critical Risk
12924,United Kingdom,12,2461.45,27,0.69119966,0.30880034,Did Not Buy,High Risk
12925,United Kingdom,2,403.59,14,0.5644752,0.43552482,Bought,High Risk
12926,United Kingdom,4,1523.59,350,0.86806744,0.13193256,Did Not Buy,Critical Risk
12927,United Kingdom,1,197.31,334,0.7698647,0.23013534,Did Not Buy,Critical Risk
12928,United Kingdom,10,3378.33,87,0.18541253,0.8145875,Bought,Low Risk
12929,United Kingdom,1,117.85,251,0.90158474,0.09841524,Did Not Buy,Critical Risk
12930,United Kingdom,2,415.8,17,0.6439885,0.35601148,Did Not Buy,High Risk
12931,United Kingdom,54,84731.44,6,0.0045625567,0.99543744,Bought,Low Risk
12932,United Kingdom,8,1698.56,478,0.92304075,0.07695926,Did Not Buy,Critical Risk
12933,United Kingdom,7,1386.59,110,0.27638727,0.7236127,Bought,Medium Risk
12934,United Kingdom,1,181.65,676,0.9869397,0.013060277,Did Not Buy,Critical Risk
12935,United Kingdom,12,3618.5,49,0.07264483,0.9273552,Bought,Low Risk
12936,United Kingdom,1,798.46,17,0.43784344,0.56215656,Bought,Medium Risk
12937,United Kingdom,8,2419.78,10,0.109119534,0.89088047,Bought,Low Risk
12939,United Kingdom,20,25264.8,3,0.8515664,0.14843363,Did Not Buy,Critical Risk
12940,United Kingdom,1,361.27,27,0.58458066,0.41541937,Bought,High Risk
12941,United Kingdom,1,377.49,663,0.9625598,0.037440185,Did Not Buy,Critical Risk
12942,United Kingdom,3,675.6,70,0.6958524,0.30414763,Did Not Buy,High Risk
12943,United Kingdom,2,496.5,497,0.8911637,0.10883629,Did Not Buy,Critical Risk
12944,United Kingdom,1,286.95,294,0.7973794,0.20262064,Bought,Critical Risk
12945,United Kingdom,2,900.11,227,0.91019845,0.089801535,Did Not Buy,Critical Risk
12946,United Kingdom,1,324.45,376,0.8769301,0.12306989,Did Not Buy,Critical Risk
12947,United Kingdom,6,1603.99,83,0.3645122,0.6354878,Did Not Buy,Medium Risk
12948,United Kingdom,6,1676.44,44,0.25689453,0.7431055,Bought,Medium Risk
12949,United Kingdom,21,14808.9,53,0.0138680935,0.9861319,Bought,Low Risk
12951,United Kingdom,14,2901.4300000000003,113,0.26133507,0.7386649,Bought,Medium Risk
12952,United Kingdom,1,731.54,17,0.34211433,0.6578857,Bought,Medium Risk
12953,United Kingdom,1,498.96000000000004,461,0.69416153,0.30583847,Bought,High Risk
12954,United Kingdom,1,162.45,578,0.98935336,0.010646643,Did Not Buy,Critical Risk
12955,United Kingdom,6,1843.36,32,0.11949319,0.8805068,Bought,Low Risk
12956,United Kingdom,4,521.89,245,0.6640252,0.33597484,Did Not Buy,High Risk
12957,United Kingdom,11,7330.150000000001,11,0.08564854,0.91435146,Bought,Low Risk
12958,United Kingdom,2,467.34,339,0.77120876,0.22879127,Did Not Buy,Critical Risk
12959,United Kingdom,1,150.95,423,0.96991336,0.030086648,Did Not Buy,Critical Risk
12960,United Kingdom,4,1322.07,353,0.86885846,0.13114156,Did Not Buy,Critical Risk
12961,United Kingdom,1,211.99,318,0.80177534,0.19822466,Did Not Buy,Critical Risk
12962,United Kingdom,1,170.54000000000002,52,0.73683834,0.26316166,Bought,High Risk
12963,United Kingdom,6,1998.87,24,0.5171955,0.48280448,Bought,High Risk
12964,United Kingdom,1,132.24,376,0.9541541,0.045845952,Did Not Buy,Critical Risk
12965,United Kingdom,1,769.8100000000001,28,0.6702088,0.32979116,Did Not Buy,High Risk
12967,United Kingdom,3,2938.52,297,0.7115141,0.2884859,Did Not Buy,High Risk
12968,United Kingdom,1,135.95,51,0.7499983,0.25000173,Did Not Buy,High Risk
12969,United Kingdom,1,122.45,542,0.9638769,0.036123104,Did Not Buy,Critical Risk
12970,United Kingdom,8,1070.87,261,0.1816327,0.8183673,Bought,Low Risk
12971,United Kingdom,99,13502.73,5,0.0026539564,0.99734604,Bought,Low Risk
12972,United Kingdom,4,1161.2,353,0.855206,0.14479402,Did Not Buy,Critical Risk
12973,United Kingdom,1,385.55,353,0.9811163,0.018883726,Did Not Buy,Critical Risk
12974,United Kingdom,2,408.95,137,0.7471069,0.25289306,Did Not Buy,High Risk
12975,United Kingdom,6,2100.09,376,0.792013,0.207987,Did Not Buy,Critical Risk
12976,United Kingdom,8,3156.38,151,0.67587733,0.32412267,Did Not Buy,High Risk
12977,United Kingdom,4,513.88,95,0.8269671,0.17303288,Did Not Buy,Critical Risk
12978,United Kingdom,5,2502.82,324,0.7025403,0.2974597,Did Not Buy,High Risk
12979,United Arab Emirates,1,517.7,668,0.9682008,0.031799197,Did Not Buy,Critical Risk
12980,United Kingdom,21,16245.78,97,0.7561953,0.24380471,Did Not Buy,Critical Risk
12981,United Kingdom,1,187.18,72,0.66068214,0.33931786,Bought,High Risk
12982,United Kingdom,8,2744.81,182,0.4956677,0.5043323,Did Not Buy,Medium Risk
12983,United Kingdom,1,490.08000000000004,537,0.848196,0.15180396,Did Not Buy,Critical Risk
12986,United Kingdom,10,2729.84,368,0.7529365,0.24706355,Did Not Buy,Critical Risk
12987,United Kingdom,5,1312.21,13,0.83109117,0.16890883,Did Not Buy,Critical Risk
12988,United Kingdom,1,505.82,231,0.7835335,0.21646649,Did Not Buy,Critical Risk
12989,United Kingdom,29,12585.26,6,0.0035990477,0.99640095,Bought,Low Risk
12990,United Kingdom,6,809.9,124,0.44387573,0.55612427,Bought,Medium Risk
12991,United Kingdom,2,564.62,51,0.7137896,0.28621042,Bought,High Risk
12992,United Kingdom,1,93.35000000000001,664,0.98868513,0.011314853,Did Not Buy,Critical Risk
12993,United Kingdom,7,1217.27,60,0.5661349,0.4338651,Bought,High Risk
12994,United Kingdom,2,645.47,59,0.6582993,0.34170067,Bought,High Risk
12995,United Kingdom,1,211.32,24,0.81507516,0.18492483,Did Not Buy,Critical Risk
12996,United Kingdom,1,355.5,315,0.9003115,0.099688455,Did Not Buy,Critical Risk
12997,United Kingdom,7,1800.41,28,0.4734174,0.5265826,Bought,Medium Risk
12998,United Kingdom,3,920.08,432,0.9333607,0.06663933,Did Not Buy,Critical Risk
12999,United Kingdom,3,455.88,135,0.68455297,0.31544703,Did Not Buy,High Risk
13000,United Kingdom,4,1032.5,46,0.8507738,0.14922619,Did Not Buy,Critical Risk
13001,United Kingdom,31,22839.25,97,0.09888494,0.90111506,Bought,Low Risk
13002,United Kingdom,3,414.13,257,0.8943893,0.10561073,Did Not Buy,Critical Risk
13003,United Kingdom,3,149.05,45,0.7210437,0.27895632,Did Not Buy,High Risk
13004,United Kingdom,33,10603.94,2,0.0029023886,0.9970976,Bought,Low Risk
13005,United Kingdom,4,999.68,113,0.7080468,0.2919532,Did Not Buy,High Risk
13007,United Kingdom,1,175.25,519,0.97554195,0.024458034,Did Not Buy,Critical Risk
13008,United Kingdom,3,612.13,262,0.7760105,0.22398952,Did Not Buy,Critical Risk
13009,United Kingdom,1,234.0,612,0.9594722,0.040527813,Did Not Buy,Critical Risk
13010,United Kingdom,2,330.12,313,0.8525318,0.14746818,Did Not Buy,Critical Risk
13011,United Kingdom,1,50.550000000000004,311,0.93406534,0.06593464,Did Not Buy,Critical Risk
13012,United Kingdom,8,2501.83,17,0.22778565,0.77221435,Bought,Low Risk
13013,United Kingdom,26,10189.390000000001,4,0.012133002,0.987867,Bought,Low Risk
13014,United Kingdom,7,4336.43,14,0.26325148,0.7367485,Bought,Medium Risk
13015,United Kingdom,10,5003.18,136,0.25610286,0.74389714,Bought,Medium Risk
13016,United Kingdom,3,789.89,12,0.43903553,0.56096447,Did Not Buy,Medium Risk
13018,United Kingdom,29,8575.8,3,0.009573996,0.990426,Bought,Low Risk
13019,United Kingdom,6,1229.95,318,0.8451728,0.15482716,Did Not Buy,Critical Risk
13020,United Kingdom,2,618.96,502,0.83275044,0.16724955,Did Not Buy,Critical Risk
13021,United Kingdom,14,3890.14,9,0.01719296,0.98280704,Bought,Low Risk
13022,Belgium,1,50.3,369,0.98231566,0.01768437,Did Not Buy,Critical Risk
13023,United Kingdom,3,1251.03,3,0.8413291,0.15867093,Did Not Buy,Critical Risk
13024,United Kingdom,2,555.87,410,0.97712016,0.022879833,Did Not Buy,Critical Risk
13025,United Kingdom,1,323.39,671,0.9830394,0.016960606,Did Not Buy,Critical Risk
13026,United Kingdom,7,1361.92,32,0.1337874,0.8662126,Bought,Low Risk
13027,United Kingdom,19,17239.2,53,0.73494136,0.2650586,Did Not Buy,High Risk
13029,United Kingdom,4,1453.0,78,0.25836247,0.7416375,Bought,Medium Risk
13030,United Kingdom,1,402.36,307,0.45865166,0.54134834,Bought,Medium Risk
13031,United Kingdom,5,3292.84,346,0.9070946,0.09290537,Did Not Buy,Critical Risk
13032,United Kingdom,8,2302.08,26,0.27643687,0.72356313,Bought,Medium Risk
13033,United Kingdom,2,220.55,296,0.6757221,0.32427785,Did Not Buy,High Risk
13034,United Kingdom,2,279.91,308,0.57351696,0.42648304,Bought,High Risk
13035,United Kingdom,3,1364.2,13,0.9140583,0.08594164,Did Not Buy,Critical Risk
13036,United Kingdom,1,307.1,624,0.99069804,0.009301986,Did Not Buy,Critical Risk
13037,United Kingdom,12,3914.9500000000003,77,0.37879586,0.62120414,Did Not Buy,Medium Risk
13038,United Kingdom,3,908.46,19,0.77785003,0.22214995,Did Not Buy,Critical Risk
13039,United Kingdom,4,1010.73,523,0.92201716,0.07798282,Did Not Buy,Critical Risk
13041,United Kingdom,4,799.13,390,0.84902287,0.15097716,Did Not Buy,Critical Risk
13042,United Kingdom,3,1488.59,537,0.95980775,0.040192254,Did Not Buy,Critical Risk
13043,United Kingdom,1,516.42,212,0.87623686,0.12376312,Did Not Buy,Critical Risk
13044,United Kingdom,11,4848.05,230,0.49011827,0.50988173,Did Not Buy,Medium Risk
13045,United Kingdom,3,808.92,38,0.7915672,0.2084328,Did Not Buy,Critical Risk
13046,United Kingdom,2,517.66,205,0.59344757,0.40655243,Bought,High Risk
13047,United Kingdom,22,7873.0,66,0.09635538,0.9036446,Bought,Low Risk
13048,United Kingdom,8,3588.27,53,0.20195186,0.79804814,Bought,Low Risk
13049,United Kingdom,4,1408.24,3,0.8145748,0.1854252,Did Not Buy,Critical Risk
13050,United Kingdom,30,10550.17,45,0.06362605,0.93637395,Bought,Low Risk
13051,United Kingdom,2,155.8,518,0.9439494,0.056050576,Did Not Buy,Critical Risk
13052,United Kingdom,7,3118.48,151,0.5606196,0.43938044,Did Not Buy,High Risk
13053,United Kingdom,1,127.65,561,0.9681104,0.03188959,Did Not Buy,Critical Risk
13055,United Kingdom,4,2321.11,17,0.44410014,0.55589986,Did Not Buy,Medium Risk
13056,United Kingdom,1,209.48,490,0.94287896,0.057121016,Did Not Buy,Critical Risk
13057,United Kingdom,3,709.59,469,0.8910647,0.108935274,Did Not Buy,Critical Risk
13058,United Kingdom,1,47.550000000000004,91,0.54503125,0.45496875,Bought,High Risk
13059,United Kingdom,10,2291.77,189,0.37934875,0.62065125,Did Not Buy,Medium Risk
13060,United Kingdom,1,307.53,193,0.9002293,0.09977074,Did Not Buy,Critical Risk
13061,United Kingdom,1,248.61,11,0.74142456,0.25857544,Did Not Buy,High Risk
13062,United Kingdom,1,346.98,130,0.92580855,0.074191436,Did Not Buy,Critical Risk
13063,United Kingdom,1,188.4,420,0.97080874,0.029191261,Did Not Buy,Critical Risk
13064,United Kingdom,5,1403.58,27,0.33699155,0.66300845,Bought,Medium Risk
13065,United Kingdom,5,1055.05,312,0.84320927,0.15679072,Did Not Buy,Critical Risk
13067,United Kingdom,3,508.51,21,0.86445725,0.13554275,Did Not Buy,Critical Risk
13068,United Kingdom,1,165.0,259,0.66778207,0.3322179,Bought,High Risk
13069,United Kingdom,34,8723.03,39,0.01804638,0.9819536,Bought,Low Risk
13070,United Kingdom,4,751.7,131,0.7549763,0.2450237,Did Not Buy,Critical Risk
13071,United Kingdom,1,129.22,551,0.96146685,0.03853315,Did Not Buy,Critical Risk
13072,United Kingdom,1,177.15,206,0.8821745,0.1178255,Did Not Buy,Critical Risk
13073,United Kingdom,2,418.08,350,0.88121915,0.11878083,Did Not Buy,Critical Risk
13074,United Kingdom,4,1378.74,450,0.94456446,0.055435512,Did Not Buy,Critical Risk
13075,United Kingdom,1,919.61,69,0.7167229,0.2832771,Did Not Buy,High Risk
13076,United Kingdom,1,135.4,397,0.92763954,0.07236048,Did Not Buy,Critical Risk
13077,United Kingdom,10,2588.82,229,0.22298837,0.77701163,Bought,Low Risk
13078,United Kingdom,50,25562.65,4,0.0028686523,0.99713135,Bought,Low Risk
13079,United Kingdom,4,371.48,14,0.42466176,0.57533824,Bought,Medium Risk
13080,United Kingdom,4,280.73,118,0.77471083,0.22528917,Did Not Buy,Critical Risk
13081,United Kingdom,25,47371.11,83,0.10453403,0.89546597,Bought,Low Risk
13082,United Kingdom,21,7335.75,65,0.81373733,0.18626267,Did Not Buy,Critical Risk
13083,United Kingdom,2,284.07,15,0.66480815,0.33519188,Bought,High Risk
13084,United Kingdom,1,122.39999999999999,431,0.96249866,0.037501354,Did Not Buy,Critical Risk
13085,United Kingdom,8,2433.28,97,0.40161544,0.59838456,Did Not Buy,Medium Risk
13086,United Kingdom,1,439.33000000000004,322,0.8381722,0.16182777,Did Not Buy,Critical Risk
13087,United Kingdom,1,313.64,665,0.96031934,0.039680645,Did Not Buy,Critical Risk
13088,United Kingdom,1,236.11,356,0.8065916,0.19340844,Did Not Buy,Critical Risk
13089,United Kingdom,187,101348.45,3,0.0026721954,0.9973278,Bought,Low Risk
13090,United Kingdom,19,9980.01,4,0.07901782,0.9209822,Bought,Low Risk
13091,United Kingdom,1,762.98,669,0.8601736,0.13982643,Bought,Critical Risk
13092,United Kingdom,12,2140.28,10,0.74437237,0.25562763,Did Not Buy,High Risk
13093,United Kingdom,55,54144.25,215,0.90375614,0.09624386,Did Not Buy,Critical Risk
13094,United Kingdom,12,2056.8,19,0.22468597,0.77531403,Bought,Low Risk
13095,United Kingdom,1,74.39999999999999,10,0.90870255,0.09129747,Did Not Buy,Critical Risk
13096,United Kingdom,1,419.70000000000005,333,0.962807,0.037193015,Did Not Buy,Critical Risk
13097,United Kingdom,26,12484.22,16,0.011742294,0.9882577,Bought,Low Risk
13098,United Kingdom,21,21810.42,0,0.008832216,0.9911678,Bought,Low Risk
13099,United Kingdom,1,207.35999999999999,38,0.895918,0.10408201,Did Not Buy,Critical Risk
13101,United Kingdom,4,695.4,173,0.8214809,0.1785191,Did Not Buy,Critical Risk
13102,United Kingdom,33,10248.85,20,0.028684616,0.9713154,Bought,Low Risk
13103,United Kingdom,2,465.70000000000005,377,0.39108038,0.6089196,Bought,Medium Risk
13104,United Kingdom,7,1189.62,25,0.54243964,0.45756036,Bought,High Risk
13105,United Kingdom,1,72.0,375,0.92347926,0.076520756,Did Not Buy,Critical Risk
13106,United Kingdom,2,603.46,72,0.8585063,0.14149365,Did Not Buy,Critical Risk
13107,United Kingdom,8,5128.87,25,0.44397354,0.55602646,Bought,Medium Risk
13108,United Kingdom,2,748.46,312,0.7703684,0.2296316,Did Not Buy,Critical Risk
13109,United Kingdom,2,717.34,96,0.5111592,0.48884082,Bought,High Risk
13110,United Kingdom,10,2511.04,76,0.18142503,0.81857497,Bought,Low Risk
13111,United Kingdom,1,321.88000000000005,658,0.98013574,0.019864246,Did Not Buy,Critical Risk
13112,United Kingdom,1,20.6,480,0.98338044,0.016619569,Did Not Buy,Critical Risk
13113,United Kingdom,34,17246.83,0,0.058169425,0.9418306,Bought,Low Risk
13114,United Kingdom,1,234.38,670,0.9815316,0.01846835,Did Not Buy,Critical Risk
13115,United Kingdom,7,4078.4700000000003,123,0.36455137,0.63544863,Bought,Medium Risk
13116,United Kingdom,1,501.14,77,0.60139656,0.39860344,Did Not Buy,High Risk
13117,United Kingdom,17,2112.52,61,0.18288088,0.8171191,Bought,Low Risk
13118,United Kingdom,7,2017.3,147,0.3240525,0.6759475,Bought,Medium Risk
13119,United Kingdom,1,134.9,608,0.96804225,0.031957757,Did Not Buy,Critical Risk
13120,United Kingdom,1,30.599999999999998,178,0.9346938,0.065306164,Did Not Buy,Critical Risk
13121,United Kingdom,1,283.73,208,0.7695176,0.2304824,Did Not Buy,Critical Risk
13122,United Kingdom,2,922.39,33,0.80757695,0.19242306,Did Not Buy,Critical Risk
13123,United Kingdom,2,506.75,412,0.9127158,0.08728423,Did Not Buy,Critical Risk
13124,United Kingdom,4,4641.66,29,0.7984215,0.20157853,Did Not Buy,Critical Risk
13125,United Kingdom,1,148.62,463,0.933008,0.06699197,Did Not Buy,Critical Risk
13126,United Kingdom,11,3061.15,12,0.24230659,0.7576934,Bought,Low Risk
13127,United Kingdom,1,259.17,17,0.5459243,0.4540757,Did Not Buy,High Risk
13128,United Kingdom,1,263.5,570,0.99232525,0.0076747597,Did Not Buy,Critical Risk
13129,United Kingdom,2,233.25,391,0.84842277,0.15157722,Did Not Buy,Critical Risk
13130,United Kingdom,1,64.0,33,0.8978831,0.102116905,Did Not Buy,Critical Risk
13131,United Kingdom,6,3012.67,10,0.4331401,0.5668599,Bought,Medium Risk
13132,United Kingdom,1,77.3,201,0.8654148,0.13458522,Did Not Buy,Critical Risk
13133,United Kingdom,3,200.45000000000002,213,0.806146,0.19385396,Did Not Buy,Critical Risk
13134,United Kingdom,6,2475.23,25,0.5370532,0.46294674,Did Not Buy,High Risk
13135,United Kingdom,2,3371.45,136,0.85296464,0.14703539,Did Not Buy,Critical Risk
13136,United Kingdom,12,5815.03,27,0.2056976,0.7943024,Bought,Low Risk
13137,United Kingdom,13,5871.97,32,0.058248222,0.9417518,Bought,Low Risk
13138,United Kingdom,5,999.51,19,0.5418468,0.4581532,Bought,High Risk
13139,United Kingdom,5,6722.6,11,0.26027024,0.73972976,Bought,Medium Risk
13140,United Kingdom,5,1054.92,47,0.7054037,0.2945963,Did Not Buy,High Risk
13141,United Kingdom,17,7656.08,24,0.392049,0.607951,Did Not Buy,Medium Risk
13143,United Kingdom,1,405.1,524,0.90977734,0.09022268,Did Not Buy,Critical Risk
13144,United Kingdom,2,135.35,272,0.8295001,0.17049995,Did Not Buy,Critical Risk
13145,United Kingdom,6,1009.72,31,0.5333111,0.46668884,Bought,High Risk
13147,United Kingdom,1,118.80000000000001,39,0.89617133,0.10382864,Bought,Critical Risk
13148,United Kingdom,24,7571.07,73,0.058820546,0.94117945,Bought,Low Risk
13149,United Kingdom,3,1132.62,45,0.29570884,0.70429116,Bought,Medium Risk
13150,United Kingdom,3,449.96999999999997,423,0.9594737,0.040526256,Did Not Buy,Critical Risk
13151,United Kingdom,3,2454.71,235,0.78387105,0.21612896,Did Not Buy,Critical Risk
13152,United Kingdom,7,2146.38,356,0.8031179,0.19688213,Did Not Buy,Critical Risk
13154,United Kingdom,3,1624.84,338,0.82040304,0.17959698,Did Not Buy,Critical Risk
13155,United Kingdom,5,1281.22,19,0.46911407,0.53088593,Bought,Medium Risk
13156,United Kingdom,3,1586.54,324,0.8409458,0.15905422,Did Not Buy,Critical Risk
13157,United Kingdom,8,4819.34,80,0.19842172,0.8015783,Bought,Low Risk
13158,United Kingdom,5,1508.18,34,0.42138577,0.57861423,Did Not Buy,Medium Risk
13159,United Kingdom,2,843.09,45,0.18955314,0.81044686,Bought,Low Risk
13161,United Kingdom,2,472.13,252,0.84012055,0.15987948,Did Not Buy,Critical Risk
13162,United Kingdom,16,9275.49,61,0.7752875,0.2247125,Did Not Buy,Critical Risk
13163,United Kingdom,1,17.65,549,0.97158074,0.02841926,Did Not Buy,Critical Risk
13164,United Kingdom,2,372.2,508,0.9246856,0.075314395,Did Not Buy,Critical Risk
13165,United Kingdom,2,784.32,290,0.6457384,0.35426158,Bought,High Risk
13166,United Kingdom,2,875.93,222,0.75882643,0.24117357,Did Not Buy,Critical Risk
13167,United Kingdom,4,981.49,6,0.40743703,0.592563,Bought,Medium Risk
13168,United Kingdom,4,1494.2,138,0.4525916,0.5474084,Bought,Medium Risk
13169,United Kingdom,3,840.08,3,0.8837487,0.1162513,Did Not Buy,Critical Risk
13171,United Kingdom,1,140.35,238,0.89105004,0.10894998,Bought,Critical Risk
13172,United Kingdom,1,69.6,339,0.96503025,0.034969725,Did Not Buy,Critical Risk
13173,United Kingdom,10,2202.11,306,0.35063583,0.6493642,Bought,Medium Risk
13174,United Kingdom,10,7263.7,255,0.1999991,0.8000009,Bought,Low Risk
13175,United Kingdom,2,831.45,521,0.81832755,0.18167245,Did Not Buy,Critical Risk
13177,United Kingdom,2,512.2,4,0.8640945,0.13590549,Did Not Buy,Critical Risk
13178,United Kingdom,19,13490.45,12,0.008529723,0.9914703,Bought,Low Risk
13179,United Kingdom,1,572.3100000000001,558,0.8165434,0.18345658,Did Not Buy,Critical Risk
13180,United Kingdom,1,86.10000000000001,546,0.95541286,0.044587154,Did Not Buy,Critical Risk
13181,United Kingdom,1,359.69,320,0.89481115,0.10518886,Did Not Buy,Critical Risk
13183,United Kingdom,13,6163.9800000000005,26,0.10068816,0.89931184,Bought,Low Risk
13184,United Kingdom,9,1471.1,70,0.09905887,0.90094113,Bought,Low Risk
13185,United Kingdom,1,71.4,207,0.96551085,0.03448917,Did Not Buy,Critical Risk
13186,United Kingdom,2,1301.94,33,0.21352857,0.7864714,Bought,Low Risk
13187,United Kingdom,4,328.36,276,0.77863604,0.22136395,Did Not Buy,Critical Risk
13189,United Kingdom,1,127.0,54,0.70785755,0.29214245,Bought,High Risk
13190,United Kingdom,3,570.66,483,0.8589716,0.14102843,Did Not Buy,Critical Risk
13191,United Kingdom,1,159.21,597,0.96784383,0.032156155,Did Not Buy,Critical Risk
13192,United Kingdom,6,2558.58,34,0.6081768,0.39182317,Did Not Buy,High Risk
13193,United Kingdom,1,112.08,0,0.8853351,0.11466489,Did Not Buy,Critical Risk
13194,United Kingdom,2,472.78,75,0.8872433,0.11275673,Did Not Buy,Critical Risk
13195,United Kingdom,1,136.73,353,0.8288414,0.17115861,Did Not Buy,Critical Risk
13196,United Kingdom,5,2858.01,24,0.6336881,0.36631194,Bought,High Risk
13197,United Kingdom,1,373.01000000000005,549,0.9437466,0.05625335,Did Not Buy,Critical Risk
13198,United Kingdom,7,4582.17,60,0.20822698,0.791773,Bought,Low Risk
13199,United Kingdom,52,11402.39,4,0.0042838454,0.99571615,Bought,Low Risk
13200,United Kingdom,2,627.01,13,0.33504105,0.66495895,Bought,Medium Risk
13201,United Kingdom,4,1233.06,441,0.9317664,0.06823364,Did Not Buy,Critical Risk
13202,United Kingdom,7,1580.3,333,0.70301795,0.29698202,Did Not Buy,High Risk
13203,United Kingdom,8,2088.65,60,0.2052629,0.7947371,Bought,Low Risk
13204,United Kingdom,1,966.6600000000001,670,0.9108638,0.089136206,Did Not Buy,Critical Risk
13205,United Kingdom,1,2803.2,382,0.9073042,0.09269576,Did Not Buy,Critical Risk
13206,United Kingdom,13,8308.19,339,0.8643833,0.1356167,Did Not Buy,Critical Risk
13207,United Kingdom,3,483.12000000000006,90,0.38536465,0.61463535,Bought,Medium Risk
13208,United Kingdom,7,1587.47,94,0.3025263,0.6974737,Bought,Medium Risk
13209,United Kingdom,10,6773.98,68,0.13847888,0.8615211,Bought,Low Risk
13210,United Kingdom,1,353.48,33,0.613356,0.386644,Did Not Buy,High Risk
13211,United Kingdom,9,2307.9900000000002,34,0.15165907,0.8483409,Bought,Low Risk
13212,United Kingdom,2,291.47,0,0.081695676,0.9183043,Bought,Low Risk
13213,United Kingdom,10,3294.82,67,0.16939944,0.83060056,Bought,Low Risk
13214,United Kingdom,7,3264.23,357,0.9185194,0.0814806,Did Not Buy,Critical Risk
13215,United Kingdom,1,81.6,341,0.9054895,0.0945105,Did Not Buy,Critical Risk
13216,United Kingdom,1,333.74,207,0.93296105,0.06703894,Did Not Buy,Critical Risk
13217,United Kingdom,4,666.48,61,0.7891695,0.2108305,Did Not Buy,Critical Risk
13218,United Kingdom,1,62.63999999999999,66,0.855169,0.144831,Did Not Buy,Critical Risk
13219,United Kingdom,1,76.23,557,0.9695706,0.030429399,Did Not Buy,Critical Risk
13220,United Kingdom,5,1336.0900000000001,17,0.52431965,0.47568035,Did Not Buy,High Risk
13221,United Kingdom,2,844.86,179,0.87490416,0.12509583,Did Not Buy,Critical Risk
13222,United Kingdom,1,88.5,516,0.90557206,0.094427966,Did Not Buy,Critical Risk
13223,United Kingdom,6,969.1200000000001,139,0.8450891,0.15491095,Did Not Buy,Critical Risk
13224,United Kingdom,1,1212.26,90,0.3224529,0.6775471,Bought,Medium Risk
13225,United Kingdom,14,14095.79,82,0.63026094,0.36973906,Bought,High Risk
13226,United Kingdom,2,312.46,212,0.7818232,0.21817677,Did Not Buy,Critical Risk
13227,United Kingdom,1,257.7,141,0.68917567,0.31082433,Did Not Buy,High Risk
13228,United Kingdom,1,358.0,20,0.8818036,0.118196405,Did Not Buy,Critical Risk
13229,United Kingdom,1,160.95,165,0.88623476,0.113765225,Did Not Buy,Critical Risk
13230,United Kingdom,28,5549.11,77,0.11054987,0.88945013,Bought,Low Risk
13232,United Kingdom,5,1018.45,37,0.08846736,0.91153264,Bought,Low Risk
13233,United Kingdom,4,1176.46,13,0.8181528,0.18184723,Did Not Buy,Critical Risk
13234,United Kingdom,2,346.5,612,0.9699552,0.030044772,Did Not Buy,Critical Risk
13235,United Kingdom,1,1031.07,151,0.7969595,0.20304048,Did Not Buy,Critical Risk
13236,United Kingdom,1,439.23,46,0.54706764,0.45293236,Bought,High Risk
13237,United Kingdom,1,643.0,327,0.92768425,0.07231576,Did Not Buy,Critical Risk
13238,United Kingdom,4,624.75,103,0.5210697,0.4789303,Bought,High Risk
13239,United Kingdom,5,1594.69,201,0.5792897,0.42071036,Did Not Buy,High Risk
13240,United Kingdom,8,1455.39,35,0.66065514,0.33934486,Did Not Buy,High Risk
13241,United Kingdom,1,112.53,351,0.9053622,0.094637826,Did Not Buy,Critical Risk
13242,United Kingdom,7,699.4,51,0.6813252,0.31867483,Did Not Buy,High Risk
13243,United Kingdom,5,1220.38,142,0.6894618,0.31053817,Did Not Buy,High Risk
13244,United Kingdom,1,121.74000000000001,32,0.847209,0.15279104,Did Not Buy,Critical Risk
13245,United Kingdom,1,558.72,371,0.80145633,0.1985437,Bought,Critical Risk
13246,United Kingdom,10,3228.74,115,0.14687061,0.8531294,Bought,Low Risk
13247,United Kingdom,1,305.07,22,0.40976316,0.59023684,Bought,Medium Risk
13248,United Kingdom,2,465.68,64,0.29766732,0.7023327,Did Not Buy,Medium Risk
13249,United Kingdom,9,1608.93,31,0.8314022,0.16859785,Did Not Buy,Critical Risk
13250,United Kingdom,2,253.09,400,0.9656694,0.03433058,Did Not Buy,Critical Risk
13251,United Kingdom,1,252.68,341,0.789838,0.210162,Did Not Buy,Critical Risk
13252,United Kingdom,2,399.3,333,0.91661865,0.08338137,Did Not Buy,Critical Risk
13253,United Kingdom,4,2951.11,96,0.5222812,0.47771877,Did Not Buy,High Risk
13254,United Kingdom,1,51.410000000000004,315,0.9652874,0.034712587,Did Not Buy,Critical Risk
13255,United Kingdom,2,504.95,313,0.6394026,0.36059734,Bought,High Risk
13257,United Kingdom,1,149.75,375,0.92141324,0.078586735,Did Not Buy,Critical Risk
13258,United Kingdom,3,535.4699999999999,144,0.52694,0.47305998,Bought,High Risk
13259,United Kingdom,9,1398.79,1,0.7136283,0.2863717,Did Not Buy,High Risk
13260,United Kingdom,1,557.62,0,0.8076486,0.1923514,Did Not Buy,Critical Risk
13261,United Kingdom,2,944.1,208,0.8984104,0.1015896,Did Not Buy,Critical Risk
13262,United Kingdom,3,573.45,202,0.7490591,0.2509409,Did Not Buy,High Risk
13263,United Kingdom,30,6987.49,5,0.007227123,0.9927729,Bought,Low Risk
13264,United Kingdom,1,722.5600000000001,382,0.8629652,0.13703474,Did Not Buy,Critical Risk
13265,United Kingdom,4,1787.3,28,0.28983873,0.71016127,Bought,Medium Risk
13266,United Kingdom,16,5142.13,15,0.06671792,0.9332821,Bought,Low Risk
13267,United Kingdom,32,8027.66,31,0.10089368,0.8991063,Bought,Low Risk
13268,United Kingdom,7,2436.38,24,0.19066954,0.80933046,Bought,Low Risk
13269,United Kingdom,24,7108.94,5,0.010355592,0.9896444,Bought,Low Risk
13270,United Kingdom,1,590.0,305,0.86576724,0.13423277,Did Not Buy,Critical Risk
13272,United Kingdom,1,140.96,29,0.5510285,0.4489715,Bought,High Risk
13273,United Kingdom,1,138.98,52,0.64734113,0.35265884,Did Not Buy,High Risk
13274,United Kingdom,1,360.85,348,0.9065728,0.09342716,Did Not Buy,Critical Risk
13275,United Kingdom,2,238.86,323,0.8282043,0.17179573,Did Not Buy,Critical Risk
13276,United Kingdom,5,1891.91,3,0.8808471,0.119152896,Did Not Buy,Critical Risk
13277,United Kingdom,5,390.8,55,0.538069,0.46193102,Bought,High Risk
13278,United Kingdom,3,882.62,339,0.8052289,0.19477111,Bought,Critical Risk
13279,United Kingdom,1,137.75,17,0.76056767,0.23943235,Did Not Buy,Critical Risk
13280,United Kingdom,7,2293.33,61,0.6670598,0.33294022,Did Not Buy,High Risk
13281,United Kingdom,1,350.85,378,0.9121743,0.087825716,Did Not Buy,Critical Risk
13282,United Kingdom,3,954.1500000000001,101,0.70857733,0.29142267,Bought,High Risk
13283,United Kingdom,3,305.2,125,0.6298086,0.3701914,Bought,High Risk
13284,United Kingdom,1,201.19,270,0.75511515,0.24488482,Did Not Buy,Critical Risk
13285,United Kingdom,5,2625.57,100,0.37326884,0.62673116,Bought,Medium Risk
13286,United Kingdom,1,734.91,539,0.82154953,0.17845047,Did Not Buy,Critical Risk
13287,United Kingdom,3,781.59,542,0.9290661,0.07093389,Did Not Buy,Critical Risk
13288,United Kingdom,5,927.61,382,0.94553035,0.05446966,Did Not Buy,Critical Risk
13289,United Kingdom,1,307.95,663,0.97768265,0.022317363,Did Not Buy,Critical Risk
13291,United Kingdom,11,3270.79,95,0.380539,0.619461,Did Not Buy,Medium Risk
13292,United Kingdom,4,665.14,223,0.71450996,0.28549,Bought,High Risk
13293,United Kingdom,6,1192.94,331,0.78834724,0.21165276,Did Not Buy,Critical Risk
13294,United Kingdom,3,1689.53,129,0.8520884,0.1479116,Did Not Buy,Critical Risk
13295,United Kingdom,4,1101.97,299,0.8304156,0.16958441,Did Not Buy,Critical Risk
13296,United Kingdom,6,792.51,76,0.7018344,0.29816562,Did Not Buy,High Risk
13297,United Kingdom,4,3594.15,6,0.40295774,0.59704226,Bought,Medium Risk
13299,United Kingdom,3,1218.7,207,0.8729199,0.12708005,Did Not Buy,Critical Risk
13300,United Kingdom,3,1285.51,108,0.8012728,0.19872719,Did Not Buy,Critical Risk
13301,United Kingdom,4,600.19,43,0.45516038,0.5448396,Did Not Buy,Medium Risk
13302,United Kingdom,2,159.2,94,0.8452513,0.1547487,Did Not Buy,Critical Risk
13303,United Kingdom,1,61.72,339,0.9311446,0.06885542,Did Not Buy,Critical Risk
13304,United Kingdom,4,1217.99,290,0.786152,0.21384798,Did Not Buy,Critical Risk
13305,United Kingdom,14,3086.8,32,0.3282355,0.6717645,Bought,Medium Risk
13306,United Kingdom,1,53.65,369,0.9764572,0.023542803,Did Not Buy,Critical Risk
13307,United Kingdom,3,273.34,59,0.76186234,0.23813765,Did Not Buy,Critical Risk
13308,United Kingdom,2,1099.81,142,0.66132843,0.33867154,Bought,High Risk
13309,United Kingdom,4,1177.72,27,0.40936422,0.5906358,Bought,Medium Risk
13310,United Kingdom,4,1226.82,145,0.36717415,0.63282585,Bought,Medium Risk
13311,United Kingdom,1,490.11,89,0.47923076,0.52076924,Bought,Medium Risk
13312,United Kingdom,1,124.75,390,0.90994734,0.09005264,Did Not Buy,Critical Risk
13313,United Kingdom,10,2808.34,80,0.12639898,0.873601,Bought,Low Risk
13314,United Kingdom,2,589.47,2,0.4131627,0.5868373,Bought,Medium Risk
13315,United Kingdom,1,310.26,628,0.9701708,0.02982922,Did Not Buy,Critical Risk
13316,United Kingdom,9,11426.65,19,0.13701391,0.8629861,Bought,Low Risk
13317,United Kingdom,19,6486.09,5,0.6451087,0.3548913,Did Not Buy,High Risk
13319,United Kingdom,53,18726.25,6,0.0016465187,0.9983535,Bought,Low Risk
13320,United Kingdom,6,2211.6,17,0.6097908,0.39020923,Did Not Buy,High Risk
13321,United Kingdom,2,567.36,11,0.7496136,0.25038642,Did Not Buy,High Risk
13323,United Kingdom,1,120.30000000000001,23,0.4452477,0.5547523,Bought,Medium Risk
13324,United Kingdom,17,9829.35,29,0.06360346,0.93639654,Bought,Low Risk
13325,United Kingdom,1,675.3,21,0.85735714,0.14264287,Did Not Buy,Critical Risk
13326,United Kingdom,1,281.76,371,0.8754554,0.12454464,Did Not Buy,Critical Risk
13327,United Kingdom,18,8163.85,52,0.11637938,0.8836206,Bought,Low Risk
13328,United Kingdom,1,1308.48,255,0.86274755,0.13725246,Did Not Buy,Critical Risk
13329,United Kingdom,7,4323.97,306,0.36954147,0.63045853,Bought,Medium Risk
13330,United Kingdom,6,2796.1,32,0.54867315,0.45132685,Did Not Buy,High Risk
13331,United Kingdom,1,262.4,341,0.86668444,0.13331558,Did Not Buy,Critical Risk
13333,United Kingdom,3,1015.74,350,0.8654834,0.13451657,Did Not Buy,Critical Risk
13334,United Kingdom,5,6201.8,21,0.6134068,0.38659325,Did Not Buy,High Risk
13336,United Kingdom,1,795.12,16,0.55153954,0.4484605,Did Not Buy,High Risk
13337,United Kingdom,1,1575.26,485,0.8964006,0.10359944,Did Not Buy,Critical Risk
13338,United Kingdom,4,2345.62,97,0.80892324,0.19107677,Did Not Buy,Critical Risk
13339,United Kingdom,1,860.12,140,0.76032114,0.23967884,Did Not Buy,Critical Risk
13340,United Kingdom,10,20593.62,45,0.17333418,0.8266658,Bought,Low Risk
13341,United Kingdom,1,775.85,200,0.8498435,0.1501565,Did Not Buy,Critical Risk
13343,United Kingdom,1,303.43,117,0.70855856,0.29144144,Did Not Buy,High Risk
13344,United Kingdom,3,2511.69,7,0.6925988,0.30740118,Did Not Buy,High Risk
13345,United Kingdom,1,339.5,227,0.88560575,0.114394225,Did Not Buy,Critical Risk
13346,United Kingdom,6,299.4,402,0.9560101,0.043989915,Did Not Buy,Critical Risk
13347,United Kingdom,1,291.36,9,0.7895501,0.21044986,Did Not Buy,Critical Risk
13348,United Kingdom,1,233.76,3,0.5126409,0.4873591,Did Not Buy,High Risk
13350,United Kingdom,1,596.57,18,0.24125439,0.7587456,Bought,Low Risk
13351,United Kingdom,1,323.94,5,0.6678728,0.33212724,Did Not Buy,High Risk
13354,United Kingdom,1,743.53,10,0.50650513,0.49349484,Did Not Buy,High Risk
13355,United Kingdom,1,674.7,61,0.45985067,0.54014933,Did Not Buy,Medium Risk
13356,United Kingdom,1,768.24,19,0.6510911,0.34890893,Did Not Buy,High Risk
13357,United Kingdom,5,3795.0099999999998,196,0.74735785,0.25264218,Did Not Buy,High Risk
13358,United Kingdom,1,389.03,208,0.8991468,0.100853175,Did Not Buy,Critical Risk
13359,United Kingdom,2,943.3100000000001,3,0.92370164,0.07629834,Did Not Buy,Critical Risk
13360,United Kingdom,4,1503.65,371,0.8663591,0.13364092,Did Not Buy,Critical Risk
13361,United Kingdom,2,1450.5,411,0.945068,0.05493199,Did Not Buy,Critical Risk
13362,United Kingdom,5,3884.86,185,0.47475588,0.5252441,Bought,Medium Risk
13363,United Kingdom,1,731.36,349,0.6089714,0.39102858,Bought,High Risk
13364,United Kingdom,1,134.95999999999998,10,0.7172129,0.28278708,Did Not Buy,High Risk
13365,United Kingdom,1,700.6,157,0.74686456,0.25313544,Bought,High Risk
13367,United Kingdom,1,460.20000000000005,371,0.8909872,0.10901276,Did Not Buy,Critical Risk
13368,United Kingdom,4,1021.5,196,0.77854407,0.22145595,Did Not Buy,Critical Risk
13369,United Kingdom,1,258.28000000000003,305,0.81881326,0.18118672,Did Not Buy,Critical Risk
13370,United Kingdom,1,754.87,311,0.76474565,0.23525435,Did Not Buy,Critical Risk
13371,United Kingdom,2,2297.66,444,0.9415564,0.058443613,Did Not Buy,Critical Risk
13372,United Kingdom,1,328.64,29,0.5555663,0.44443372,Did Not Buy,High Risk
13373,United Kingdom,6,7587.1900000000005,0,0.85378295,0.14621705,Did Not Buy,Critical Risk
13374,United Kingdom,2,372.8,354,0.8852005,0.114799485,Did Not Buy,Critical Risk
13375,United Kingdom,2,1792.23,28,0.9445533,0.055446662,Did Not Buy,Critical Risk
13376,United Kingdom,3,869.76,38,0.4212886,0.5787114,Did Not Buy,Medium Risk
13377,United Kingdom,2,1452.88,336,0.8901729,0.10982709,Did Not Buy,Critical Risk
13379,United Kingdom,2,435.82,7,0.13782972,0.8621703,Bought,Low Risk
13380,United Kingdom,1,62.4,372,0.90749055,0.09250945,Did Not Buy,Critical Risk
13381,United Kingdom,11,7567.29,28,0.06589359,0.9341064,Bought,Low Risk
13382,United Kingdom,5,1387.58,220,0.76531374,0.23468629,Did Not Buy,Critical Risk
13383,United Kingdom,1,305.28000000000003,483,0.9601408,0.039859146,Did Not Buy,Critical Risk
13384,United Kingdom,9,5660.37,13,0.089430094,0.9105699,Bought,Low Risk
13385,United Kingdom,1,534.57,269,0.84086186,0.15913813,Did Not Buy,Critical Risk
13386,United Kingdom,2,835.46,353,0.79473865,0.20526132,Did Not Buy,Critical Risk
13387,United Kingdom,1,181.84,356,0.92205125,0.077948764,Did Not Buy,Critical Risk
13388,United Kingdom,3,1185.65,70,0.83687997,0.16312,Did Not Buy,Critical Risk
13389,United Kingdom,2,580.15,14,0.4046545,0.5953455,Bought,Medium Risk
13390,United Kingdom,1,544.08,14,0.6237246,0.37627542,Did Not Buy,High Risk
13391,United Kingdom,1,59.8,143,0.90708536,0.09291463,Did Not Buy,Critical Risk
13392,United Kingdom,1,91.14,616,0.9834477,0.016552353,Did Not Buy,Critical Risk
13393,United Kingdom,4,1131.45,523,0.8623804,0.1376196,Did Not Buy,Critical Risk
13394,United Kingdom,17,5947.87,17,0.021989644,0.97801036,Bought,Low Risk
13395,United Kingdom,3,1180.23,124,0.65027535,0.34972465,Did Not Buy,High Risk
13396,United Kingdom,1,387.27000000000004,258,0.9201845,0.0798155,Bought,Critical Risk
13397,United Kingdom,10,3191.87,12,0.7880773,0.21192272,Did Not Buy,Critical Risk
13398,United Kingdom,2,670.34,131,0.74403805,0.25596195,Did Not Buy,High Risk
13399,United Kingdom,3,275.4,403,0.96443635,0.03556366,Did Not Buy,Critical Risk
13400,United Kingdom,1,310.83,522,0.90818566,0.09181432,Did Not Buy,Critical Risk
13402,United Kingdom,4,1226.8500000000001,66,0.7330477,0.2669523,Did Not Buy,High Risk
13403,United Kingdom,2,154.5,327,0.2973066,0.7026934,Bought,Medium Risk
13404,United Kingdom,1,217.81,152,0.65440005,0.34559995,Bought,High Risk
13405,United Kingdom,5,1198.81,143,0.5545546,0.44544545,Did Not Buy,High Risk
13406,United Kingdom,2,568.92,366,0.84992814,0.15007184,Did Not Buy,Critical Risk
13407,United Kingdom,3,2244.7,518,0.93299633,0.06700366,Did Not Buy,Critical Risk
13408,United Kingdom,92,43434.58,6,0.0036407113,0.9963593,Bought,Low Risk
13410,United Kingdom,8,1927.56,14,0.46217662,0.5378234,Bought,Medium Risk
13411,United Kingdom,1,213.55,46,0.6753317,0.32466826,Did Not Buy,High Risk
13412,United Kingdom,1,487.34999999999997,559,0.90082777,0.09917221,Did Not Buy,Critical Risk
13413,United Kingdom,6,429.44,579,0.9316663,0.06833368,Did Not Buy,Critical Risk
13414,United Kingdom,6,2494.14,73,0.56507134,0.43492866,Did Not Buy,High Risk
13415,United Kingdom,4,784.17,412,0.96253186,0.037468124,Did Not Buy,Critical Risk
13416,United Kingdom,2,503.3,20,0.10343695,0.89656305,Bought,Low Risk
13417,United Kingdom,5,1264.66,144,0.44558954,0.55441046,Bought,Medium Risk
13418,United Kingdom,30,10871.04,0,0.003533721,0.9964663,Bought,Low Risk
13419,United Kingdom,1,221.06,3,0.8391815,0.1608185,Did Not Buy,Critical Risk
13420,United Kingdom,2,159.85,89,0.7962564,0.20374356,Did Not Buy,Critical Risk
13421,United Kingdom,7,3039.58,229,0.3560319,0.6439681,Bought,Medium Risk
13422,United Kingdom,1,2626.3,3,0.78441,0.21559003,Did Not Buy,Critical Risk
13423,United Kingdom,1,217.03,368,0.8665452,0.1334548,Did Not Buy,Critical Risk
13424,United Kingdom,1,572.77,389,0.8027818,0.19721821,Did Not Buy,Critical Risk
13425,United Kingdom,5,3390.4300000000003,47,0.31192106,0.68807894,Did Not Buy,Medium Risk
13426,United Kingdom,19,7234.17,3,0.11027968,0.8897203,Bought,Low Risk
13427,United Kingdom,5,888.79,59,0.34387857,0.65612143,Bought,Medium Risk
13428,United Kingdom,2,276.76,453,0.6832092,0.31679082,Bought,High Risk
13429,United Kingdom,1,330.6,14,0.3981908,0.6018092,Bought,Medium Risk
13430,United Kingdom,1,336.31,25,0.4668427,0.5331573,Bought,Medium Risk
13431,United Kingdom,8,3316.24,6,0.85827434,0.14172564,Did Not Buy,Critical Risk
13432,United Kingdom,2,436.55,510,0.62866986,0.37133014,Did Not Buy,High Risk
13433,United Kingdom,4,658.3199999999999,440,0.95829606,0.041703917,Did Not Buy,Critical Risk
13434,United Kingdom,5,1666.8600000000001,13,0.73500335,0.26499662,Did Not Buy,High Risk
13435,United Kingdom,6,2610.46,14,0.085387826,0.9146122,Bought,Low Risk
13437,United Kingdom,4,2173.6,38,0.15373385,0.84626615,Bought,Low Risk
13438,United Kingdom,1,46.5,486,0.9386564,0.06134361,Did Not Buy,Critical Risk
13439,United Kingdom,3,986.61,194,0.76400536,0.23599462,Did Not Buy,Critical Risk
13440,United Kingdom,7,1295.25,362,0.8485642,0.15143579,Did Not Buy,Critical Risk
13441,United Kingdom,2,720.9,31,0.8208902,0.1791098,Did Not Buy,Critical Risk
13442,United Kingdom,3,419.87,606,0.9611238,0.038876146,Did Not Buy,Critical Risk
13443,United Kingdom,6,1269.3700000000001,388,0.86287427,0.13712573,Did Not Buy,Critical Risk
13444,United Kingdom,2,619.08,313,0.6418707,0.35812932,Did Not Buy,High Risk
13445,United Kingdom,1,241.89999999999998,565,0.9605492,0.03945085,Did Not Buy,Critical Risk
13446,United Kingdom,11,3881.89,369,0.887496,0.112504005,Did Not Buy,Critical Risk
13448,United Kingdom,11,7335.900000000001,19,0.070652425,0.9293476,Bought,Low Risk
13450,United Kingdom,12,3803.6,28,0.08630878,0.9136912,Bought,Low Risk
13451,United Kingdom,10,6576.16,65,0.049154162,0.95084584,Bought,Low Risk
13452,United Kingdom,3,729.8,198,0.98472977,0.015270239,Did Not Buy,Critical Risk
13453,United Kingdom,3,781.6899999999999,105,0.6862011,0.31379893,Did Not Buy,High Risk
13454,United Kingdom,1,219.87,580,0.9653582,0.03464178,Did Not Buy,Critical Risk
13455,United Kingdom,5,1847.59,305,0.68065137,0.31934863,Bought,High Risk
13456,United Kingdom,4,1309.8200000000002,2,0.12961984,0.87038016,Bought,Low Risk
13457,United Kingdom,2,148.22,628,0.92959017,0.07040981,Did Not Buy,Critical Risk
13458,United Kingdom,13,10489.48,5,0.08654332,0.9134567,Bought,Low Risk
13459,United Kingdom,2,1160.4099999999999,564,0.909198,0.090802014,Did Not Buy,Critical Risk
13461,United Kingdom,5,3599.2,78,0.358864,0.641136,Bought,Medium Risk
13462,United Kingdom,5,1153.85,192,0.7861915,0.21380848,Did Not Buy,Critical Risk
13464,United Kingdom,5,2422.96,334,0.4719301,0.5280699,Bought,Medium Risk
13465,United Kingdom,2,931.12,385,0.9098516,0.090148404,Did Not Buy,Critical Risk
13466,United Kingdom,5,1013.35,123,0.7505969,0.24940312,Did Not Buy,Critical Risk
13468,United Kingdom,66,12065.5,5,0.0088611245,0.9911389,Bought,Low Risk
13469,United Kingdom,1,82.4,592,0.9917926,0.008207368,Did Not Buy,Critical Risk
13470,United Kingdom,2,165.0,38,0.3087849,0.6912151,Did Not Buy,Medium Risk
13472,United Kingdom,2,592.24,403,0.95921016,0.04078982,Did Not Buy,Critical Risk
13473,United Kingdom,8,2657.7599999999998,0,0.69618666,0.30381334,Did Not Buy,High Risk
13474,United Kingdom,3,646.59,175,0.81215435,0.18784565,Did Not Buy,Critical Risk
13475,United Kingdom,4,1431.78,130,0.62287086,0.37712914,Did Not Buy,High Risk
13476,United Kingdom,5,2061.4700000000003,118,0.75134575,0.24865423,Did Not Buy,Critical Risk
13477,United Kingdom,9,2264.14,77,0.2135992,0.7864008,Bought,Low Risk
13478,United Kingdom,5,2215.78,408,0.9651413,0.034858692,Did Not Buy,Critical Risk
13479,United Kingdom,4,851.37,140,0.57009184,0.42990816,Did Not Buy,High Risk
13480,United Kingdom,2,627.82,356,0.82077456,0.17922544,Did Not Buy,Critical Risk
13481,United Kingdom,10,3387.61,47,0.1521439,0.8478561,Bought,Low Risk
13482,United Kingdom,2,336.09,171,0.9226353,0.077364676,Did Not Buy,Critical Risk
13483,United Kingdom,1,140.34,5,0.8272476,0.17275238,Did Not Buy,Critical Risk
13484,United Kingdom,3,790.72,180,0.91156816,0.08843181,Did Not Buy,Critical Risk
13485,United Kingdom,11,3015.2200000000003,172,0.41050053,0.5894995,Did Not Buy,Medium Risk
13486,United Kingdom,3,1122.41,17,0.27570695,0.72429305,Did Not Buy,Medium Risk
13487,United Kingdom,4,680.27,152,0.45702797,0.542972,Bought,Medium Risk
13488,United Kingdom,21,12604.84,11,0.010918856,0.98908114,Bought,Low Risk
13489,United Kingdom,4,449.52,44,0.75879836,0.24120167,Did Not Buy,Critical Risk
13490,United Kingdom,1,154.25,593,0.92663515,0.07336487,Did Not Buy,Critical Risk
13491,United Kingdom,26,4340.29,87,0.33831358,0.6616864,Bought,Medium Risk
13492,Switzerland,3,1269.84,75,0.8267662,0.17323379,Did Not Buy,Critical Risk
13493,Switzerland,2,498.63,214,0.8647232,0.13527682,Did Not Buy,Critical Risk
13494,United Kingdom,1,316.26000000000005,251,0.8714972,0.12850277,Did Not Buy,Critical Risk
13495,United Kingdom,8,3890.87,171,0.32409328,0.6759067,Bought,Medium Risk
13496,United Kingdom,1,501.01,299,0.8383745,0.16162549,Bought,Critical Risk
13497,United Kingdom,6,1166.83,222,0.8554146,0.1445854,Did Not Buy,Critical Risk
13498,United Kingdom,1,327.38,669,0.94264233,0.057357647,Did Not Buy,Critical Risk
13499,United Kingdom,3,613.85,13,0.2731529,0.7268471,Bought,Medium Risk
13500,United Kingdom,2,625.93,62,0.70355165,0.29644832,Bought,High Risk
13501,Switzerland,3,2885.11,227,0.67539823,0.3246018,Did Not Buy,High Risk
13502,United Kingdom,4,677.66,214,0.67832446,0.32167557,Bought,High Risk
13503,United Kingdom,5,1778.04,10,0.9381893,0.0618107,Did Not Buy,Critical Risk
13504,United Kingdom,1,295.93,3,0.54084456,0.45915544,Did Not Buy,High Risk
13505,Switzerland,4,3633.63,12,0.55665064,0.44334936,Did Not Buy,High Risk
13506,United Kingdom,5,1338.08,255,0.71090627,0.28909376,Did Not Buy,High Risk
13507,United Kingdom,3,2022.79,37,0.2026512,0.7973488,Bought,Low Risk
13508,United Kingdom,2,287.05,183,0.88844603,0.11155398,Did Not Buy,Critical Risk
13509,United Kingdom,5,825.02,39,0.6984175,0.30158252,Bought,High Risk
13510,United Kingdom,9,3664.54,34,0.1960845,0.8039155,Bought,Low Risk
13511,United Kingdom,1,282.76,616,0.9842736,0.01572639,Did Not Buy,Critical Risk
13512,United Kingdom,4,713.39,200,0.7611976,0.23880236,Did Not Buy,Critical Risk
13513,United Kingdom,3,824.59,66,0.6134082,0.38659182,Did Not Buy,High Risk
13514,United Kingdom,4,815.9000000000001,13,0.8475971,0.15240288,Did Not Buy,Critical Risk
13515,United Kingdom,6,1265.82,12,0.38731903,0.612681,Did Not Buy,Medium Risk
13516,United Kingdom,3,916.26,12,0.3776601,0.6223399,Bought,Medium Risk
13517,United Kingdom,2,1612.18,46,0.2550953,0.7449047,Bought,Medium Risk
13518,United Kingdom,1,627.16,25,0.46647543,0.5335246,Did Not Buy,Medium Risk
13519,United Kingdom,2,343.21,17,0.8889524,0.11104764,Did Not Buy,Critical Risk
13520,Switzerland,10,4849.63,77,0.25809044,0.74190956,Bought,Medium Risk
13523,United Kingdom,4,2938.93,139,0.18384624,0.81615376,Bought,Low Risk
13524,United Kingdom,4,483.86,21,0.2244758,0.7755242,Bought,Low Risk
13525,United Kingdom,1,282.88,187,0.8234229,0.17657706,Bought,Critical Risk
13526,United Kingdom,2,1182.0,677,0.9571827,0.0428173,Did Not Buy,Critical Risk
13527,United Kingdom,11,4146.72,29,0.36038965,0.63961035,Bought,Medium Risk
13529,United Kingdom,2,307.76,18,0.380296,0.619704,Did Not Buy,Medium Risk
13530,United Kingdom,1,402.97999999999996,573,0.9593793,0.0406207,Did Not Buy,Critical Risk
13531,United Kingdom,6,1433.07,144,0.5003308,0.49966916,Did Not Buy,High Risk
13533,United Kingdom,3,269.09,122,0.42872173,0.5712783,Did Not Buy,Medium Risk
13534,United Kingdom,31,6222.35,47,0.08779448,0.9122055,Bought,Low Risk
13535,United Kingdom,1,89.5,342,0.97216845,0.027831564,Did Not Buy,Critical Risk
13536,United Kingdom,1,455.17,14,0.52992785,0.47007212,Bought,High Risk
13537,United Kingdom,2,717.85,365,0.7890149,0.21098512,Did Not Buy,Critical Risk
13538,United Kingdom,11,2813.03,33,0.35559303,0.644407,Bought,Medium Risk
13539,United Kingdom,7,1569.3600000000001,25,0.50850177,0.49149826,Did Not Buy,High Risk
13540,United Kingdom,3,632.39,406,0.9640318,0.035968214,Did Not Buy,Critical Risk
13541,United Kingdom,2,785.25,366,0.9119138,0.088086195,Did Not Buy,Critical Risk
13542,United Kingdom,17,3959.4900000000002,316,0.84049594,0.15950403,Did Not Buy,Critical Risk
13543,United Kingdom,2,1439.6100000000001,573,0.97553504,0.024464991,Did Not Buy,Critical Risk
13544,United Kingdom,5,627.15,180,0.41431397,0.585686,Bought,Medium Risk
13545,United Kingdom,2,364.93,330,0.77159756,0.22840245,Did Not Buy,Critical Risk
13546,United Kingdom,3,647.41,140,0.5237267,0.47627327,Bought,High Risk
13547,United Kingdom,1,164.53,347,0.84985375,0.15014626,Did Not Buy,Critical Risk
13548,United Kingdom,3,901.44,35,0.86637163,0.13362837,Did Not Buy,Critical Risk
13549,United Kingdom,7,919.8,3,0.21426702,0.785733,Bought,Low Risk
13550,United Kingdom,1,342.55,322,0.8244395,0.17556049,Did Not Buy,Critical Risk
13551,United Kingdom,2,244.2,258,0.80228645,0.19771357,Did Not Buy,Critical Risk
13552,United Kingdom,22,6948.92,5,0.55820644,0.44179356,Did Not Buy,High Risk
13553,United Kingdom,1,499.6,614,0.86755276,0.13244723,Did Not Buy,Critical Risk
13554,United Kingdom,7,1629.35,319,0.8059628,0.19403718,Did Not Buy,Critical Risk
13555,United Kingdom,13,8891.84,13,0.5469724,0.4530276,Did Not Buy,High Risk
13556,United Kingdom,2,200.82,368,0.8691236,0.13087639,Did Not Buy,Critical Risk
13557,United Kingdom,12,2688.88,220,0.30130422,0.6986958,Bought,Medium Risk
13558,United Kingdom,2,312.71,1,0.14680469,0.8531953,Bought,Low Risk
13559,United Kingdom,2,990.0,452,0.96278924,0.03721077,Did Not Buy,Critical Risk
13561,United Kingdom,11,1803.4,155,0.52943027,0.47056976,Did Not Buy,High Risk
13562,United Kingdom,8,4838.18,21,0.5309693,0.46903068,Did Not Buy,High Risk
13563,United Kingdom,2,777.53,23,0.46500814,0.53499186,Did Not Buy,Medium Risk
13564,United Kingdom,36,15880.22,293,0.9208909,0.0791091,Did Not Buy,Critical Risk
13565,United Kingdom,2,284.76,273,0.6375405,0.36245948,Bought,High Risk
13566,United Kingdom,4,1395.22,22,0.74605227,0.2539477,Bought,High Risk
13567,United Kingdom,4,1079.29,367,0.9242035,0.07579648,Did Not Buy,Critical Risk
13568,United Kingdom,1,187.05,112,0.7914201,0.2085799,Did Not Buy,Critical Risk
13569,United Kingdom,3,497.74,307,0.32371128,0.6762887,Bought,Medium Risk
13570,United Kingdom,1,239.49,182,0.7286874,0.27131256,Did Not Buy,High Risk
13571,United Kingdom,22,3737.43,8,0.013178289,0.9868217,Bought,Low Risk
13572,United Kingdom,1,1384.25,145,0.79535174,0.20464827,Did Not Buy,Critical Risk
13573,United Kingdom,5,644.59,192,0.56827164,0.43172836,Bought,High Risk
13574,United Kingdom,1,404.45,350,0.82249814,0.17750187,Did Not Buy,Critical Risk
13575,United Kingdom,3,477.21,10,0.45353347,0.5464665,Bought,Medium Risk
13576,United Kingdom,24,9828.630000000001,10,0.019525766,0.98047423,Bought,Low Risk
13577,United Kingdom,10,2990.48,32,0.13121188,0.8687881,Bought,Low Risk
13578,United Kingdom,1,147.66,348,0.8944746,0.10552537,Did Not Buy,Critical Risk
13579,United Kingdom,4,1072.0,308,0.7350297,0.2649703,Bought,High Risk
13580,United Kingdom,1,107.75,345,0.9376939,0.0623061,Did Not Buy,Critical Risk
13581,United Kingdom,2,280.53000000000003,248,0.7401588,0.2598412,Did Not Buy,High Risk
13582,United Kingdom,2,241.68,329,0.82112336,0.17887665,Did Not Buy,Critical Risk
13583,United Kingdom,2,1445.03,95,0.8581403,0.14185973,Did Not Buy,Critical Risk
13584,United Kingdom,3,385.7,246,0.7850063,0.21499373,Did Not Buy,Critical Risk
13585,United Kingdom,3,684.54,470,0.9600701,0.03992991,Did Not Buy,Critical Risk
13586,United Kingdom,1,127.28,480,0.9602666,0.039733402,Did Not Buy,Critical Risk
13587,United Kingdom,4,1673.5,3,0.94713753,0.05286248,Did Not Buy,Critical Risk
13588,United Kingdom,5,1605.94,26,0.1027658,0.8972342,Bought,Low Risk
13589,United Kingdom,5,888.09,119,0.40654892,0.5934511,Bought,Medium Risk
13590,United Kingdom,16,5470.5,90,0.094596565,0.90540344,Bought,Low Risk
13591,United Kingdom,7,2093.94,4,0.6548193,0.3451807,Did Not Buy,High Risk
13592,United Kingdom,3,205.51,145,0.34957165,0.65042835,Bought,Medium Risk
13593,United Kingdom,14,5493.29,47,0.49901187,0.5009881,Did Not Buy,Medium Risk
13594,United Kingdom,1,136.35000000000002,425,0.91416687,0.08583312,Bought,Critical Risk
13595,United Kingdom,3,784.48,456,0.82102567,0.17897433,Did Not Buy,Critical Risk
13597,United Kingdom,2,396.71,339,0.8931403,0.1068597,Did Not Buy,Critical Risk
13598,United Kingdom,4,601.92,434,0.6434244,0.3565756,Bought,High Risk
13599,United Kingdom,22,7495.0,24,0.016348302,0.9836517,Bought,Low Risk
13600,United Kingdom,2,518.42,251,0.8569138,0.14308618,Did Not Buy,Critical Risk
13601,United Kingdom,3,839.87,150,0.3736363,0.6263637,Bought,Medium Risk
13602,United Kingdom,4,1025.17,4,0.907052,0.092948034,Did Not Buy,Critical Risk
13604,United Kingdom,1,717.62,598,0.980074,0.019926017,Did Not Buy,Critical Risk
13605,United Kingdom,2,522.67,326,0.49800205,0.50199795,Did Not Buy,Medium Risk
13606,United Kingdom,2,246.63,182,0.4883101,0.5116899,Bought,Medium Risk
13607,United Kingdom,1,400.3,342,0.79678243,0.20321758,Bought,Critical Risk
13608,United Kingdom,1,232.05,480,0.92965096,0.07034905,Did Not Buy,Critical Risk
13609,United Kingdom,1,167.35,532,0.89426386,0.105736144,Did Not Buy,Critical Risk
13610,United Kingdom,12,1784.89,49,0.15400153,0.84599847,Bought,Low Risk
13611,United Kingdom,10,3297.9300000000003,28,0.4487456,0.5512544,Did Not Buy,Medium Risk
13612,United Kingdom,1,818.29,572,0.9362928,0.06370716,Did Not Buy,Critical Risk
13613,United Kingdom,5,1039.8500000000001,392,0.8838733,0.11612672,Did Not Buy,Critical Risk
13614,United Kingdom,5,1828.31,28,0.449183,0.550817,Bought,Medium Risk
13615,United Kingdom,8,6272.53,258,0.68596685,0.31403318,Did Not Buy,High Risk
13616,United Kingdom,2,283.85,507,0.90626055,0.09373946,Did Not Buy,Critical Risk
13617,United Kingdom,7,1100.27,52,0.4734642,0.5265358,Bought,Medium Risk
13618,United Kingdom,1,177.34,113,0.89341736,0.106582664,Did Not Buy,Critical Risk
13619,United Kingdom,2,223.44,484,0.97369623,0.026303759,Did Not Buy,Critical Risk
13620,United Kingdom,1,112.34,467,0.9583408,0.041659195,Did Not Buy,Critical Risk
13621,United Kingdom,1,213.85,56,0.69760466,0.3023953,Did Not Buy,High Risk
13622,United Kingdom,1,658.95,635,0.94371426,0.056285743,Did Not Buy,Critical Risk
13623,United Kingdom,9,2344.49,149,0.36775333,0.6322467,Bought,Medium Risk
13624,United Kingdom,1,462.08,327,0.7988684,0.20113155,Did Not Buy,Critical Risk
13625,United Kingdom,1,301.26,536,0.9559449,0.04405511,Did Not Buy,Critical Risk
13626,United Kingdom,2,707.04,192,0.7380256,0.2619744,Did Not Buy,High Risk
13627,United Kingdom,6,1941.61,18,0.35688025,0.64311975,Bought,Medium Risk
13628,United Kingdom,1,310.14,615,0.98130447,0.018695554,Did Not Buy,Critical Risk
13629,United Kingdom,17,11833.86,3,0.17911261,0.8208874,Bought,Low Risk
13630,United Kingdom,6,1799.78,15,0.16957343,0.8304266,Bought,Low Risk
13631,United Kingdom,11,3070.42,39,0.81960624,0.18039377,Did Not Buy,Critical Risk
13632,United Kingdom,6,2339.14,113,0.611023,0.388977,Bought,High Risk
13634,United Kingdom,14,4785.2,26,0.3352509,0.6647491,Bought,Medium Risk
13635,United Kingdom,4,2999.16,7,0.8472049,0.15279509,Did Not Buy,Critical Risk
13636,United Kingdom,4,646.55,61,0.3890252,0.6109748,Bought,Medium Risk
13637,United Kingdom,2,677.4,126,0.37483817,0.6251618,Bought,Medium Risk
13639,United Kingdom,2,1346.27,13,0.8995912,0.10040876,Did Not Buy,Critical Risk
13640,United Kingdom,1,405.0,550,0.9439559,0.056044105,Did Not Buy,Critical Risk
13641,United Kingdom,4,942.37,580,0.9522492,0.047750797,Did Not Buy,Critical Risk
13642,United Kingdom,4,472.2,155,0.37129533,0.62870467,Did Not Buy,Medium Risk
13643,United Kingdom,9,1896.73,38,0.31453586,0.68546414,Bought,Medium Risk
13644,United Kingdom,2,1398.6100000000001,13,0.20258796,0.79741204,Bought,Low Risk
13645,United Kingdom,1,252.1,59,0.8295088,0.17049123,Did Not Buy,Critical Risk
13646,United Kingdom,2,326.25,339,0.8073443,0.19265571,Did Not Buy,Critical Risk
13647,United Kingdom,7,2669.46,10,0.31902665,0.68097335,Bought,Medium Risk
13648,United Kingdom,8,1759.07,339,0.70854545,0.29145452,Did Not Buy,High Risk
13649,United Kingdom,6,1453.68,196,0.5905303,0.40946972,Did Not Buy,High Risk
13650,United Kingdom,9,2989.76,6,0.107795715,0.8922043,Bought,Low Risk
13651,United Kingdom,1,132.65,321,0.80430293,0.19569705,Bought,Critical Risk
13652,United Kingdom,4,1805.21,196,0.6212134,0.37878662,Bought,High Risk
13653,United Kingdom,1,152.2,427,0.9713711,0.02862891,Did Not Buy,Critical Risk
13654,United Kingdom,9,5314.94,84,0.24228203,0.75771797,Bought,Low Risk
13655,United Kingdom,6,2280.51,53,0.6533584,0.3466416,Did Not Buy,High Risk
13656,United Kingdom,4,1078.85,104,0.70031476,0.2996852,Did Not Buy,High Risk
13657,United Kingdom,1,152.34,141,0.66779876,0.33220127,Bought,High Risk
13658,United Kingdom,7,5483.1,24,0.25903845,0.74096155,Bought,Medium Risk
13659,United Kingdom,12,4884.68,145,0.61136556,0.38863447,Did Not Buy,High Risk
13660,United Kingdom,1,306.64,339,0.77726644,0.22273356,Did Not Buy,Critical Risk
13661,United Kingdom,1,325.24,542,0.96577203,0.034227982,Did Not Buy,Critical Risk
13662,United Kingdom,11,2233.61,25,0.40990835,0.59009165,Did Not Buy,Medium Risk
13663,United Kingdom,5,2047.51,118,0.6947342,0.30526578,Did Not Buy,High Risk
13665,United Kingdom,3,1711.6599999999999,325,0.5311015,0.46889848,Did Not Buy,High Risk
13666,United Kingdom,4,106.45,226,0.40820283,0.5917972,Bought,Medium Risk
13667,United Kingdom,1,299.05,88,0.6892879,0.31071213,Did Not Buy,High Risk
13668,United Kingdom,30,11539.62,52,0.065991044,0.93400896,Bought,Low Risk
13669,United Kingdom,2,243.15,89,0.6544237,0.3455763,Bought,High Risk
13670,United Kingdom,1,349.7,14,0.5681201,0.43187985,Did Not Buy,High Risk
13671,United Kingdom,1,172.6,334,0.6913047,0.3086953,Did Not Buy,High Risk
13672,United Kingdom,3,419.92,240,0.8994418,0.10055821,Did Not Buy,Critical Risk
13674,United Kingdom,1,240.68,372,0.82261574,0.17738426,Did Not Buy,Critical Risk
13675,United Kingdom,2,486.82000000000005,90,0.49628657,0.5037134,Did Not Buy,Medium Risk
13676,United Kingdom,2,243.9,478,0.95191306,0.04808696,Did Not Buy,Critical Risk
13677,United Kingdom,2,551.24,344,0.7238629,0.2761371,Did Not Buy,High Risk
13678,United Kingdom,1,232.6,91,0.64367294,0.35632703,Did Not Buy,High Risk
13679,United Kingdom,3,281.26,433,0.9043618,0.09563823,Did Not Buy,Critical Risk
13680,United Kingdom,10,10092.14,277,0.15995866,0.84004134,Bought,Low Risk
13681,United Kingdom,2,531.08,8,0.55016077,0.44983926,Bought,High Risk
13682,United Kingdom,1,59.5,126,0.71925944,0.28074056,Did Not Buy,High Risk
13683,United Kingdom,1,258.6,397,0.8720933,0.12790667,Did Not Buy,Critical Risk
13684,United Kingdom,4,594.88,225,0.6498531,0.35014692,Did Not Buy,High Risk
13686,United Kingdom,3,409.04,122,0.8288306,0.17116939,Did Not Buy,Critical Risk
13687,United Kingdom,1,11880.84,377,0.95136833,0.04863168,Did Not Buy,Critical Risk
13688,United Kingdom,1,375.5,574,0.987056,0.01294398,Did Not Buy,Critical Risk
13689,United Kingdom,2,1259.5,2,0.9186689,0.08133107,Did Not Buy,Critical Risk
13691,United Kingdom,1,210.78,335,0.76359653,0.2364035,Did Not Buy,Critical Risk
13692,United Kingdom,4,2497.66,153,0.46849805,0.53150195,Bought,Medium Risk
13693,United Kingdom,9,2011.82,313,0.67134213,0.32865784,Did Not Buy,High Risk
13694,United Kingdom,135,182128.13,11,0.0028281808,0.9971718,Bought,Low Risk
13695,United Kingdom,15,2473.95,3,0.10455608,0.8954439,Bought,Low Risk
13696,United Kingdom,3,2020.4,361,0.9356599,0.064340085,Did Not Buy,Critical Risk
13698,United Kingdom,2,451.73,536,0.9154927,0.0845073,Did Not Buy,Critical Risk
13699,United Kingdom,2,764.15,94,0.8957532,0.10424681,Did Not Buy,Critical Risk
13700,United Kingdom,11,1983.11,32,0.22369385,0.77630615,Bought,Low Risk
13701,United Kingdom,1,161.0,386,0.930307,0.06969302,Did Not Buy,Critical Risk
13702,United Kingdom,1,135.18,385,0.89164877,0.10835123,Did Not Buy,Critical Risk
13703,United Kingdom,2,425.56,257,0.82535106,0.17464896,Did Not Buy,Critical Risk
13704,United Kingdom,5,1289.4,13,0.15840745,0.84159255,Bought,Low Risk
13705,United Kingdom,6,1528.01,84,0.52012885,0.47987112,Bought,High Risk
13706,United Kingdom,2,631.17,242,0.8563073,0.14369267,Did Not Buy,Critical Risk
13707,United Kingdom,5,3365.86,206,0.6754664,0.32453355,Did Not Buy,High Risk
13708,United Kingdom,1,283.33,210,0.779429,0.22057098,Did Not Buy,Critical Risk
13709,United Kingdom,12,4861.53,4,0.1623075,0.8376925,Bought,Low Risk
13710,United Kingdom,2,329.04,363,0.5896703,0.4103297,Bought,High Risk
13711,United Kingdom,9,1792.26,158,0.5479939,0.45200613,Did Not Buy,High Risk
13712,United Kingdom,2,766.42,186,0.8895473,0.11045271,Did Not Buy,Critical Risk
13713,United Kingdom,3,740.76,347,0.768435,0.23156503,Did Not Buy,Critical Risk
13714,United Kingdom,1,161.35,404,0.98924196,0.010758045,Did Not Buy,Critical Risk
13715,United Kingdom,17,8153.04,220,0.8498349,0.15016508,Did Not Buy,Critical Risk
13716,United Kingdom,1,138.28,208,0.8861011,0.11389884,Did Not Buy,Critical Risk
13717,United Kingdom,6,1274.28,68,0.298491,0.701509,Bought,Medium Risk
13718,United Kingdom,2,306.55,185,0.82668066,0.17331932,Did Not Buy,Critical Risk
13719,United Kingdom,8,2079.16,144,0.27623284,0.72376716,Bought,Medium Risk
13720,United Kingdom,4,799.9,56,0.40187848,0.5981215,Did Not Buy,Medium Risk
13721,United Kingdom,1,217.39999999999998,334,0.72300184,0.27699816,Bought,High Risk
13722,United Kingdom,10,5635.41,71,0.35068262,0.6493174,Did Not Buy,Medium Risk
13723,United Kingdom,6,1194.08,156,0.79847956,0.20152041,Did Not Buy,Critical Risk
13724,United Kingdom,1,213.01,576,0.96460015,0.035399836,Did Not Buy,Critical Risk
13725,United Kingdom,7,1865.7,108,0.3492241,0.6507759,Bought,Medium Risk
13726,United Kingdom,1,292.68,40,0.49935865,0.50064135,Bought,Medium Risk
13727,United Kingdom,6,740.6700000000001,551,0.5349835,0.4650165,Bought,High Risk
13728,United Kingdom,15,2636.05,46,0.19894826,0.80105174,Bought,Low Risk
13729,United Kingdom,3,724.73,375,0.8154481,0.18455188,Did Not Buy,Critical Risk
13730,United Kingdom,2,752.6,75,0.44031167,0.5596883,Did Not Buy,Medium Risk
13731,United Kingdom,2,610.59,158,0.74372065,0.25627932,Did Not Buy,High Risk
13733,United Kingdom,2,487.03000000000003,350,0.7324542,0.26754585,Did Not Buy,High Risk
13734,United Kingdom,4,6695.6900000000005,448,0.9911884,0.0088116005,Did Not Buy,Critical Risk
13735,United Kingdom,11,8288.92,115,0.12804782,0.8719522,Bought,Low Risk
13736,United Kingdom,6,2380.2,199,0.3289007,0.6710993,Bought,Medium Risk
13737,United Kingdom,1,339.59999999999997,139,0.8841955,0.11580451,Did Not Buy,Critical Risk
13738,United Kingdom,1,434.78000000000003,335,0.80151886,0.19848114,Did Not Buy,Critical Risk
13739,United Kingdom,1,75.3,467,0.6946888,0.30531117,Bought,High Risk
13740,United Kingdom,5,1582.77,180,0.7277827,0.27221727,Did Not Buy,High Risk
13741,United Kingdom,3,668.4300000000001,11,0.5556426,0.44435742,Did Not Buy,High Risk
13742,United Kingdom,11,2775.4700000000003,29,0.06131631,0.9386837,Bought,Low Risk
13743,United Kingdom,6,1065.84,28,0.12616998,0.87383,Bought,Low Risk
13744,United Kingdom,2,1080.52,34,0.7773566,0.22264335,Did Not Buy,Critical Risk
13745,United Kingdom,2,777.36,101,0.85107356,0.14892642,Did Not Buy,Critical Risk
13746,United Kingdom,1,176.69,353,0.90770626,0.09229376,Did Not Buy,Critical Risk
13747,United Kingdom,2,169.79999999999998,313,0.8523126,0.14768736,Did Not Buy,Critical Risk
13748,United Kingdom,9,2064.35,35,0.7136513,0.28634867,Did Not Buy,High Risk
13750,United Kingdom,10,3271.55,79,0.39330828,0.6066917,Bought,Medium Risk
13751,United Kingdom,1,296.25,227,0.90490884,0.09509115,Did Not Buy,Critical Risk
13752,United Kingdom,7,1579.8300000000002,63,0.539356,0.46064404,Did Not Buy,High Risk
13753,United Kingdom,4,2094.57,227,0.77796525,0.22203474,Did Not Buy,Critical Risk
13754,United Kingdom,3,447.05,91,0.6707245,0.3292755,Did Not Buy,High Risk
13755,United Kingdom,1,462.81,2,0.13750523,0.86249477,Bought,Low Risk
13756,United Kingdom,18,6731.75,0,0.028612852,0.97138715,Bought,Low Risk
13757,United Kingdom,1,195.55,614,0.98223877,0.017761247,Did Not Buy,Critical Risk
13758,United Kingdom,12,7756.26,140,0.32102746,0.67897254,Bought,Medium Risk
13759,United Kingdom,1,560.4100000000001,10,0.4304108,0.5695892,Bought,Medium Risk
13760,United Kingdom,4,1211.94,195,0.68649143,0.31350857,Bought,High Risk
13761,United Kingdom,5,1373.23,119,0.5630263,0.43697366,Bought,High Risk
13762,United Kingdom,5,2472.48,158,0.89363897,0.10636103,Did Not Buy,Critical Risk
13763,United Kingdom,3,5217.4400000000005,2,0.63719416,0.36280584,Did Not Buy,High Risk
13764,United Kingdom,6,2908.67,10,0.81605023,0.18394977,Did Not Buy,Critical Risk
13765,United Kingdom,1,352.82,592,0.97848415,0.02151587,Did Not Buy,Critical Risk
13766,United Kingdom,1,190.35,434,0.9711105,0.028889475,Did Not Buy,Critical Risk
13767,United Kingdom,70,30366.890000000003,0,0.0018205643,0.99817944,Bought,Low Risk
13768,United Kingdom,2,875.97,666,0.963941,0.036059014,Did Not Buy,Critical Risk
13769,United Kingdom,18,4858.2300000000005,31,0.038949847,0.96105015,Bought,Low Risk
13770,United Kingdom,4,785.37,361,0.78883207,0.21116795,Did Not Buy,Critical Risk
13771,United Kingdom,9,5728.82,3,0.8766362,0.1233638,Did Not Buy,Critical Risk
13772,United Kingdom,7,2660.36,36,0.26637292,0.7336271,Bought,Medium Risk
13773,United Kingdom,2,301.54,336,0.8596213,0.14037873,Did Not Buy,Critical Risk
13774,United Kingdom,1,345.0,21,0.6105913,0.3894087,Did Not Buy,High Risk
13775,United Kingdom,1,1049.66,530,0.76212204,0.23787795,Did Not Buy,Critical Risk
13777,United Kingdom,55,36682.6,17,0.027947724,0.9720523,Bought,Low Risk
13778,United Kingdom,4,1124.49,42,0.8526591,0.14734088,Did Not Buy,Critical Risk
13779,United Kingdom,1,161.13,455,0.9813999,0.018600103,Did Not Buy,Critical Risk
13780,United Kingdom,2,488.34000000000003,110,0.57807404,0.42192596,Bought,High Risk
13781,United Kingdom,3,778.83,190,0.847619,0.15238102,Did Not Buy,Critical Risk
13782,United Kingdom,11,1504.52,8,0.11725515,0.88274485,Bought,Low Risk
13783,United Kingdom,4,1542.09,427,0.9917233,0.008276673,Did Not Buy,Critical Risk
13784,United Kingdom,12,2571.59,34,0.1261875,0.8738125,Bought,Low Risk
13785,United Kingdom,4,542.49,368,0.8672778,0.1327222,Did Not Buy,Critical Risk
13786,United Kingdom,6,3127.99,306,0.5978372,0.40216282,Did Not Buy,High Risk
13787,United Kingdom,6,1222.5,15,0.6729563,0.3270437,Did Not Buy,High Risk
13788,United Kingdom,1,3.75,444,0.98168314,0.018316876,Did Not Buy,Critical Risk
13789,United Kingdom,1,239.45999999999998,327,0.8487489,0.15125106,Did Not Buy,Critical Risk
13791,United Kingdom,2,1516.0,67,0.7193713,0.28062868,Did Not Buy,High Risk
13792,United Kingdom,3,383.95,5,0.9142519,0.08574809,Did Not Buy,Critical Risk
13793,United Kingdom,1,96.0,586,0.9910605,0.0089394795,Did Not Buy,Critical Risk
13794,United Kingdom,1,126.03,486,0.981182,0.018818017,Did Not Buy,Critical Risk
13795,United Kingdom,4,836.3,327,0.8221048,0.17789516,Did Not Buy,Critical Risk
13796,United Kingdom,1,289.7,438,0.945114,0.054886002,Did Not Buy,Critical Risk
13797,United Kingdom,3,1179.45,376,0.8563456,0.14365442,Did Not Buy,Critical Risk
13798,United Kingdom,100,70535.32,3,0.0030788183,0.9969212,Bought,Low Risk
13799,United Kingdom,9,2803.57,56,0.5559528,0.44404718,Did Not Buy,High Risk
13800,United Kingdom,3,1679.56,249,0.8620044,0.13799563,Did Not Buy,Critical Risk
13801,United Kingdom,1,324.8,6,0.56991744,0.4300826,Did Not Buy,High Risk
13802,United Kingdom,19,26259.11,78,0.8232916,0.17670842,Did Not Buy,Critical Risk
13803,United Kingdom,3,1338.91,194,0.80508935,0.19491068,Did Not Buy,Critical Risk
13804,United Kingdom,7,2808.31,18,0.08555609,0.9144439,Bought,Low Risk
13805,United Kingdom,1,500.24,68,0.4310013,0.5689987,Bought,Medium Risk
13806,United Kingdom,1,256.38,3,0.7206409,0.27935907,Did Not Buy,High Risk
13807,United Kingdom,3,422.2,306,0.81512225,0.18487772,Did Not Buy,Critical Risk
13808,United Kingdom,3,1362.4,5,0.23972791,0.7602721,Bought,Low Risk
13809,Cyprus,3,679.7,244,0.8881508,0.11184918,Did Not Buy,Critical Risk
13811,Germany,2,519.75,123,0.9066276,0.09337243,Did Not Buy,Critical Risk
13812,Germany,2,382.62,3,0.30339462,0.6966054,Bought,Medium Risk
13813,Germany,7,2033.93,10,0.19576722,0.8042328,Bought,Low Risk
13814,Germany,3,2257.32,31,0.86638314,0.13361688,Did Not Buy,Critical Risk
13815,Germany,6,5760.13,111,0.19264466,0.80735534,Bought,Low Risk
13816,Germany,1,317.69,3,0.34207875,0.65792125,Bought,Medium Risk
13817,Germany,1,110.7,291,0.6779381,0.3220619,Bought,High Risk
13818,United Kingdom,1,61.28,369,0.94189656,0.05810343,Did Not Buy,Critical Risk
13819,United Kingdom,6,2642.35,241,0.4574185,0.5425815,Did Not Buy,Medium Risk
13820,United Kingdom,3,652.75,357,0.75133187,0.24866812,Did Not Buy,Critical Risk
13821,United Kingdom,6,1379.08,84,0.698974,0.30102602,Did Not Buy,High Risk
13823,United Kingdom,6,3096.21,31,0.40893763,0.59106237,Bought,Medium Risk
13824,United Kingdom,11,3045.66,75,0.2818808,0.7181192,Bought,Medium Risk
13825,United Kingdom,2,255.59,561,0.9264529,0.073547095,Did Not Buy,Critical Risk
13826,United Kingdom,1,189.5,115,0.7855387,0.21446136,Did Not Buy,Critical Risk
13827,United Kingdom,2,300.76,73,0.31847256,0.68152744,Bought,Medium Risk
13829,United Kingdom,1,102.0,360,0.9618153,0.03818469,Did Not Buy,Critical Risk
13830,United Kingdom,1,156.85000000000002,521,0.9749841,0.025015913,Did Not Buy,Critical Risk
13831,United Kingdom,17,6178.139999999999,27,0.13411361,0.8658864,Bought,Low Risk
13832,United Kingdom,1,557.6899999999999,361,0.6192528,0.38074717,Bought,High Risk
13833,United Kingdom,2,700.41,98,0.76627517,0.23372482,Did Not Buy,Critical Risk
13834,United Kingdom,2,324.19,516,0.94630456,0.053695437,Did Not Buy,Critical Risk
13835,United Kingdom,5,798.04,94,0.49017036,0.50982964,Bought,Medium Risk
13836,United Kingdom,2,620.37,338,0.85841185,0.14158817,Did Not Buy,Critical Risk
13837,United Kingdom,2,266.59000000000003,151,0.5840983,0.41590172,Did Not Buy,High Risk
13838,United Kingdom,9,1482.79,57,0.12239635,0.87760365,Bought,Low Risk
13839,United Kingdom,1,139.95000000000002,425,0.8594893,0.14051068,Did Not Buy,Critical Risk
13840,United Kingdom,1,651.4,355,0.7143866,0.28561342,Did Not Buy,High Risk
13841,United Kingdom,1,85.0,192,0.85861504,0.14138499,Did Not Buy,Critical Risk
13842,United Kingdom,17,4737.65,11,0.14968151,0.8503185,Bought,Low Risk
13843,United Kingdom,1,319.75,320,0.8734729,0.12652707,Did Not Buy,Critical Risk
13845,United Kingdom,1,312.98,4,0.8392323,0.16076767,Did Not Buy,Critical Risk
13846,United Kingdom,3,1106.66,181,0.5503387,0.4496613,Bought,High Risk
13847,United Kingdom,1,310.72,659,0.9717216,0.028278401,Did Not Buy,Critical Risk
13848,United Kingdom,8,3015.0,31,0.6337781,0.36622193,Did Not Buy,High Risk
13849,United Kingdom,4,2524.93,110,0.41810322,0.5818968,Bought,Medium Risk
13850,United Kingdom,1,1595.48,68,0.24543375,0.75456625,Did Not Buy,Low Risk
13851,United Kingdom,8,4606.46,35,0.58494365,0.41505638,Did Not Buy,High Risk
13852,United Kingdom,1,187.35000000000002,550,0.7609612,0.23903881,Did Not Buy,Critical Risk
13854,United Kingdom,36,10923.16,4,0.021520078,0.9784799,Bought,Low Risk
13855,United Kingdom,4,1310.3400000000001,440,0.95954776,0.040452268,Did Not Buy,Critical Risk
13856,United Kingdom,11,1142.03,108,0.6735461,0.32645392,Did Not Buy,High Risk
13857,United Kingdom,6,1000.91,332,0.76642454,0.23357545,Did Not Buy,Critical Risk
13859,United Kingdom,2,515.86,265,0.82226944,0.17773053,Did Not Buy,Critical Risk
13860,United Kingdom,1,405.88,26,0.5020009,0.49799907,Bought,High Risk
13861,United Kingdom,2,273.26,368,0.7891389,0.2108611,Did Not Buy,Critical Risk
13862,United Kingdom,8,2436.43,12,0.053510547,0.94648945,Bought,Low Risk
13863,United Kingdom,4,1239.55,187,0.85610074,0.14389925,Did Not Buy,Critical Risk
13864,United Kingdom,1,662.4000000000001,326,0.8426764,0.15732358,Did Not Buy,Critical Risk
13865,United Kingdom,3,383.34000000000003,76,0.4582525,0.5417475,Bought,Medium Risk
13866,United Kingdom,1,145.67000000000002,13,0.7184472,0.28155276,Did Not Buy,High Risk
13867,United Kingdom,2,582.64,14,0.49833786,0.50166214,Bought,Medium Risk
13869,United Kingdom,10,7996.87,62,0.47881502,0.521185,Did Not Buy,Medium Risk
13870,United Kingdom,12,5120.61,41,0.2193886,0.7806114,Bought,Low Risk
13871,United Kingdom,13,6095.24,31,0.16646475,0.83353525,Bought,Low Risk
13872,United Kingdom,3,919.57,466,0.8617441,0.13825591,Did Not Buy,Critical Risk
13873,United Kingdom,8,1038.92,59,0.72482204,0.27517796,Did Not Buy,High Risk
13874,United Kingdom,7,2049.15,297,0.64772403,0.35227597,Did Not Buy,High Risk
13875,United Kingdom,13,4452.38,73,0.18662816,0.81337184,Bought,Low Risk
13876,United Kingdom,1,122.7,3,0.7953328,0.20466724,Did Not Buy,Critical Risk
13877,United Kingdom,3,449.68,25,0.6258701,0.37412992,Did Not Buy,High Risk
13878,United Kingdom,3,1145.33,487,0.5216122,0.47838777,Bought,High Risk
13879,United Kingdom,1,395.5,585,0.98474807,0.01525196,Did Not Buy,Critical Risk
13880,United Kingdom,15,3575.11,27,0.10449213,0.8955079,Bought,Low Risk
13881,United Kingdom,36,39640.92,6,0.009937584,0.9900624,Bought,Low Risk
13882,United Kingdom,1,192.76,3,0.4049878,0.5950122,Bought,Medium Risk
13883,United Kingdom,13,5603.67,158,0.7526075,0.24739248,Bought,Critical Risk
13884,United Kingdom,9,1577.93,28,0.23365569,0.7663443,Bought,Low Risk
13885,United Kingdom,2,506.8,128,0.741711,0.258289,Did Not Buy,High Risk
13886,United Kingdom,1,243.56,10,0.5922735,0.40772653,Did Not Buy,High Risk
13887,United Kingdom,1,349.55,143,0.8439058,0.15609416,Did Not Buy,Critical Risk
13888,United Kingdom,7,2001.59,59,0.62924397,0.370756,Did Not Buy,High Risk
13889,United Kingdom,6,1991.23,32,0.72940165,0.27059835,Did Not Buy,High Risk
13890,United Kingdom,6,1544.68,46,0.4530937,0.5469063,Bought,Medium Risk
13891,United Kingdom,3,859.21,317,0.625487,0.37451297,Did Not Buy,High Risk
13892,United Kingdom,4,1030.41,3,0.69038725,0.30961275,Bought,High Risk
13893,United Kingdom,1,821.1,237,0.894755,0.105244994,Did Not Buy,Critical Risk
13894,United Kingdom,1,160.85,249,0.84979403,0.15020598,Bought,Critical Risk
13895,United Kingdom,5,3326.56,6,0.21946251,0.7805375,Bought,Low Risk
13896,United Kingdom,1,388.55,565,0.98212177,0.017878236,Did Not Buy,Critical Risk
13897,United Kingdom,2,849.56,377,0.6554851,0.3445149,Bought,High Risk
13898,United Kingdom,2,686.4,265,0.7175423,0.2824577,Did Not Buy,High Risk
13899,United Kingdom,1,298.5,214,0.9118125,0.08818754,Bought,Critical Risk
13900,United Kingdom,6,1610.59,122,0.661507,0.33849296,Did Not Buy,High Risk
13901,United Kingdom,15,5676.34,11,0.7516857,0.24831432,Did Not Buy,Critical Risk
13902,Denmark,5,34023.26,571,0.9592128,0.040787198,Did Not Buy,Critical Risk
13903,United Kingdom,1,165.45000000000002,339,0.8521969,0.14780311,Did Not Buy,Critical Risk
13904,United Kingdom,1,201.12,234,0.6529615,0.3470385,Bought,High Risk
13905,United Kingdom,1,312.65,672,0.97390026,0.026099721,Did Not Buy,Critical Risk
13906,United Kingdom,1,42.0,348,0.9252448,0.074755214,Did Not Buy,Critical Risk
13907,United Kingdom,1,136.8,631,0.9755484,0.02445159,Did Not Buy,Critical Risk
13908,United Kingdom,4,2319.55,19,0.5540148,0.44598517,Did Not Buy,High Risk
13909,United Kingdom,2,282.85,362,0.81042933,0.18957068,Did Not Buy,Critical Risk
13911,United Kingdom,19,4091.71,83,0.0962919,0.9037081,Bought,Low Risk
13912,United Kingdom,1,124.95,363,0.9151373,0.08486269,Did Not Buy,Critical Risk
13913,United Kingdom,1,42.22,446,0.98057926,0.01942075,Did Not Buy,Critical Risk
13915,United Kingdom,1,70.80000000000001,333,0.9000381,0.09996185,Did Not Buy,Critical Risk
13916,United Kingdom,4,1275.81,403,0.9440117,0.05598829,Did Not Buy,Critical Risk
13917,United Kingdom,1,65.38,131,0.6609439,0.33905607,Bought,High Risk
13918,United Kingdom,1,198.2,192,0.5758189,0.4241811,Bought,High Risk
13919,Denmark,3,1099.02,61,0.534183,0.465817,Bought,High Risk
13920,United Kingdom,4,1774.68,371,0.8081394,0.19186062,Did Not Buy,Critical Risk
13921,United Kingdom,4,730.7,341,0.73533165,0.26466835,Did Not Buy,High Risk
13922,United Kingdom,3,865.2,291,0.7621134,0.2378866,Did Not Buy,Critical Risk
13924,United Kingdom,1,679.03,11,0.3797325,0.6202675,Bought,Medium Risk
13925,United Kingdom,4,678.25,32,0.5440153,0.45598474,Did Not Buy,High Risk
13927,United Kingdom,2,708.26,14,0.80523324,0.19476677,Did Not Buy,Critical Risk
13928,United Kingdom,2,225.45000000000002,46,0.2272585,0.7727415,Bought,Low Risk
13929,United Kingdom,11,3494.1,108,0.68095076,0.3190492,Did Not Buy,High Risk
13930,United Kingdom,1,210.0,76,0.5309273,0.4690727,Bought,High Risk
13931,United Kingdom,11,5257.38,35,0.7059159,0.2940841,Did Not Buy,High Risk
13932,United Kingdom,1,307.4,234,0.8901169,0.10988311,Did Not Buy,Critical Risk
13933,United Kingdom,2,608.7900000000001,48,0.6207652,0.37923482,Did Not Buy,High Risk
13934,United Kingdom,1,922.1,203,0.88239694,0.11760308,Did Not Buy,Critical Risk
13935,United Kingdom,3,6116.92,536,0.97200924,0.02799074,Did Not Buy,Critical Risk
13936,United Kingdom,3,939.66,119,0.7024188,0.29758117,Did Not Buy,High Risk
13937,United Kingdom,2,880.13,108,0.81472427,0.18527573,Did Not Buy,Critical Risk
13939,United Kingdom,6,1382.62,48,0.45323545,0.54676455,Bought,Medium Risk
13940,United Kingdom,3,616.3,3,0.3913026,0.6086974,Bought,Medium Risk
13941,United Kingdom,14,8773.52,29,0.1837005,0.8162995,Bought,Low Risk
13942,United Kingdom,1,320.0,474,0.97466445,0.025335556,Did Not Buy,Critical Risk
13943,United Kingdom,1,246.54,517,0.87954146,0.12045852,Did Not Buy,Critical Risk
13944,United Kingdom,1,200.43,592,0.95086694,0.04913307,Did Not Buy,Critical Risk
13945,United Kingdom,2,854.15,334,0.7109946,0.2890054,Did Not Buy,High Risk
13946,United Kingdom,6,1876.23,18,0.91834325,0.08165677,Did Not Buy,Critical Risk
13947,United Kingdom,1,90.6,4,0.85314965,0.14685038,Did Not Buy,Critical Risk
13948,United Kingdom,4,548.76,300,0.75357175,0.24642828,Did Not Buy,Critical Risk
13949,United Kingdom,3,1212.17,5,0.08088541,0.9191146,Bought,Low Risk
13950,United Kingdom,2,323.65999999999997,12,0.46979767,0.5302023,Bought,Medium Risk
13951,United Kingdom,3,674.45,115,0.5624839,0.43751612,Did Not Buy,High Risk
13952,United Kingdom,14,12823.52,157,0.7684977,0.2315023,Did Not Buy,Critical Risk
13953,United Kingdom,10,5729.36,55,0.33734423,0.6626558,Bought,Medium Risk
13954,United Kingdom,1,227.41,10,0.41977268,0.5802273,Bought,Medium Risk
13955,United Kingdom,3,544.0699999999999,93,0.46697724,0.53302276,Did Not Buy,Medium Risk
13956,United Kingdom,3,676.07,77,0.20056695,0.79943305,Bought,Low Risk
13957,United Kingdom,3,458.25,357,0.88057417,0.119425856,Did Not Buy,Critical Risk
13958,United Kingdom,8,4709.2300000000005,319,0.7887368,0.21126316,Did Not Buy,Critical Risk
13959,United Kingdom,6,1064.77,18,0.7047719,0.29522815,Did Not Buy,High Risk
13960,United Kingdom,1,128.1,11,0.9362192,0.06378076,Bought,Critical Risk
13961,United Kingdom,1,538.4,331,0.8653098,0.13469021,Did Not Buy,Critical Risk
13962,United Kingdom,2,310.85,185,0.83578473,0.16421525,Bought,Critical Risk
13963,United Kingdom,17,2860.57,247,0.872233,0.12776704,Did Not Buy,Critical Risk
13964,United Kingdom,2,438.9,326,0.88413775,0.11586223,Did Not Buy,Critical Risk
13965,United Kingdom,3,996.61,416,0.97593135,0.02406868,Did Not Buy,Critical Risk
13966,United Kingdom,1,384.26,374,0.87703955,0.12296048,Did Not Buy,Critical Risk
13967,United Kingdom,2,166.3,85,0.8340168,0.16598323,Did Not Buy,Critical Risk
13968,United Kingdom,1,123.66,362,0.8994916,0.1005084,Did Not Buy,Critical Risk
13969,United Kingdom,28,7832.52,46,0.047047317,0.9529527,Bought,Low Risk
13970,United Kingdom,2,846.55,325,0.7943705,0.20562953,Did Not Buy,Critical Risk
13971,United Kingdom,12,3895.21,45,0.13361126,0.86638874,Bought,Low Risk
13972,United Kingdom,2,190.25,10,0.9138374,0.08616265,Did Not Buy,Critical Risk
13973,United Kingdom,1,264.7,226,0.8393783,0.1606217,Did Not Buy,Critical Risk
13974,United Kingdom,1,264.13,521,0.9315961,0.068403915,Bought,Critical Risk
13975,United Kingdom,10,4261.83,67,0.05292821,0.9470718,Bought,Low Risk
13976,United Kingdom,4,1192.36,146,0.58874404,0.41125596,Did Not Buy,High Risk
13977,United Kingdom,1,519.8100000000001,350,0.8632152,0.13678478,Did Not Buy,Critical Risk
13979,United Kingdom,7,3373.63,12,0.4402495,0.5597505,Did Not Buy,Medium Risk
13980,United Kingdom,4,568.68,378,0.4843399,0.5156601,Bought,Medium Risk
13981,United Kingdom,1,331.14,355,0.8570477,0.14295231,Did Not Buy,Critical Risk
13982,United Kingdom,8,3312.62,102,0.5376929,0.46230707,Bought,High Risk
13983,United Kingdom,18,6214.0,28,0.073441684,0.9265583,Bought,Low Risk
13984,United Kingdom,11,1792.6200000000001,65,0.19896221,0.8010378,Bought,Low Risk
13985,United Kingdom,15,6751.99,11,0.15545118,0.8445488,Bought,Low Risk
13987,United Kingdom,2,682.54,319,0.7556301,0.24436994,Did Not Buy,Critical Risk
13988,United Kingdom,6,3795.15,12,0.19932789,0.8006721,Bought,Low Risk
13989,United Kingdom,5,2026.06,5,0.64181733,0.35818267,Did Not Buy,High Risk
13990,United Kingdom,1,311.3,152,0.824598,0.175402,Did Not Buy,Critical Risk
13991,United Kingdom,2,337.2,14,0.2005555,0.7994445,Bought,Low Risk
13992,United Kingdom,2,142.7,319,0.5851406,0.41485938,Bought,High Risk
13993,United Kingdom,18,6402.06,3,0.015436411,0.9845636,Bought,Low Risk
13994,United Kingdom,4,1549.74,6,0.053184867,0.94681513,Bought,Low Risk
13995,United Kingdom,12,3380.2200000000003,55,0.17674816,0.82325184,Bought,Low Risk
13996,United Kingdom,2,845.76,325,0.8102477,0.1897523,Did Not Buy,Critical Risk
13997,United Kingdom,3,376.46,458,0.9543204,0.04567961,Did Not Buy,Critical Risk
13998,United Kingdom,3,566.7,386,0.8694153,0.13058469,Did Not Buy,Critical Risk
13999,United Kingdom,27,8777.86,4,0.010911047,0.98908895,Bought,Low Risk
14000,United Kingdom,5,2046.3400000000001,150,0.8283116,0.1716884,Did Not Buy,Critical Risk
14001,United Kingdom,8,3494.91,172,0.5861202,0.4138798,Bought,High Risk
14002,United Kingdom,2,529.73,73,0.5206355,0.47936448,Did Not Buy,High Risk
14003,United Kingdom,1,209.41,672,0.9419235,0.05807652,Did Not Buy,Critical Risk
14004,United Kingdom,10,5445.3,18,0.090717256,0.90928274,Bought,Low Risk
14005,United Kingdom,4,977.68,15,0.15067089,0.8493291,Bought,Low Risk
14006,United Kingdom,7,2196.67,55,0.6908381,0.30916193,Did Not Buy,High Risk
14007,United Kingdom,1,79.48,452,0.97089297,0.029107017,Did Not Buy,Critical Risk
14008,United Kingdom,1,509.04,371,0.74542797,0.25457203,Did Not Buy,High Risk
14009,United Kingdom,3,1099.91,137,0.5490093,0.45099065,Did Not Buy,High Risk
14010,United Kingdom,2,445.15,504,0.80038184,0.19961818,Did Not Buy,Critical Risk
14011,United Kingdom,2,457.82,419,0.9488339,0.051166117,Did Not Buy,Critical Risk
14012,United Kingdom,1,328.8,217,0.89872855,0.10127143,Did Not Buy,Critical Risk
14013,United Kingdom,5,1084.57,49,0.63094974,0.3690503,Did Not Buy,High Risk
14014,United Kingdom,3,1948.21,16,0.81075734,0.18924268,Did Not Buy,Critical Risk
14016,EIRE,11,11303.41,101,0.6574938,0.34250614,Did Not Buy,High Risk
14017,United Kingdom,1,229.75,510,0.9669691,0.033030923,Did Not Buy,Critical Risk
14018,United Kingdom,1,367.15000000000003,584,0.98474485,0.015255181,Did Not Buy,Critical Risk
14019,United Kingdom,2,800.53,37,0.33888894,0.66111106,Bought,Medium Risk
14020,United Kingdom,3,937.35,27,0.7456974,0.25430262,Bought,High Risk
14021,United Kingdom,7,1716.58,94,0.5443573,0.45564273,Did Not Buy,High Risk
14022,United Kingdom,2,792.15,164,0.6588236,0.3411764,Did Not Buy,High Risk
14023,United Kingdom,1,273.14,189,0.6681688,0.33183125,Bought,High Risk
14024,United Kingdom,3,645.74,61,0.63516843,0.36483154,Did Not Buy,High Risk
14025,United Kingdom,8,4057.9,404,0.9710541,0.028945941,Did Not Buy,Critical Risk
14026,United Kingdom,2,713.11,410,0.9222269,0.07777308,Did Not Buy,Critical Risk
14027,United Kingdom,1,104.82,0,0.83429134,0.16570865,Did Not Buy,Critical Risk
14028,United Kingdom,3,10396.5,489,0.91049635,0.089503616,Did Not Buy,Critical Risk
14029,United Kingdom,2,467.66,2,0.557346,0.44265398,Did Not Buy,High Risk
14030,United Kingdom,19,6979.7699999999995,28,0.051515996,0.948484,Bought,Low Risk
14031,United Kingdom,41,35783.8,6,0.0025057793,0.9974942,Bought,Low Risk
14032,United Kingdom,12,3718.39,26,0.0858739,0.9141261,Bought,Low Risk
14033,United Kingdom,1,109.44,494,0.95182806,0.048171937,Did Not Buy,Critical Risk
14034,United Kingdom,2,473.90999999999997,96,0.3205542,0.6794458,Bought,Medium Risk
14035,United Kingdom,7,2203.99,46,0.4494313,0.5505687,Bought,Medium Risk
14036,United Kingdom,1,626.65,224,0.8255905,0.17440952,Did Not Buy,Critical Risk
14037,United Kingdom,6,836.95,115,0.62605643,0.3739436,Did Not Buy,High Risk
14038,United Kingdom,5,3069.88,17,0.59007716,0.4099228,Did Not Buy,High Risk
14039,United Kingdom,1,115.08000000000001,515,0.72073686,0.27926314,Bought,High Risk
14040,United Kingdom,34,12382.76,0,0.0057842135,0.9942158,Bought,Low Risk
14041,United Kingdom,1,141.41,205,0.8663672,0.13363276,Did Not Buy,Critical Risk
14042,United Kingdom,1,431.98,664,0.9810906,0.018909406,Did Not Buy,Critical Risk
14043,United Kingdom,2,302.6,430,0.9582384,0.0417616,Did Not Buy,Critical Risk
14044,United Kingdom,9,2963.2400000000002,42,0.088623226,0.9113768,Bought,Low Risk
14045,United Kingdom,16,10986.63,48,0.9203261,0.07967387,Did Not Buy,Critical Risk
14046,United Kingdom,1,151.59,223,0.8819771,0.11802294,Did Not Buy,Critical Risk
14047,United Kingdom,13,3616.96,12,0.17027527,0.8297247,Bought,Low Risk
14048,United Kingdom,3,748.69,244,0.44590658,0.5540934,Did Not Buy,Medium Risk
14049,United Kingdom,12,10689.42,98,0.11098629,0.8890137,Bought,Low Risk
14050,United Kingdom,1,485.98,45,0.37675864,0.62324136,Bought,Medium Risk
14051,United Kingdom,31,16406.38,7,0.0038724542,0.99612755,Bought,Low Risk
14052,United Kingdom,1,241.3,330,0.4188252,0.5811748,Bought,Medium Risk
14053,United Kingdom,4,572.3,63,0.73804563,0.26195437,Did Not Buy,High Risk
14054,United Kingdom,1,92.46,4,0.86405194,0.13594808,Did Not Buy,Critical Risk
14055,United Kingdom,3,1520.96,45,0.93504137,0.064958654,Did Not Buy,Critical Risk
14056,United Kingdom,19,6115.06,5,0.039971292,0.9600287,Bought,Low Risk
14057,United Kingdom,21,7707.5,6,0.0098564625,0.99014354,Bought,Low Risk
14058,United Kingdom,2,469.19,402,0.9406632,0.05933679,Did Not Buy,Critical Risk
14059,United Kingdom,1,183.6,206,0.90492964,0.09507036,Did Not Buy,Critical Risk
14060,United Kingdom,27,7893.42,18,0.007249832,0.99275017,Bought,Low Risk
14061,United Kingdom,3,917.4300000000001,446,0.98298043,0.017019594,Did Not Buy,Critical Risk
14062,United Kingdom,23,24346.27,11,0.0065259337,0.99347407,Bought,Low Risk
14063,United Kingdom,7,9471.5,626,0.9780063,0.021993712,Did Not Buy,Critical Risk
14064,United Kingdom,14,3022.93,52,0.13336879,0.8666312,Bought,Low Risk
14065,United Kingdom,3,891.02,328,0.8485951,0.1514049,Did Not Buy,Critical Risk
14066,United Kingdom,1,152.55,206,0.93053335,0.069466665,Did Not Buy,Critical Risk
14067,United Kingdom,2,374.7,3,0.5294908,0.47050914,Did Not Buy,High Risk
14068,United Kingdom,4,1516.72,259,0.7641146,0.23588541,Did Not Buy,Critical Risk
14069,United Kingdom,2,225.81,454,0.9598162,0.040183783,Did Not Buy,Critical Risk
14070,United Kingdom,1,321.6,624,0.9074035,0.092596464,Did Not Buy,Critical Risk
14071,United Kingdom,2,356.81,199,0.8143642,0.18563582,Bought,Critical Risk
14072,United Kingdom,1,390.85,606,0.9917692,0.008230814,Did Not Buy,Critical Risk
14074,United Kingdom,1,219.39999999999998,562,0.9520828,0.047917176,Did Not Buy,Critical Risk
14075,United Kingdom,3,1090.53,200,0.6665304,0.33346963,Bought,High Risk
14076,United Kingdom,1,118.67,68,0.5855847,0.4144153,Did Not Buy,High Risk
14077,United Kingdom,5,482.36,17,0.27661765,0.72338235,Bought,Medium Risk
14078,United Kingdom,9,1551.82,41,0.6627908,0.3372092,Did Not Buy,High Risk
14079,United Kingdom,1,375.1,64,0.832029,0.16797104,Did Not Buy,Critical Risk
14080,United Kingdom,4,1070.08,352,0.55066127,0.44933873,Bought,High Risk
14081,United Kingdom,10,4867.57,241,0.078543425,0.9214566,Did Not Buy,Low Risk
14082,United Kingdom,2,413.36,304,0.61392784,0.38607216,Did Not Buy,High Risk
14083,United Kingdom,9,612.68,65,0.2991137,0.7008863,Bought,Medium Risk
14084,United Kingdom,1,150.5,451,0.948599,0.05140101,Did Not Buy,Critical Risk
14085,United Kingdom,26,8505.32,80,0.045544505,0.9544555,Bought,Low Risk
14086,United Kingdom,1,39.95,402,0.96618396,0.033816036,Did Not Buy,Critical Risk
14087,United Kingdom,2,638.0,344,0.34482396,0.65517604,Bought,Medium Risk
14088,United Kingdom,10,39052.88,68,0.2434907,0.7565093,Bought,Low Risk
14090,United Kingdom,1,76.32000000000001,264,0.9536742,0.046325807,Did Not Buy,Critical Risk
14091,United Kingdom,2,9530.08,593,0.9112028,0.08879722,Did Not Buy,Critical Risk
14092,United Kingdom,21,6249.13,7,0.07116872,0.9288313,Bought,Low Risk
14094,United Kingdom,1,311.77,379,0.78151166,0.21848834,Did Not Buy,Critical Risk
14095,United Kingdom,1,2.95,662,0.9897477,0.010252298,Did Not Buy,Critical Risk
14096,United Kingdom,7,10004.44,7,0.0548532,0.9451468,Bought,Low Risk
14097,United Kingdom,2,422.85999999999996,420,0.9347701,0.06522991,Did Not Buy,Critical Risk
14099,United Kingdom,18,5319.84,4,0.039127827,0.9608722,Bought,Low Risk
14100,United Kingdom,1,191.95000000000002,77,0.83210874,0.16789123,Did Not Buy,Critical Risk
14101,United Kingdom,13,9961.93,13,0.81529796,0.18470204,Did Not Buy,Critical Risk
14104,United Kingdom,5,740.53,94,0.56861436,0.43138564,Did Not Buy,High Risk
14105,United Kingdom,5,5988.83,178,0.88977647,0.11022355,Did Not Buy,Critical Risk
14106,United Kingdom,1,214.79999999999998,676,0.95945626,0.040543724,Did Not Buy,Critical Risk
14107,United Kingdom,10,4636.01,35,0.10756254,0.89243746,Bought,Low Risk
14108,United Kingdom,3,738.38,41,0.40260947,0.59739053,Bought,Medium Risk
14109,United Kingdom,1,144.2,12,0.6158289,0.3841711,Did Not Buy,High Risk
14110,United Kingdom,29,11775.03,6,0.0053881407,0.99461186,Bought,Low Risk
14111,United Kingdom,3,295.5,35,0.18539238,0.8146076,Bought,Low Risk
14112,United Kingdom,10,4820.26,70,0.20250076,0.79749924,Bought,Low Risk
14113,United Kingdom,14,6178.570000000001,17,0.22583598,0.774164,Bought,Low Risk
14114,United Kingdom,7,1364.09,213,0.6608083,0.33919168,Did Not Buy,High Risk
14115,United Kingdom,2,622.6700000000001,441,0.9376095,0.06239049,Did Not Buy,Critical Risk
14116,United Kingdom,3,956.3199999999999,3,0.24792618,0.7520738,Bought,Low Risk
14117,United Kingdom,1,90.0,83,0.76324767,0.23675232,Did Not Buy,Critical Risk
14118,United Kingdom,1,458.45,368,0.9372696,0.06273035,Did Not Buy,Critical Risk
14119,United Kingdom,2,183.37,315,0.87435204,0.12564796,Did Not Buy,Critical Risk
14122,United Kingdom,3,362.42,345,0.8109645,0.18903549,Did Not Buy,Critical Risk
14123,United Kingdom,1,436.18,672,0.9823027,0.017697247,Did Not Buy,Critical Risk
14124,United Kingdom,1,419.58000000000004,23,0.8900692,0.109930806,Did Not Buy,Critical Risk
14125,United Kingdom,1,1295.43,17,0.17139041,0.8286096,Bought,Low Risk
14126,United Kingdom,1,466.33000000000004,383,0.52084225,0.47915775,Bought,High Risk
14127,United Kingdom,6,1900.0800000000002,62,0.270446,0.729554,Did Not Buy,Medium Risk
14128,United Kingdom,3,924.21,0,0.80384684,0.19615313,Did Not Buy,Critical Risk
14129,United Kingdom,7,2193.71,35,0.38519645,0.61480355,Bought,Medium Risk
14130,United Kingdom,4,1858.77,258,0.6972088,0.30279118,Did Not Buy,High Risk
14131,United Kingdom,1,168.22,588,0.9478445,0.052155506,Did Not Buy,Critical Risk
14132,United Kingdom,6,1900.2,26,0.1309318,0.8690682,Bought,Low Risk
14133,United Kingdom,4,911.14,69,0.7202021,0.27979788,Did Not Buy,High Risk
14134,United Kingdom,15,11123.35,322,0.75757056,0.24242945,Did Not Buy,Critical Risk
14135,United Kingdom,20,7663.68,15,0.010449946,0.98955005,Bought,Low Risk
14136,United Kingdom,5,1570.81,340,0.8298274,0.17017256,Did Not Buy,Critical Risk
14137,United Kingdom,1,332.7,635,0.94014233,0.05985764,Did Not Buy,Critical Risk
14138,United Kingdom,1,621.71,3,0.46155137,0.53844863,Bought,Medium Risk
14139,United Kingdom,3,670.98,429,0.7575918,0.24240822,Bought,Critical Risk
14141,United Kingdom,2,489.31,13,0.1437828,0.8562172,Bought,Low Risk
14142,United Kingdom,2,671.34,312,0.816675,0.18332498,Did Not Buy,Critical Risk
14143,United Kingdom,1,115.8,73,0.6511127,0.34888732,Did Not Buy,High Risk
14144,United Kingdom,1,30.599999999999998,425,0.9655976,0.034402367,Did Not Buy,Critical Risk
14145,United Kingdom,6,6709.05,96,0.6853833,0.31461665,Bought,High Risk
14146,United Kingdom,11,8225.14,20,0.28631592,0.7136841,Bought,Medium Risk
14147,United Kingdom,9,2590.2,17,0.77276194,0.22723807,Did Not Buy,Critical Risk
14148,United Kingdom,2,466.29,173,0.8234315,0.17656851,Did Not Buy,Critical Risk
14149,United Kingdom,1,446.62,160,0.71649814,0.2835019,Did Not Buy,High Risk
14150,United Kingdom,1,306.18,299,0.92472607,0.07527393,Bought,Critical Risk
14151,United Kingdom,2,679.45,612,0.9301101,0.0698899,Did Not Buy,Critical Risk
14152,United Kingdom,7,1997.3400000000001,14,0.64826155,0.35173845,Did Not Buy,High Risk
14153,United Kingdom,1,233.4,422,0.9481545,0.05184549,Did Not Buy,Critical Risk
14154,United Kingdom,8,6460.7,178,0.84146714,0.15853283,Did Not Buy,Critical Risk
14155,United Kingdom,1,118.75,205,0.91020876,0.089791246,Did Not Buy,Critical Risk
14156,EIRE,133,292589.67,0,0.003394723,0.9966053,Bought,Low Risk
14157,United Kingdom,4,822.98,224,0.68169487,0.3183051,Bought,High Risk
14159,United Kingdom,17,6341.33,21,0.0067522526,0.99324775,Bought,Low Risk
14160,United Kingdom,7,8421.47,549,0.9508511,0.049148936,Did Not Buy,Critical Risk
14161,United Kingdom,7,2996.93,155,0.6852597,0.3147403,Did Not Buy,High Risk
14162,United Kingdom,2,289.36,113,0.7359747,0.26402527,Did Not Buy,High Risk
14163,United Kingdom,5,2594.62,26,0.26261282,0.7373872,Did Not Buy,Medium Risk
14164,United Kingdom,2,1631.77,10,0.8576148,0.14238518,Did Not Buy,Critical Risk
14165,United Kingdom,1,120.44,215,0.9300963,0.06990367,Did Not Buy,Critical Risk
14166,United Kingdom,2,251.15,444,0.97262895,0.027371023,Did Not Buy,Critical Risk
14167,United Kingdom,7,1101.55,104,0.46143574,0.53856426,Bought,Medium Risk
14168,United Kingdom,2,370.45,360,0.86567163,0.1343284,Did Not Buy,Critical Risk
14169,United Kingdom,2,613.11,370,0.7579167,0.24208328,Did Not Buy,Critical Risk
14170,United Kingdom,3,570.18,314,0.5550208,0.4449792,Did Not Buy,High Risk
14171,United Kingdom,2,498.79,37,0.83458906,0.16541095,Did Not Buy,Critical Risk
14172,United Kingdom,3,369.02,544,0.97432274,0.025677267,Did Not Buy,Critical Risk
14173,United Kingdom,3,249.2,158,0.3214327,0.6785673,Bought,Medium Risk
14175,United Kingdom,7,5662.57,110,0.5973841,0.40261588,Bought,High Risk
14176,United Kingdom,5,756.46,236,0.8479502,0.15204978,Did Not Buy,Critical Risk
14177,United Kingdom,13,2209.69,25,0.69592845,0.30407155,Did Not Buy,High Risk
14178,United Kingdom,4,676.03,6,0.08106899,0.918931,Bought,Low Risk
14180,United Kingdom,30,5627.9,30,0.1039601,0.8960399,Bought,Low Risk
14181,United Kingdom,2,308.35,350,0.80703056,0.19296944,Did Not Buy,Critical Risk
14182,United Kingdom,4,678.77,383,0.8234315,0.1765685,Did Not Buy,Critical Risk
14183,United Kingdom,2,278.34000000000003,350,0.8598273,0.14017273,Did Not Buy,Critical Risk
14184,United Kingdom,1,452.89,6,0.6963446,0.3036554,Did Not Buy,High Risk
14185,United Kingdom,1,197.65,270,0.9603555,0.039644465,Did Not Buy,Critical Risk
14186,United Kingdom,5,1550.63,366,0.7951719,0.20482808,Did Not Buy,Critical Risk
14187,United Kingdom,1,123.5,413,0.97945607,0.020543935,Did Not Buy,Critical Risk
14188,United Kingdom,5,1717.96,11,0.14134741,0.8586526,Bought,Low Risk
14189,United Kingdom,12,4116.99,35,0.113684714,0.8863153,Bought,Low Risk
14190,United Kingdom,1,79.9,605,0.9828305,0.017169481,Did Not Buy,Critical Risk
14191,United Kingdom,10,2658.19,20,0.23191577,0.7680842,Bought,Low Risk
14192,United Kingdom,1,293.74,327,0.85475445,0.14524557,Did Not Buy,Critical Risk
14193,United Kingdom,3,1210.19,7,0.85350096,0.14649904,Did Not Buy,Critical Risk
14194,United Kingdom,29,14297.03,15,0.002426684,0.9975733,Bought,Low Risk
14195,United Kingdom,6,2615.6,141,0.691451,0.308549,Did Not Buy,High Risk
14196,United Kingdom,1,335.52,46,0.83901376,0.16098624,Did Not Buy,Critical Risk
14197,United Kingdom,1,390.05,350,0.9000872,0.09991282,Did Not Buy,Critical Risk
14198,United Kingdom,8,1397.13,26,0.4325049,0.5674951,Bought,Medium Risk
14199,United Kingdom,4,1091.7,157,0.84363467,0.15636535,Did Not Buy,Critical Risk
14200,United Kingdom,1,379.2,556,0.94058806,0.05941195,Did Not Buy,Critical Risk
14201,United Kingdom,9,1073.24,20,0.44952148,0.5504785,Bought,Medium Risk
14202,United Kingdom,3,847.76,320,0.8534033,0.14659674,Did Not Buy,Critical Risk
14203,United Kingdom,1,339.34,336,0.91748893,0.08251108,Did Not Buy,Critical Risk
14204,United Kingdom,3,874.22,361,0.38506567,0.6149343,Bought,Medium Risk
14205,United Kingdom,8,2170.4,203,0.39710784,0.60289216,Bought,Medium Risk
14206,United Kingdom,3,1185.01,178,0.9024092,0.097590774,Did Not Buy,Critical Risk
14207,United Kingdom,1,157.8,627,0.99114364,0.008856366,Did Not Buy,Critical Risk
14208,United Kingdom,2,567.05,34,0.8460312,0.1539688,Did Not Buy,Critical Risk
14209,United Kingdom,14,4796.17,60,0.14811164,0.85188836,Bought,Low Risk
14210,United Kingdom,16,5556.570000000001,45,0.37086987,0.6291301,Did Not Buy,Medium Risk
14211,United Kingdom,16,3500.28,19,0.020925581,0.9790744,Bought,Low Risk
14212,United Kingdom,2,2190.14,29,0.91370296,0.08629703,Did Not Buy,Critical Risk
14213,United Kingdom,1,1192.2,344,0.9560469,0.04395314,Did Not Buy,Critical Risk
14214,United Kingdom,3,899.16,95,0.42100918,0.5789908,Bought,Medium Risk
14215,United Kingdom,8,2804.52,17,0.09155172,0.9084483,Bought,Low Risk
14216,United Kingdom,1,310.74,353,0.8472797,0.15272029,Bought,Critical Risk
14217,United Kingdom,18,2763.28,13,0.040103912,0.9598961,Bought,Low Risk
14219,United Kingdom,2,543.89,349,0.81027216,0.18972786,Bought,Critical Risk
14220,United Kingdom,4,1515.0,186,0.810335,0.18966503,Did Not Buy,Critical Risk
14221,United Kingdom,16,6173.58,20,0.03864616,0.96135384,Bought,Low Risk
14222,United Kingdom,1,683.17,116,0.49400413,0.50599587,Did Not Buy,Medium Risk
14223,United Kingdom,3,991.13,31,0.65875286,0.34124714,Did Not Buy,High Risk
14224,United Kingdom,9,1841.71,49,0.69775844,0.30224156,Did Not Buy,High Risk
14225,United Kingdom,4,2031.07,374,0.8754468,0.124553226,Did Not Buy,Critical Risk
14226,United Kingdom,4,2648.11,10,0.29416132,0.7058387,Bought,Medium Risk
14227,United Kingdom,14,6047.1,25,0.1147697,0.8852303,Bought,Low Risk
14228,United Kingdom,3,745.5,377,0.8987962,0.10120383,Did Not Buy,Critical Risk
14229,United Kingdom,6,1808.97,231,0.6163354,0.38366464,Bought,High Risk
14230,United Kingdom,3,979.8000000000001,375,0.9239211,0.076078884,Did Not Buy,Critical Risk
14231,United Kingdom,4,1235.6200000000001,123,0.74808687,0.25191313,Did Not Buy,High Risk
14232,United Kingdom,4,1573.33,54,0.19163406,0.80836594,Bought,Low Risk
14233,United Kingdom,6,2400.65,151,0.4791355,0.5208645,Bought,Medium Risk
14235,United Kingdom,9,4717.99,14,0.64013577,0.35986423,Did Not Buy,High Risk
14236,United Kingdom,5,1555.34,20,0.7770441,0.2229559,Did Not Buy,Critical Risk
14237,United Kingdom,2,471.14,312,0.86842275,0.13157727,Did Not Buy,Critical Risk
14238,United Kingdom,3,434.23,265,0.92137897,0.07862103,Did Not Buy,Critical Risk
14239,United Kingdom,20,4101.71,10,0.007320404,0.9926796,Bought,Low Risk
14240,United Kingdom,2,584.0,165,0.48130488,0.5186951,Bought,Medium Risk
14241,United Kingdom,2,333.70000000000005,123,0.8869971,0.113002904,Did Not Buy,Critical Risk
14242,United Kingdom,2,280.55,174,0.8040421,0.19595791,Did Not Buy,Critical Risk
14243,United Kingdom,15,6934.93,34,0.12348133,0.87651867,Bought,Low Risk
14244,United Kingdom,1,366.41999999999996,600,0.89548343,0.10451654,Did Not Buy,Critical Risk
14245,United Kingdom,2,1693.45,159,0.82701445,0.17298557,Did Not Buy,Critical Risk
14246,United Kingdom,3,1474.06,50,0.5646144,0.43538558,Did Not Buy,High Risk
14247,United Kingdom,5,753.56,217,0.63997686,0.3600231,Did Not Buy,High Risk
14248,United Kingdom,3,1032.95,257,0.81501436,0.18498567,Did Not Buy,Critical Risk
14249,United Kingdom,12,5400.46,350,0.8963379,0.103662066,Did Not Buy,Critical Risk
14250,United Kingdom,1,1228.83,28,0.19628656,0.80371344,Bought,Low Risk
14252,United Kingdom,1,350.99,320,0.9416748,0.058325186,Did Not Buy,Critical Risk
14253,United Kingdom,2,363.40000000000003,432,0.947159,0.05284098,Did Not Buy,Critical Risk
14254,United Kingdom,1,601.03,372,0.8388183,0.1611817,Did Not Buy,Critical Risk
14256,United Kingdom,5,2460.79,199,0.68279034,0.31720966,Did Not Buy,High Risk
14257,United Kingdom,9,5954.45,3,0.89111274,0.10888725,Did Not Buy,Critical Risk
14258,United Kingdom,24,30679.74,29,0.1452474,0.8547526,Bought,Low Risk
14259,United Kingdom,1,120.0,81,0.45089358,0.5491064,Did Not Buy,Medium Risk
14260,United Kingdom,3,824.28,410,0.94466543,0.05533456,Did Not Buy,Critical Risk
14261,United Kingdom,1,943.75,18,0.50523645,0.49476355,Bought,High Risk
14262,United Kingdom,4,1379.3,23,0.27026868,0.7297313,Bought,Medium Risk
14263,United Kingdom,1,322.93,362,0.8843005,0.1156995,Did Not Buy,Critical Risk
14264,United Kingdom,6,1517.3600000000001,94,0.6746937,0.32530627,Did Not Buy,High Risk
14265,Unspecified,4,1373.35,48,0.8265635,0.1734365,Did Not Buy,Critical Risk
14266,United Kingdom,1,40.56,367,0.9750906,0.024909372,Did Not Buy,Critical Risk
14267,United Kingdom,3,1516.24,102,0.6578119,0.34218815,Did Not Buy,High Risk
14268,United Kingdom,1,354.85,410,0.9712795,0.028720478,Did Not Buy,Critical Risk
14269,United Kingdom,1,295.73,378,0.9210154,0.078984626,Did Not Buy,Critical Risk
14270,United Kingdom,1,492.65000000000003,271,0.8124737,0.18752629,Did Not Buy,Critical Risk
14271,United Kingdom,2,214.18,165,0.7092869,0.29071304,Did Not Buy,High Risk
14272,United Kingdom,4,920.81,13,0.7816828,0.21831721,Did Not Buy,Critical Risk
14273,United Kingdom,3,450.05,75,0.57050735,0.42949265,Bought,High Risk
14274,United Kingdom,1,256.6,625,0.95695704,0.043042965,Did Not Buy,Critical Risk
14275,United Kingdom,6,1189.3799999999999,335,0.88804567,0.1119543,Did Not Buy,Critical Risk
14276,United Kingdom,7,2102.68,38,0.70591813,0.29408187,Did Not Buy,High Risk
14277,France,6,14266.19,151,0.48162192,0.5183781,Bought,Medium Risk
14278,United Kingdom,1,205.83,349,0.7641142,0.23588581,Did Not Buy,Critical Risk
14279,United Kingdom,2,191.86,460,0.9752407,0.024759306,Did Not Buy,Critical Risk
14280,United Kingdom,1,134.04,136,0.80883515,0.19116487,Did Not Buy,Critical Risk
14281,United Kingdom,1,245.15,347,0.9148738,0.08512621,Did Not Buy,Critical Risk
14282,United Kingdom,20,6318.16,20,0.06646162,0.9335384,Bought,Low Risk
14283,United Kingdom,4,628.4399999999999,402,0.916961,0.08303898,Did Not Buy,Critical Risk
14284,United Kingdom,2,956.5,25,0.5754025,0.42459753,Bought,High Risk
14285,United Kingdom,6,2627.84,15,0.047261298,0.9527387,Bought,Low Risk
14286,United Kingdom,5,5901.09,182,0.18364793,0.81635207,Bought,Low Risk
14287,United Kingdom,2,83.28,138,0.5156044,0.48439565,Bought,High Risk
14288,United Kingdom,1,426.6,152,0.91445357,0.08554645,Did Not Buy,Critical Risk
14289,United Kingdom,5,832.78,74,0.46898127,0.53101873,Bought,Medium Risk
14290,United Kingdom,6,4001.51,7,0.23421389,0.7657861,Bought,Low Risk
14291,United Kingdom,20,6986.81,6,0.021773279,0.9782267,Bought,Low Risk
14292,United Kingdom,12,7498.27,27,0.19438607,0.80561393,Bought,Low Risk
14293,United Kingdom,8,2595.86,86,0.33994234,0.66005766,Bought,Medium Risk
14294,United Kingdom,1,375.34,346,0.8892412,0.11075876,Did Not Buy,Critical Risk
14295,United Kingdom,3,2186.71,378,0.549715,0.45028502,Bought,High Risk
14296,United Kingdom,2,456.40000000000003,360,0.81283265,0.18716736,Did Not Buy,Critical Risk
14297,United Kingdom,2,710.1,0,0.69870967,0.30129033,Bought,High Risk
14298,United Kingdom,79,83904.65,11,0.0028981566,0.99710184,Bought,Low Risk
14299,United Kingdom,24,12948.12,18,0.050542176,0.9494578,Bought,Low Risk
14301,United Kingdom,4,1992.18,56,0.9292759,0.070724115,Did Not Buy,Critical Risk
14302,United Kingdom,3,742.9000000000001,370,0.8625863,0.13741368,Did Not Buy,Critical Risk
14303,United Kingdom,2,277.94,346,0.8043327,0.19566733,Did Not Buy,Critical Risk
14304,United Kingdom,3,1725.01,162,0.73967874,0.2603213,Did Not Buy,High Risk
14305,United Kingdom,3,1858.96,10,0.5901178,0.40988216,Did Not Buy,High Risk
14306,United Kingdom,5,2761.02,25,0.18115824,0.81884176,Bought,Low Risk
14307,United Kingdom,10,4287.92,28,0.21105587,0.7889441,Did Not Buy,Low Risk
14309,United Kingdom,9,3061.98,33,0.11265147,0.88734853,Bought,Low Risk
14310,United Kingdom,1,492.1,372,0.87736446,0.122635566,Did Not Buy,Critical Risk
14311,United Kingdom,2,516.45,182,0.8814672,0.118532784,Did Not Buy,Critical Risk
14312,United Kingdom,10,2525.89,30,0.16450733,0.8354927,Bought,Low Risk
14314,United Kingdom,2,229.8,46,0.7804555,0.21954449,Did Not Buy,Critical Risk
14315,United Kingdom,7,2266.84,68,0.50810885,0.49189118,Bought,High Risk
14316,United Kingdom,5,1370.34,361,0.85103273,0.14896724,Did Not Buy,Critical Risk
14317,United Kingdom,1,508.58000000000004,4,0.51431835,0.48568165,Did Not Buy,High Risk
14318,United Kingdom,1,158.02,399,0.97248304,0.02751697,Did Not Buy,Critical Risk
14319,United Kingdom,1,494.85,363,0.75047284,0.24952716,Did Not Buy,Critical Risk
14320,United Kingdom,5,1346.75,146,0.373819,0.626181,Did Not Buy,Medium Risk
14321,United Kingdom,6,1917.9,13,0.24697,0.75303,Bought,Low Risk
14322,United Kingdom,4,474.1,368,0.8853586,0.11464142,Did Not Buy,Critical Risk
14323,United Kingdom,2,605.0600000000001,54,0.5361134,0.4638866,Did Not Buy,High Risk
14324,United Kingdom,2,701.61,349,0.77096653,0.22903346,Did Not Buy,Critical Risk
14325,United Kingdom,1,245.48000000000002,509,0.8710474,0.12895264,Did Not Buy,Critical Risk
14326,United Kingdom,3,940.98,181,0.8893779,0.11062211,Did Not Buy,Critical Risk
14327,United Kingdom,6,1894.93,102,0.6027604,0.39723963,Did Not Buy,High Risk
14329,United Kingdom,12,8397.41,48,0.17143911,0.8285609,Bought,Low Risk
14330,United Kingdom,1,200.63,563,0.9342843,0.06571566,Did Not Buy,Critical Risk
14331,United Kingdom,2,462.65999999999997,63,0.48393315,0.51606685,Did Not Buy,Medium Risk
14332,United Kingdom,4,1636.44,5,0.2859053,0.7140947,Bought,Medium Risk
14333,United Kingdom,1,415.2,7,0.7554668,0.24453321,Did Not Buy,Critical Risk
14334,United Kingdom,11,4094.98,33,0.15269017,0.8473098,Bought,Low Risk
14335,Germany,1,347.5,35,0.24253625,0.75746375,Bought,Low Risk
14336,United Kingdom,3,1114.39,137,0.43541133,0.56458867,Bought,Medium Risk
14338,United Kingdom,3,928.1,100,0.7660964,0.23390359,Did Not Buy,Critical Risk
14339,United Kingdom,2,620.27,182,0.62811136,0.3718886,Did Not Buy,High Risk
14340,United Kingdom,1,134.7,158,0.9063912,0.09360882,Did Not Buy,Critical Risk
14341,United Kingdom,16,3424.56,69,0.13621628,0.8637837,Bought,Low Risk
14342,United Kingdom,4,669.62,76,0.52017033,0.47982967,Bought,High Risk
14343,United Kingdom,4,1079.66,360,0.89475155,0.10524843,Did Not Buy,Critical Risk
14344,United Kingdom,20,2993.05,66,0.36284566,0.63715434,Did Not Buy,Medium Risk
14346,United Kingdom,5,2315.75,60,0.49780768,0.5021923,Did Not Buy,Medium Risk
14347,United Kingdom,1,82.6,676,0.988286,0.011713962,Did Not Buy,Critical Risk
14348,United Kingdom,1,409.57,199,0.90304995,0.096950054,Did Not Buy,Critical Risk
14350,United Kingdom,3,972.03,213,0.74703157,0.2529684,Did Not Buy,High Risk
14351,United Kingdom,1,51.0,104,0.8649308,0.13506918,Did Not Buy,Critical Risk
14352,United Kingdom,4,1078.96,96,0.7164283,0.28357172,Did Not Buy,High Risk
14353,United Kingdom,3,376.5,154,0.83805025,0.16194975,Did Not Buy,Critical Risk
14355,United Kingdom,3,840.0500000000001,305,0.8500962,0.14990376,Did Not Buy,Critical Risk
14356,United Kingdom,2,701.23,19,0.6334285,0.3665715,Did Not Buy,High Risk
14358,United Kingdom,2,400.06,328,0.7958665,0.20413354,Did Not Buy,Critical Risk
14359,United Kingdom,1,483.39,27,0.35325116,0.64674884,Bought,Medium Risk
14360,United Kingdom,3,1907.08,7,0.063354135,0.93664587,Bought,Low Risk
14361,United Kingdom,1,214.70999999999998,518,0.91129625,0.08870372,Did Not Buy,Critical Risk
14363,United Kingdom,2,227.47000000000003,341,0.8000938,0.19990619,Did Not Buy,Critical Risk
14364,United Kingdom,8,3717.35,48,0.75267696,0.24732304,Did Not Buy,Critical Risk
14365,United Kingdom,2,634.68,334,0.8505775,0.14942251,Did Not Buy,Critical Risk
14366,United Kingdom,1,136.0,464,0.85587513,0.14412485,Did Not Buy,Critical Risk
14367,United Kingdom,12,6916.24,15,0.0736832,0.9263168,Bought,Low Risk
14368,United Kingdom,1,155.0,259,0.9190357,0.08096434,Did Not Buy,Critical Risk
14369,United Kingdom,2,469.13,581,0.955883,0.04411696,Did Not Buy,Critical Risk
14370,United Kingdom,6,1175.78,390,0.91201586,0.08798413,Did Not Buy,Critical Risk
14371,United Kingdom,1,100.5,234,0.9264565,0.073543504,Did Not Buy,Critical Risk
14372,United Kingdom,2,860.08,382,0.8281104,0.1718896,Did Not Buy,Critical Risk
14373,United Kingdom,1,76.55,297,0.9057981,0.09420193,Did Not Buy,Critical Risk
14374,United Kingdom,1,108.0,480,0.9685067,0.031493314,Did Not Buy,Critical Risk
14375,United Kingdom,3,1106.82,124,0.7481022,0.25189784,Did Not Buy,High Risk
14376,United Kingdom,1,215.46,622,0.9749446,0.025055414,Did Not Buy,Critical Risk
14377,United Kingdom,2,617.05,130,0.835298,0.16470201,Did Not Buy,Critical Risk
14378,United Kingdom,1,131.25,561,0.97612655,0.023873463,Did Not Buy,Critical Risk
14379,United Kingdom,3,1028.04,234,0.5446912,0.45530882,Bought,High Risk
14381,United Kingdom,1,423.26,390,0.6083773,0.39162272,Bought,High Risk
14382,United Kingdom,1,578.14,329,0.34677052,0.6532295,Bought,Medium Risk
14383,United Kingdom,2,917.81,3,0.32686555,0.67313445,Bought,Medium Risk
14384,United Kingdom,1,58.5,440,0.8835751,0.116424926,Did Not Buy,Critical Risk
14386,United Kingdom,1,142.4,236,0.9075955,0.09240449,Did Not Buy,Critical Risk
14387,United Kingdom,2,929.74,13,0.18430603,0.815694,Bought,Low Risk
14388,United Kingdom,14,5453.13,30,0.11017847,0.8898215,Bought,Low Risk
14389,United Kingdom,5,1898.01,4,0.6892421,0.3107579,Did Not Buy,High Risk
14390,United Kingdom,8,3098.17,83,0.12516767,0.87483233,Bought,Low Risk
14391,United Kingdom,1,135.6,516,0.93315405,0.066845976,Did Not Buy,Critical Risk
14392,United Kingdom,1,266.4,371,0.883235,0.11676499,Did Not Buy,Critical Risk
14393,United Kingdom,1,67.95,157,0.853283,0.14671703,Did Not Buy,Critical Risk
14394,United Kingdom,1,93.8,504,0.9778439,0.022156106,Did Not Buy,Critical Risk
14395,United Kingdom,18,6932.400000000001,18,0.078498185,0.9215018,Bought,Low Risk
14396,United Kingdom,7,1969.38,4,0.90865636,0.09134365,Did Not Buy,Critical Risk
14397,United Kingdom,11,1089.24,19,0.087896466,0.91210353,Bought,Low Risk
14398,United Kingdom,2,707.79,340,0.7858211,0.2141789,Did Not Buy,Critical Risk
14399,United Kingdom,8,2108.21,333,0.5243671,0.4756329,Did Not Buy,High Risk
14400,United Kingdom,3,1732.47,88,0.8016563,0.1983437,Did Not Buy,Critical Risk
14401,United Kingdom,20,6129.3,19,0.025698543,0.97430146,Bought,Low Risk
14402,United Kingdom,1,285.6,591,0.96986616,0.030133836,Did Not Buy,Critical Risk
14403,United Kingdom,6,1880.51,69,0.6178257,0.3821743,Did Not Buy,High Risk
14404,United Kingdom,12,2597.33,48,0.12938845,0.87061155,Bought,Low Risk
14405,United Kingdom,1,195.0,326,0.6802576,0.31974238,Did Not Buy,High Risk
14406,United Kingdom,1,156.75,58,0.74427104,0.25572893,Did Not Buy,High Risk
14407,United Kingdom,5,2142.73,46,0.4252891,0.5747109,Did Not Buy,Medium Risk
14408,United Kingdom,10,3794.05,34,0.3021673,0.6978327,Bought,Medium Risk
14409,United Kingdom,9,3427.29,10,0.47018075,0.52981925,Did Not Buy,Medium Risk
14410,United Kingdom,11,2630.9,31,0.37736297,0.62263703,Did Not Buy,Medium Risk
14411,United Kingdom,1,1063.0,250,0.9160363,0.08396371,Did Not Buy,Critical Risk
14412,United Kingdom,2,1118.61,12,0.7967281,0.20327194,Bought,Critical Risk
14413,United Kingdom,3,421.72,301,0.5802932,0.41970682,Did Not Buy,High Risk
14414,United Kingdom,8,2399.33,31,0.64945424,0.35054576,Did Not Buy,High Risk
14415,United Kingdom,20,10171.76,0,0.020468831,0.97953117,Bought,Low Risk
14417,United Kingdom,1,524.65,327,0.4663328,0.5336672,Did Not Buy,Medium Risk
14418,United Kingdom,1,150.44,47,0.57186174,0.42813823,Bought,High Risk
14419,United Kingdom,5,870.03,0,0.26847804,0.73152196,Bought,Medium Risk
14420,United Kingdom,4,1639.17,38,0.8453717,0.1546283,Did Not Buy,Critical Risk
14421,United Kingdom,5,2111.44,151,0.50191134,0.49808866,Bought,High Risk
14422,United Kingdom,16,8326.01,10,0.21211898,0.787881,Bought,Low Risk
14423,United Kingdom,3,916.6099999999999,157,0.805543,0.19445701,Did Not Buy,Critical Risk
14425,United Kingdom,3,661.39,374,0.7377353,0.2622647,Did Not Buy,High Risk
14426,United Kingdom,13,10131.85,80,0.09638107,0.90361893,Bought,Low Risk
14427,United Kingdom,3,1221.92,3,0.49605805,0.50394195,Bought,Medium Risk
14428,United Kingdom,3,534.12,18,0.38105023,0.6189498,Bought,Medium Risk
14429,United Kingdom,1,516.28,343,0.84512913,0.15487087,Did Not Buy,Critical Risk
14430,United Kingdom,3,1220.9,451,0.97166204,0.02833794,Did Not Buy,Critical Risk
14431,United Kingdom,4,2614.2,242,0.67970794,0.32029206,Did Not Buy,High Risk
14432,United Kingdom,2,555.9,7,0.104937494,0.8950625,Bought,Low Risk
14433,United Kingdom,1,280.7,405,0.9226372,0.077362806,Did Not Buy,Critical Risk
14434,United Kingdom,2,410.40000000000003,4,0.39626783,0.60373217,Bought,Medium Risk
14435,United Kingdom,1,90.42,441,0.9334932,0.0665068,Did Not Buy,Critical Risk
14436,United Kingdom,2,271.70000000000005,38,0.9458332,0.05416682,Did Not Buy,Critical Risk
14437,United Kingdom,5,873.34,305,0.7543257,0.2456743,Did Not Buy,Critical Risk
14438,United Kingdom,1,131.9,245,0.86547786,0.13452213,Did Not Buy,Critical Risk
14439,Greece,5,9443.04,259,0.86564535,0.13435467,Did Not Buy,Critical Risk
14440,United Kingdom,11,5183.08,12,0.17048562,0.8295144,Bought,Low Risk
14441,United Kingdom,9,3596.2000000000003,34,0.2882443,0.7117557,Bought,Medium Risk
14442,Channel Islands,7,5367.0199999999995,144,0.759468,0.240532,Did Not Buy,Critical Risk
14443,United Kingdom,4,1654.29,78,0.4604543,0.5395457,Bought,Medium Risk
14444,United Kingdom,1,120.44,395,0.9288608,0.071139194,Did Not Buy,Critical Risk
14445,United Kingdom,1,221.65,395,0.853112,0.146888,Did Not Buy,Critical Risk
14446,United Kingdom,3,859.6899999999999,20,0.44409752,0.5559025,Bought,Medium Risk
14447,United Kingdom,3,1149.53,135,0.5502628,0.4497372,Bought,High Risk
14448,United Kingdom,1,102.35000000000001,303,0.4785695,0.5214305,Bought,Medium Risk
14449,United Kingdom,7,2043.63,3,0.21453738,0.7854626,Bought,Low Risk
14450,United Kingdom,7,1128.44,120,0.6968457,0.3031543,Did Not Buy,High Risk
14451,United Kingdom,11,2974.78,134,0.16782945,0.83217055,Bought,Low Risk
14452,United Kingdom,3,527.27,33,0.5573528,0.4426472,Bought,High Risk
14453,United Kingdom,1,119.93,129,0.8580777,0.14192231,Did Not Buy,Critical Risk
14454,United Kingdom,5,977.3,315,0.83105624,0.16894373,Did Not Buy,Critical Risk
14455,United Kingdom,4,617.72,371,0.91127896,0.08872107,Did Not Buy,Critical Risk
14456,United Kingdom,5,1817.86,12,0.036000848,0.96399915,Bought,Low Risk
14457,United Kingdom,1,113.64,250,0.83407044,0.16592954,Did Not Buy,Critical Risk
14458,United Kingdom,1,219.26999999999998,320,0.88217753,0.11782249,Did Not Buy,Critical Risk
14459,United Kingdom,2,5375.74,94,0.901174,0.098825976,Did Not Buy,Critical Risk
14460,United Kingdom,9,1093.5,49,0.70225644,0.2977436,Did Not Buy,High Risk
14461,United Kingdom,13,6676.52,87,0.35825956,0.64174044,Did Not Buy,Medium Risk
14462,United Kingdom,12,2237.81,5,0.5763432,0.4236568,Did Not Buy,High Risk
14463,United Kingdom,4,786.5699999999999,37,0.5719162,0.42808378,Did Not Buy,High Risk
14464,United Kingdom,2,111.0,507,0.95974904,0.040250935,Did Not Buy,Critical Risk
14465,United Kingdom,11,3925.85,186,0.6286061,0.37139395,Did Not Buy,High Risk
14466,United Kingdom,12,3780.4,13,0.0905177,0.9094823,Bought,Low Risk
14467,United Kingdom,9,1738.68,252,0.37765944,0.62234056,Bought,Medium Risk
14468,United Kingdom,1,204.24,673,0.95394576,0.04605424,Did Not Buy,Critical Risk
14469,United Kingdom,4,2093.46,355,0.889072,0.110928,Did Not Buy,Critical Risk
14470,United Kingdom,2,548.49,227,0.639457,0.360543,Bought,High Risk
14471,United Kingdom,2,400.95,530,0.9454521,0.054547895,Did Not Buy,Critical Risk
14472,United Kingdom,9,2118.72,43,0.6019965,0.39800352,Did Not Buy,High Risk
14473,United Kingdom,2,234.34000000000003,13,0.7842207,0.21577933,Did Not Buy,Critical Risk
14474,United Kingdom,1,711.23,519,0.41219133,0.58780867,Bought,Medium Risk
14475,United Kingdom,4,1151.15,11,0.7008287,0.29917136,Did Not Buy,High Risk
14476,United Kingdom,1,193.0,196,0.85420835,0.14579168,Did Not Buy,Critical Risk
14477,United Kingdom,5,1183.0,123,0.6230012,0.3769988,Bought,High Risk
14478,United Kingdom,4,1276.66,321,0.812845,0.18715502,Did Not Buy,Critical Risk
14479,United Kingdom,4,1124.71,193,0.8540633,0.14593671,Did Not Buy,Critical Risk
14480,United Kingdom,3,1020.47,342,0.63517386,0.36482614,Bought,High Risk
14481,United Kingdom,5,2284.69,104,0.70647585,0.29352415,Did Not Buy,High Risk
14482,United Kingdom,8,2749.86,38,0.1724602,0.8275398,Bought,Low Risk
14483,United Kingdom,2,257.1,221,0.91612864,0.08387139,Did Not Buy,Critical Risk
14484,United Kingdom,3,749.0600000000001,340,0.5560982,0.4439018,Bought,High Risk
14486,United Kingdom,2,175.5,451,0.89894867,0.10105134,Did Not Buy,Critical Risk
14487,United Kingdom,5,917.4,22,0.084810376,0.9151896,Bought,Low Risk
14488,United Kingdom,1,1064.28,7,0.6021514,0.39784864,Did Not Buy,High Risk
14489,United Kingdom,4,1574.93,146,0.53989995,0.46010002,Did Not Buy,High Risk
14490,United Kingdom,2,1273.47,345,0.8061193,0.19388066,Did Not Buy,Critical Risk
14491,United Kingdom,2,340.93,114,0.77031815,0.22968186,Did Not Buy,Critical Risk
14492,United Kingdom,7,1921.91,369,0.86765456,0.13234544,Did Not Buy,Critical Risk
14493,United Kingdom,6,3315.84,94,0.3465683,0.6534317,Bought,Medium Risk
14494,United Kingdom,2,261.9,340,0.4670115,0.5329885,Bought,Medium Risk
14495,United Kingdom,2,91.6,60,0.19194198,0.808058,Bought,Low Risk
14496,United Kingdom,7,2363.89,251,0.6058881,0.3941119,Did Not Buy,High Risk
14497,United Kingdom,2,697.0600000000001,248,0.88613176,0.11386822,Did Not Buy,Critical Risk
14498,United Kingdom,9,3225.3,55,0.1516425,0.8483575,Bought,Low Risk
14499,United Kingdom,6,1661.16,73,0.33661795,0.66338205,Bought,Medium Risk
14500,United Kingdom,3,356.85,27,0.9501672,0.04983282,Did Not Buy,Critical Risk
14501,United Kingdom,2,251.21,123,0.7155551,0.28444493,Did Not Buy,High Risk
14502,United Kingdom,8,1627.86,7,0.07083112,0.9291689,Bought,Low Risk
14503,United Kingdom,2,1284.45,9,0.26047903,0.73952097,Bought,Medium Risk
14504,United Kingdom,3,542.71,182,0.42728096,0.57271904,Bought,Medium Risk
14505,United Kingdom,17,10236.39,48,0.098296225,0.9017038,Bought,Low Risk
14506,United Kingdom,6,2484.28,5,0.4411512,0.5588488,Bought,Medium Risk
14507,United Kingdom,9,2773.55,40,0.18138129,0.8186187,Bought,Low Risk
14508,United Kingdom,4,692.43,29,0.38713026,0.61286974,Bought,Medium Risk
14509,United Kingdom,1,110.95,473,0.9898857,0.010114296,Did Not Buy,Critical Risk
14510,United Kingdom,3,979.85,315,0.7809853,0.21901472,Did Not Buy,Critical Risk
14511,United Kingdom,3,648.3299999999999,5,0.36238378,0.6376162,Bought,Medium Risk
14512,United Kingdom,7,1215.97,127,0.69271374,0.30728626,Did Not Buy,High Risk
14513,United Kingdom,6,788.01,40,0.6937301,0.30626985,Did Not Buy,High Risk
14514,United Kingdom,9,4380.04,0,0.8562474,0.14375257,Did Not Buy,Critical Risk
14515,United Kingdom,9,2971.04,6,0.22544187,0.7745581,Bought,Low Risk
14516,United Kingdom,1,151.17,455,0.9705074,0.02949261,Did Not Buy,Critical Risk
14517,United Kingdom,1,252.45,81,0.550033,0.449967,Bought,High Risk
14518,United Kingdom,1,174.37,3,0.9009903,0.09900967,Did Not Buy,Critical Risk
14519,United Kingdom,2,203.14,623,0.9772535,0.022746487,Did Not Buy,Critical Risk
14520,United Kingdom,1,165.0,230,0.6434235,0.3565765,Bought,High Risk
14521,United Kingdom,1,199.45000000000002,430,0.94739956,0.05260044,Did Not Buy,Critical Risk
14522,United Kingdom,7,1605.38,11,0.37251586,0.62748414,Bought,Medium Risk
14523,United Kingdom,1,241.09,47,0.6872208,0.31277916,Did Not Buy,High Risk
14524,United Kingdom,12,2797.96,11,0.05325359,0.9467464,Bought,Low Risk
14525,United Kingdom,15,6622.98,39,0.114842474,0.8851575,Bought,Low Risk
14526,United Kingdom,1,258.65,328,0.6877433,0.31225672,Did Not Buy,High Risk
14527,United Kingdom,110,24687.38,4,0.0059040785,0.9940959,Bought,Low Risk
14529,United Kingdom,2,338.14,16,0.082196414,0.9178036,Bought,Low Risk
14530,United Kingdom,15,5709.08,32,0.18670231,0.8132977,Bought,Low Risk
14531,United Kingdom,1,376.34,419,0.9616096,0.03839041,Did Not Buy,Critical Risk
14532,United Kingdom,11,3845.78,175,0.69940794,0.30059204,Did Not Buy,High Risk
14533,United Kingdom,9,3290.31,3,0.12854439,0.8714556,Bought,Low Risk
14534,United Kingdom,23,5523.02,5,0.031104267,0.96889573,Bought,Low Risk
14535,United Kingdom,8,4759.86,66,0.080444515,0.9195555,Bought,Low Risk
14536,United Kingdom,1,170.95,199,0.89201725,0.10798274,Did Not Buy,Critical Risk
14537,United Kingdom,1,285.84000000000003,562,0.9361198,0.063880235,Bought,Critical Risk
14538,United Kingdom,5,1370.8400000000001,4,0.8733114,0.12668861,Did Not Buy,Critical Risk
14540,United Kingdom,10,3394.91,15,0.17118019,0.8288198,Bought,Low Risk
14541,United Kingdom,13,2345.38,108,0.33765483,0.6623452,Bought,Medium Risk
14542,United Kingdom,1,103.25,125,0.71348774,0.28651223,Did Not Buy,High Risk
14543,United Kingdom,37,14219.64,13,0.064172804,0.9358272,Bought,Low Risk
14544,United Kingdom,2,2036.0,301,0.43706554,0.56293446,Bought,Medium Risk
14545,United Kingdom,1,349.25,613,0.9846194,0.0153806005,Did Not Buy,Critical Risk
14546,United Kingdom,9,4213.01,16,0.034810007,0.96519,Bought,Low Risk
14548,United Kingdom,9,2541.29,90,0.45613146,0.54386854,Did Not Buy,Medium Risk
14549,United Kingdom,4,913.6,250,0.69496155,0.30503845,Did Not Buy,High Risk
14550,United Kingdom,2,587.69,327,0.5205889,0.47941115,Bought,High Risk
14551,United Kingdom,6,817.29,143,0.32089382,0.6791062,Bought,Medium Risk
14552,United Kingdom,3,507.93,91,0.71293247,0.28706756,Did Not Buy,High Risk
14553,United Kingdom,6,1271.65,158,0.3400011,0.6599989,Bought,Medium Risk
14555,United Kingdom,5,2177.83,241,0.47128135,0.52871865,Bought,Medium Risk
14556,United Kingdom,3,815.69,535,0.8582531,0.1417469,Did Not Buy,Critical Risk
14557,United Kingdom,1,788.38,24,0.83604705,0.16395292,Did Not Buy,Critical Risk
14558,United Kingdom,3,655.5,593,0.97188735,0.028112669,Did Not Buy,Critical Risk
14559,United Kingdom,1,75.6,329,0.9053271,0.09467294,Did Not Buy,Critical Risk
14560,United Kingdom,38,5706.08,3,0.032169282,0.9678307,Bought,Low Risk
14561,United Kingdom,3,1080.76,15,0.3198197,0.6801803,Did Not Buy,Medium Risk
14562,United Kingdom,18,4630.6,17,0.057364225,0.9426358,Bought,Low Risk
14563,United Kingdom,2,625.42,449,0.79842603,0.20157398,Did Not Buy,Critical Risk
14564,Channel Islands,2,2605.62,374,0.83181226,0.16818775,Did Not Buy,Critical Risk
14565,United Kingdom,5,3709.2200000000003,35,0.25471723,0.74528277,Did Not Buy,Medium Risk
14566,Channel Islands,4,4092.0,50,0.9543167,0.04568335,Did Not Buy,Critical Risk
14567,United Kingdom,1,800.76,69,0.2732426,0.7267574,Bought,Medium Risk
14568,Channel Islands,1,919.7,374,0.8782914,0.12170858,Did Not Buy,Critical Risk
14569,United Kingdom,3,369.94,392,0.5692605,0.43073955,Bought,High Risk
14570,United Kingdom,3,512.4,220,0.7560525,0.24394748,Did Not Buy,Critical Risk
14571,United Kingdom,1,160.0,364,0.93953145,0.06046854,Did Not Buy,Critical Risk
14572,United Kingdom,9,4779.68,49,0.3177793,0.6822207,Bought,Medium Risk
14573,United Kingdom,13,2163.12,119,0.6803274,0.31967255,Did Not Buy,High Risk
14574,United Kingdom,1,143.70000000000002,672,0.9847819,0.015218062,Did Not Buy,Critical Risk
14575,United Kingdom,1,420.22,427,0.8763593,0.1236407,Did Not Buy,Critical Risk
14576,United Kingdom,1,35.400000000000006,311,0.973702,0.026297983,Did Not Buy,Critical Risk
14577,United Kingdom,6,1151.08,103,0.3021558,0.6978442,Bought,Medium Risk
14579,United Kingdom,1,105.56,371,0.9580035,0.041996486,Did Not Buy,Critical Risk
14580,United Kingdom,1,14.850000000000001,457,0.98715234,0.012847645,Did Not Buy,Critical Risk
14581,United Kingdom,1,271.05,483,0.543932,0.45606798,Bought,High Risk
14583,United Kingdom,7,1415.05,83,0.24360406,0.75639594,Bought,Low Risk
14584,United Kingdom,8,1738.16,108,0.74429834,0.25570163,Did Not Buy,High Risk
14585,United Kingdom,4,986.22,322,0.6032908,0.3967092,Bought,High Risk
14586,United Kingdom,1,237.36,216,0.7982318,0.20176823,Did Not Buy,Critical Risk
14587,United Kingdom,8,1452.68,123,0.13399756,0.86600244,Bought,Low Risk
14588,United Kingdom,1,135.39,517,0.9597963,0.040203698,Did Not Buy,Critical Risk
14589,United Kingdom,1,39.75,311,0.92884064,0.07115935,Did Not Buy,Critical Risk
14590,United Kingdom,20,2993.37,364,0.9559963,0.044003736,Did Not Buy,Critical Risk
14591,United Kingdom,1,204.02,152,0.37281442,0.6271856,Bought,Medium Risk
14592,United Kingdom,1,262.71,3,0.32111847,0.6788815,Bought,Medium Risk
14593,United Kingdom,11,3380.47,138,0.113624394,0.8863756,Bought,Low Risk
14594,United Kingdom,1,255.0,312,0.73177814,0.26822183,Bought,High Risk
14595,United Kingdom,5,865.63,1,0.4087953,0.5912047,Bought,Medium Risk
14596,United Kingdom,1,222.22000000000003,566,0.9847616,0.0152384,Did Not Buy,Critical Risk
14597,United Kingdom,5,1483.49,131,0.41022086,0.58977914,Bought,Medium Risk
14598,United Kingdom,1,162.07,508,0.71741176,0.28258824,Bought,High Risk
14599,United Kingdom,2,457.89,329,0.6827934,0.31720665,Did Not Buy,High Risk
14600,United Kingdom,2,865.1700000000001,245,0.72547954,0.27452046,Did Not Buy,High Risk
14602,United Kingdom,1,205.35999999999999,595,0.9814285,0.018571492,Did Not Buy,Critical Risk
14603,United Kingdom,1,660.0,214,0.8607227,0.13927726,Did Not Buy,Critical Risk
14604,United Kingdom,1,136.35999999999999,572,0.9269048,0.0730952,Did Not Buy,Critical Risk
14605,United Kingdom,4,920.71,313,0.81589735,0.18410268,Did Not Buy,Critical Risk
14606,United Kingdom,169,27736.72,0,0.0019385219,0.9980615,Bought,Low Risk
14607,United Kingdom,9,8048.63,200,0.23681706,0.76318294,Bought,Low Risk
14608,United Kingdom,8,2348.7400000000002,25,0.20439136,0.79560864,Bought,Low Risk
14609,United Kingdom,10,1486.2,11,0.9027903,0.09720972,Did Not Buy,Critical Risk
14610,United Kingdom,2,24.35,335,0.89672035,0.10327964,Did Not Buy,Critical Risk
14611,United Kingdom,2,604.3299999999999,383,0.7877547,0.21224529,Did Not Buy,Critical Risk
14612,United Kingdom,1,877.7,354,0.94711125,0.052888747,Did Not Buy,Critical Risk
14613,United Kingdom,1,76.32000000000001,619,0.9930833,0.0069166985,Did Not Buy,Critical Risk
14614,United Kingdom,1,295.13,325,0.852944,0.14705597,Did Not Buy,Critical Risk
14615,United Kingdom,5,951.76,333,0.8268841,0.1731159,Did Not Buy,Critical Risk
14616,United Kingdom,5,527.78,182,0.75194037,0.24805962,Did Not Buy,Critical Risk
14617,United Kingdom,2,190.47000000000003,342,0.8841504,0.115849644,Did Not Buy,Critical Risk
14618,United Kingdom,5,1000.6800000000001,277,0.7210113,0.27898872,Bought,High Risk
14619,United Kingdom,2,1291.24,185,0.9193827,0.08061733,Did Not Buy,Critical Risk
14620,United Kingdom,2,412.78000000000003,145,0.5724714,0.42752865,Did Not Buy,High Risk
14621,United Kingdom,7,2215.12,96,0.5334848,0.4665152,Bought,High Risk
14622,United Kingdom,1,320.58000000000004,124,0.76951605,0.23048395,Did Not Buy,Critical Risk
14623,United Kingdom,8,1731.76,55,0.26149338,0.7385066,Bought,Medium Risk
14624,United Kingdom,4,588.22,354,0.6471037,0.35289627,Bought,High Risk
14625,United Kingdom,11,4497.88,135,0.6567705,0.34322947,Did Not Buy,High Risk
14626,United Kingdom,10,4801.85,4,0.11140895,0.88859105,Bought,Low Risk
14627,United Kingdom,1,462.75,318,0.8096284,0.19037156,Did Not Buy,Critical Risk
14628,United Kingdom,5,1998.0,30,0.7978183,0.20218173,Did Not Buy,Critical Risk
14630,United Kingdom,1,338.65,423,0.97528994,0.024710033,Did Not Buy,Critical Risk
14631,United Kingdom,5,1648.79,174,0.3640719,0.6359281,Bought,Medium Risk
14632,United Kingdom,1,114.56,202,0.88564587,0.11435416,Did Not Buy,Critical Risk
14633,United Kingdom,1,344.90000000000003,205,0.92338264,0.07661733,Did Not Buy,Critical Risk
14634,United Kingdom,4,2124.46,377,0.90031224,0.099687755,Did Not Buy,Critical Risk
14635,United Kingdom,1,215.22,393,0.8733481,0.12665185,Did Not Buy,Critical Risk
14636,United Kingdom,1,300.19,208,0.8999157,0.10008431,Bought,Critical Risk
14637,United Kingdom,1,106.67999999999999,616,0.9492725,0.05072747,Did Not Buy,Critical Risk
14639,United Kingdom,7,3983.7,59,0.36634028,0.6336597,Bought,Medium Risk
14640,United Kingdom,8,3025.34,67,0.19923007,0.8007699,Bought,Low Risk
14643,United Kingdom,5,1679.89,109,0.5963097,0.40369028,Did Not Buy,High Risk
14644,United Kingdom,7,2247.72,7,0.7558123,0.24418771,Did Not Buy,Critical Risk
14645,United Kingdom,3,876.89,96,0.8565258,0.14347419,Did Not Buy,Critical Risk
14646,Netherlands,121,450748.69,4,0.0032657385,0.99673426,Bought,Low Risk
14647,United Kingdom,2,506.04,140,0.6638843,0.33611572,Did Not Buy,High Risk
14648,United Kingdom,15,4463.39,355,0.9260131,0.073986895,Did Not Buy,Critical Risk
14649,United Kingdom,8,3143.78,11,0.17047936,0.82952064,Bought,Low Risk
14650,United Kingdom,1,62.5,528,0.9731948,0.026805233,Did Not Buy,Critical Risk
14651,United Kingdom,9,2025.52,6,0.8463837,0.15361634,Did Not Buy,Critical Risk
14652,United Kingdom,1,114.18,16,0.846804,0.153196,Did Not Buy,Critical Risk
14653,United Kingdom,6,2173.05,6,0.3557737,0.6442263,Bought,Medium Risk
14654,United Kingdom,1,246.86,677,0.92583793,0.07416204,Did Not Buy,Critical Risk
14655,United Kingdom,5,3157.45,10,0.20576638,0.7942336,Bought,Low Risk
14656,United Kingdom,5,790.0,108,0.6927058,0.3072942,Did Not Buy,High Risk
14657,United Kingdom,5,1240.91,94,0.3428952,0.6571048,Bought,Medium Risk
14658,United Kingdom,1,123.14,56,0.38514376,0.61485624,Bought,Medium Risk
14659,United Kingdom,7,2067.98,18,0.10703516,0.89296484,Bought,Low Risk
14660,United Kingdom,2,285.74,26,0.13514978,0.8648502,Did Not Buy,Low Risk
14662,United Kingdom,6,1147.34,174,0.47932363,0.5206764,Bought,Medium Risk
14663,United Kingdom,2,490.6,369,0.78168136,0.21831866,Did Not Buy,Critical Risk
14665,United Kingdom,7,2749.65,0,0.7958684,0.20413163,Did Not Buy,Critical Risk
14667,United Kingdom,48,18260.35,13,0.0017303228,0.9982697,Bought,Low Risk
14668,United Kingdom,1,111.63,384,0.929196,0.07080398,Did Not Buy,Critical Risk
14669,United Kingdom,7,3216.78,181,0.6407381,0.3592619,Did Not Buy,High Risk
14670,United Kingdom,3,583.33,219,0.68617713,0.3138229,Did Not Buy,High Risk
14671,United Kingdom,2,1127.45,488,0.8893605,0.11063951,Did Not Buy,Critical Risk
14672,United Kingdom,4,1113.14,174,0.72598374,0.27401623,Did Not Buy,High Risk
14673,United Kingdom,3,1674.41,307,0.67414016,0.32585984,Bought,High Risk
14674,United Kingdom,1,173.66,448,0.97620904,0.023790963,Did Not Buy,Critical Risk
14675,United Kingdom,1,419.22,328,0.60335994,0.39664003,Bought,High Risk
14676,United Kingdom,11,7979.51,18,0.17610216,0.82389784,Bought,Low Risk
14677,United Kingdom,1,184.91,532,0.95497984,0.045020178,Did Not Buy,Critical Risk
14678,United Kingdom,1,403.39,518,0.8785539,0.121446066,Did Not Buy,Critical Risk
14679,United Kingdom,3,1289.44,321,0.9028487,0.09715125,Did Not Buy,Critical Risk
14680,United Kingdom,57,54520.9,11,0.0119047165,0.9880953,Bought,Low Risk
14681,United Kingdom,6,875.1500000000001,10,0.8121918,0.18780823,Did Not Buy,Critical Risk
14682,United Kingdom,6,1514.81,127,0.6257237,0.3742763,Did Not Buy,High Risk
14683,United Kingdom,1,146.56,527,0.9549606,0.045039397,Did Not Buy,Critical Risk
14684,United Kingdom,4,851.29,21,0.27251655,0.72748345,Bought,Medium Risk
14685,United Kingdom,8,4536.64,515,0.9535948,0.04640522,Did Not Buy,Critical Risk
14686,United Kingdom,5,852.53,353,0.79901063,0.20098937,Did Not Buy,Critical Risk
14687,United Kingdom,3,1402.06,46,0.94156075,0.05843928,Did Not Buy,Critical Risk
14688,United Kingdom,24,6032.5,10,0.033643186,0.9663568,Bought,Low Risk
14689,United Kingdom,1,112.8,148,0.8390713,0.16092876,Did Not Buy,Critical Risk
14690,United Kingdom,3,635.1899999999999,91,0.5286591,0.47134086,Bought,High Risk
14691,United Kingdom,4,1769.07,10,0.19318873,0.8068113,Bought,Low Risk
14692,United Kingdom,12,1715.1399999999999,76,0.23795944,0.76204056,Did Not Buy,Low Risk
14693,United Kingdom,7,1165.36,204,0.81381667,0.18618333,Did Not Buy,Critical Risk
14694,United Kingdom,1,244.31,556,0.92987216,0.07012787,Did Not Buy,Critical Risk
14695,United Kingdom,3,1534.22,458,0.9405147,0.05948534,Did Not Buy,Critical Risk
14696,United Kingdom,7,2172.7400000000002,10,0.14834243,0.85165757,Bought,Low Risk
14697,United Kingdom,2,188.60999999999999,157,0.8644557,0.13554427,Did Not Buy,Critical Risk
14699,United Kingdom,4,702.6,153,0.8087137,0.1912863,Did Not Buy,Critical Risk
14700,United Kingdom,4,2422.06,129,0.61802065,0.38197932,Bought,High Risk
14701,United Kingdom,13,3902.4500000000003,112,0.17446613,0.82553387,Bought,Low Risk
14702,United Kingdom,23,5102.75,3,0.021025062,0.97897494,Bought,Low Risk
14704,United Kingdom,5,631.78,20,0.19031578,0.8096842,Bought,Low Risk
14705,United Kingdom,1,179.0,138,0.84739804,0.15260199,Did Not Buy,Critical Risk
14706,United Kingdom,1,367.54,558,0.9649149,0.03508506,Did Not Buy,Critical Risk
14707,United Kingdom,2,139.2,375,0.8863397,0.11366027,Did Not Buy,Critical Risk
14708,United Kingdom,4,1368.03,93,0.5619215,0.43807852,Bought,High Risk
14709,United Kingdom,22,8229.33,10,0.0059379935,0.994062,Bought,Low Risk
14710,United Kingdom,9,1300.31,318,0.42001057,0.57998943,Bought,Medium Risk
14711,United Kingdom,9,2355.63,30,0.08111215,0.91888785,Bought,Low Risk
14712,United Kingdom,3,832.47,14,0.5155573,0.4844427,Bought,High Risk
14713,United Kingdom,19,4482.7699999999995,38,0.059833646,0.94016635,Bought,Low Risk
14714,United Kingdom,3,746.05,346,0.5396205,0.4603795,Bought,High Risk
14715,United Kingdom,7,1536.92,34,0.519333,0.480667,Bought,High Risk
14716,United Kingdom,2,417.49,88,0.4735993,0.5264007,Bought,Medium Risk
14717,United Kingdom,1,81.3,672,0.98614275,0.013857248,Did Not Buy,Critical Risk
14718,United Kingdom,1,226.42,349,0.8286351,0.17136487,Did Not Buy,Critical Risk
14719,United Kingdom,3,788.0,0,0.13831931,0.8616807,Bought,Low Risk
14720,United Kingdom,2,401.13,28,0.26821554,0.73178446,Bought,Medium Risk
14721,United Kingdom,1,109.07,318,0.93329185,0.06670814,Did Not Buy,Critical Risk
14722,United Kingdom,3,489.52,86,0.6361821,0.36381787,Did Not Buy,High Risk
14723,United Kingdom,8,1134.65,297,0.18976855,0.81023145,Bought,Low Risk
14724,United Kingdom,1,341.9,529,0.9314369,0.06856313,Did Not Buy,Critical Risk
14725,United Kingdom,3,591.28,334,0.58981335,0.41018668,Bought,High Risk
14726,United Kingdom,1,116.5,594,0.98673284,0.013267169,Did Not Buy,Critical Risk
14727,United Kingdom,3,461.03,213,0.8115096,0.18849039,Did Not Buy,Critical Risk
14728,United Kingdom,1,190.58,352,0.8528185,0.14718153,Did Not Buy,Critical Risk
14729,United Kingdom,3,586.24,313,0.72386706,0.2761329,Did Not Buy,High Risk
14730,United Kingdom,7,1669.38,4,0.082662165,0.91733783,Bought,Low Risk
14731,United Kingdom,2,251.01999999999998,145,0.4756837,0.5243163,Bought,Medium Risk
14732,United Kingdom,17,4741.77,27,0.09582573,0.90417427,Bought,Low Risk
14733,United Kingdom,14,13793.44,50,0.1496324,0.8503676,Bought,Low Risk
14734,United Kingdom,4,1056.42,365,0.8613414,0.13865857,Did Not Buy,Critical Risk
14735,United Kingdom,49,10506.72,21,0.015336633,0.98466337,Bought,Low Risk
14736,United Kingdom,2,374.05,424,0.90375745,0.09624252,Did Not Buy,Critical Risk
14737,United Kingdom,3,3471.37,68,0.34072554,0.65927446,Bought,Medium Risk
14738,United Kingdom,8,1591.91,3,0.13177443,0.8682256,Bought,Low Risk
14739,United Kingdom,23,10528.7,5,0.034805775,0.9651942,Bought,Low Risk
14740,United Kingdom,11,4161.06,136,0.59233296,0.407667,Did Not Buy,High Risk
14741,United Kingdom,5,1177.71,52,0.36628574,0.63371426,Bought,Medium Risk
14742,United Kingdom,1,579.85,374,0.72371304,0.27628693,Did Not Buy,High Risk
14743,United Kingdom,1,50.48,532,0.98704624,0.012953781,Did Not Buy,Critical Risk
14744,United Kingdom,12,3488.13,237,0.37180167,0.6281983,Bought,Medium Risk
14745,United Kingdom,12,2551.41,52,0.10120648,0.8987935,Did Not Buy,Low Risk
14746,United Kingdom,4,593.5,345,0.78539455,0.21460542,Did Not Buy,Critical Risk
14747,United Kingdom,1,328.2,188,0.90321255,0.096787445,Did Not Buy,Critical Risk
14748,United Kingdom,9,2384.92,63,0.20966893,0.79033107,Bought,Low Risk
14749,United Kingdom,1,310.15,419,0.96116817,0.038831834,Did Not Buy,Critical Risk
14750,United Kingdom,1,112.03,675,0.9931432,0.0068568024,Did Not Buy,Critical Risk
14751,United Kingdom,2,126.45,623,0.99073035,0.009269673,Did Not Buy,Critical Risk
14753,United Kingdom,2,869.51,26,0.8355858,0.16441424,Did Not Buy,Critical Risk
14754,United Kingdom,5,1138.15,235,0.43744648,0.5625535,Bought,Medium Risk
14755,United Kingdom,22,8134.25,13,0.009066343,0.99093366,Bought,Low Risk
14756,United Kingdom,2,1864.8,322,0.5005117,0.4994883,Bought,High Risk
14757,United Kingdom,1,420.5,14,0.5207236,0.4792764,Did Not Buy,High Risk
14758,United Kingdom,7,2864.97,84,0.49066252,0.5093375,Did Not Buy,Medium Risk
14759,United Kingdom,2,870.85,52,0.2515412,0.7484588,Bought,Medium Risk
14760,United Kingdom,1,89.2,236,0.9326048,0.06739524,Did Not Buy,Critical Risk
14761,United Kingdom,2,289.52,274,0.5524478,0.44755217,Bought,High Risk
14762,United Kingdom,2,417.57,203,0.82043,0.17957,Did Not Buy,Critical Risk
14765,United Kingdom,2,95.5,51,0.40850133,0.5914987,Bought,Medium Risk
14766,United Kingdom,10,5953.21,20,0.07625753,0.9237425,Bought,Low Risk
14767,United Kingdom,1,382.81,413,0.97991973,0.020080261,Did Not Buy,Critical Risk
14768,United Kingdom,1,133.20000000000002,66,0.82879484,0.17120513,Bought,Critical Risk
14769,United Kingdom,16,15170.49,21,0.015622199,0.9843778,Bought,Low Risk
14770,United Kingdom,8,3637.64,171,0.6975858,0.30241415,Did Not Buy,High Risk
14771,United Kingdom,2,594.62,560,0.9365015,0.06349848,Did Not Buy,Critical Risk
14772,United Kingdom,1,139.26,51,0.72637236,0.27362767,Did Not Buy,High Risk
14773,United Kingdom,1,140.55,532,0.9718969,0.028103115,Did Not Buy,Critical Risk
14774,United Kingdom,1,241.45,468,0.90390146,0.09609855,Did Not Buy,Critical Risk
14775,United Kingdom,2,701.46,77,0.70390666,0.29609334,Bought,High Risk
14776,United Kingdom,12,3032.22,44,0.095752716,0.9042473,Bought,Low Risk
14777,United Kingdom,1,307.56,343,0.8562901,0.14370991,Did Not Buy,Critical Risk
14778,United Kingdom,2,730.86,66,0.57223,0.42777002,Did Not Buy,High Risk
14779,United Kingdom,3,386.15,220,0.8304168,0.1695832,Did Not Buy,Critical Risk
14780,United Kingdom,1,332.8,18,0.4534278,0.5465722,Bought,Medium Risk
14782,United Kingdom,1,200.10000000000002,259,0.8337378,0.16626222,Did Not Buy,Critical Risk
14783,United Kingdom,1,307.3,598,0.97801614,0.021983853,Did Not Buy,Critical Risk
14784,United Kingdom,2,274.62,263,0.6515431,0.34845692,Bought,High Risk
14786,United Kingdom,1,90.96,489,0.9442278,0.05577218,Did Not Buy,Critical Risk
14787,United Kingdom,1,110.65,410,0.9707767,0.02922333,Did Not Buy,Critical Risk
14788,United Kingdom,1,476.88,535,0.4528951,0.5471049,Bought,Medium Risk
14790,United Kingdom,8,2145.6,59,0.33119363,0.6688064,Bought,Medium Risk
14791,United Kingdom,1,303.63,546,0.9528195,0.04718047,Did Not Buy,Critical Risk
14792,United Kingdom,1,6.2,3,0.6451534,0.35484657,Did Not Buy,High Risk
14793,United Kingdom,1,396.91,474,0.85637355,0.14362645,Bought,Critical Risk
14794,United Kingdom,7,1313.53,143,0.33429915,0.66570085,Bought,Medium Risk
14795,United Kingdom,1,131.45000000000002,105,0.75005263,0.24994738,Did Not Buy,Critical Risk
14796,United Kingdom,24,8773.460000000001,34,0.013799369,0.98620063,Bought,Low Risk
14797,United Kingdom,1,300.31,446,0.9619766,0.03802343,Did Not Buy,Critical Risk
14798,United Kingdom,7,647.97,83,0.51421213,0.48578787,Bought,High Risk
14799,United Kingdom,1,180.45,677,0.82127815,0.17872183,Bought,Critical Risk
14800,United Kingdom,15,6787.84,15,0.05061847,0.94938153,Bought,Low Risk
14801,United Kingdom,1,189.34,0,0.7495676,0.25043237,Did Not Buy,High Risk
14803,United Kingdom,3,845.55,101,0.64417714,0.35582286,Did Not Buy,High Risk
14805,United Kingdom,4,645.4,253,0.581264,0.41873598,Bought,High Risk
14806,United Kingdom,2,303.43,14,0.8557806,0.1442194,Did Not Buy,Critical Risk
14807,United Kingdom,2,504.14,330,0.8757629,0.1242371,Did Not Buy,Critical Risk
14808,United Kingdom,7,2184.41,14,0.10189319,0.8981068,Bought,Low Risk
14809,United Kingdom,2,686.76,560,0.9248489,0.07515106,Did Not Buy,Critical Risk
14810,United Kingdom,12,2135.48,43,0.09967393,0.9003261,Bought,Low Risk
14811,United Kingdom,1,170.5,326,0.89326024,0.10673975,Did Not Buy,Critical Risk
14812,United Kingdom,1,178.85,538,0.96757454,0.032425463,Did Not Buy,Critical Risk
14813,United Kingdom,4,888.91,309,0.7190238,0.2809762,Did Not Buy,High Risk
14814,United Kingdom,1,152.96,520,0.9433468,0.0566532,Did Not Buy,Critical Risk
14815,United Kingdom,1,551.58,7,0.3692516,0.6307484,Bought,Medium Risk
14816,United Kingdom,1,271.85,136,0.9461429,0.05385708,Did Not Buy,Critical Risk
14817,United Kingdom,7,3609.86,139,0.5817403,0.41825968,Did Not Buy,High Risk
14818,United Kingdom,6,1153.56,13,0.6783498,0.3216502,Did Not Buy,High Risk
14819,United Kingdom,4,456.41,3,0.79709107,0.20290895,Did Not Buy,Critical Risk
14820,United Kingdom,7,1009.66,14,0.3111202,0.6888798,Bought,Medium Risk
14821,United Kingdom,7,1230.15,306,0.75887793,0.24112205,Did Not Buy,Critical Risk
14822,United Kingdom,1,157.70000000000002,424,0.9436317,0.056368306,Did Not Buy,Critical Risk
14823,United Kingdom,3,321.43,119,0.69749475,0.30250528,Did Not Buy,High Risk
14824,United Kingdom,8,3650.71,12,0.2924065,0.7075935,Bought,Medium Risk
14825,United Kingdom,21,4158.9800000000005,2,0.12085307,0.87914693,Bought,Low Risk
14826,United Kingdom,2,385.2,521,0.90063196,0.09936805,Did Not Buy,Critical Risk
14828,United Kingdom,13,9839.460000000001,136,0.87981945,0.12018055,Did Not Buy,Critical Risk
14829,United Kingdom,6,1289.95,123,0.383587,0.616413,Bought,Medium Risk
14831,United Kingdom,3,1676.57,619,0.92192674,0.078073256,Did Not Buy,Critical Risk
14833,United Kingdom,1,94.8,438,0.98027253,0.019727444,Did Not Buy,Critical Risk
14834,United Kingdom,4,1337.06,11,0.36111552,0.6388845,Bought,Medium Risk
14835,United Kingdom,2,297.0,468,0.961234,0.038766038,Did Not Buy,Critical Risk
14837,United Kingdom,9,3460.32,29,0.23742211,0.7625779,Did Not Buy,Low Risk
14838,United Kingdom,2,769.9200000000001,362,0.61723083,0.38276917,Did Not Buy,High Risk
14839,United Kingdom,3,915.28,357,0.8368014,0.16319862,Did Not Buy,Critical Risk
14840,United Kingdom,2,362.71,207,0.91824985,0.08175014,Did Not Buy,Critical Risk
14841,United Kingdom,12,6242.81,118,0.09472996,0.90527004,Bought,Low Risk
14842,United Kingdom,3,1901.52,34,0.2571622,0.7428378,Bought,Medium Risk
14843,United Kingdom,1,211.79999999999998,376,0.87533736,0.12466263,Did Not Buy,Critical Risk
14844,United Kingdom,10,6702.43,3,0.7022153,0.2977847,Did Not Buy,High Risk
14845,United Kingdom,1,150.0,539,0.95620644,0.04379357,Did Not Buy,Critical Risk
14846,United Kingdom,1,437.4,366,0.93526953,0.064730465,Did Not Buy,Critical Risk
14847,United Kingdom,3,1348.95,88,0.81806874,0.18193123,Did Not Buy,Critical Risk
14848,United Kingdom,1,310.56,344,0.90509,0.09491005,Did Not Buy,Critical Risk
14849,United Kingdom,37,14046.95,4,0.0033014417,0.99669856,Bought,Low Risk
14850,United Kingdom,7,1770.96,251,0.6607332,0.33926678,Did Not Buy,High Risk
14851,United Kingdom,2,524.19,195,0.6979513,0.3020487,Bought,High Risk
14852,United Kingdom,17,5484.16,35,0.05215603,0.94784397,Bought,Low Risk
14853,United Kingdom,4,1115.57,150,0.4102571,0.5897429,Bought,Medium Risk
14854,United Kingdom,11,4303.06,17,0.4354648,0.5645352,Did Not Buy,Medium Risk
14855,United Kingdom,7,6520.3,58,0.60665584,0.39334413,Did Not Buy,High Risk
14857,United Kingdom,6,3001.25,87,0.3320452,0.6679548,Bought,Medium Risk
14858,United Kingdom,1,180.75,445,0.95307994,0.046920042,Did Not Buy,Critical Risk
14859,United Kingdom,3,1279.02,19,0.4092731,0.5907269,Bought,Medium Risk
14861,United Kingdom,9,1254.94,320,0.76303875,0.23696125,Bought,Critical Risk
14862,United Kingdom,1,304.09999999999997,88,0.55016077,0.44983926,Bought,High Risk
14865,United Kingdom,3,77.52000000000001,311,0.4547937,0.5452063,Bought,Medium Risk
14866,United Kingdom,10,13113.56,20,0.31427264,0.68572736,Bought,Medium Risk
14867,United Kingdom,16,2952.06,125,0.49966532,0.5003347,Did Not Buy,Medium Risk
14868,United Kingdom,9,2865.19,11,0.11157036,0.88842964,Bought,Low Risk
14869,United Kingdom,5,2443.75,42,0.825514,0.17448598,Bought,Critical Risk
14870,United Kingdom,6,1838.95,201,0.7758011,0.22419888,Did Not Buy,Critical Risk
14871,United Kingdom,8,1062.19,117,0.34625793,0.6537421,Bought,Medium Risk
14872,United Kingdom,3,816.6,423,0.9528376,0.047162443,Did Not Buy,Critical Risk
14873,United Kingdom,2,854.13,149,0.7600148,0.23998526,Did Not Buy,Critical Risk
14874,United Kingdom,1,116.18,474,0.9531127,0.046887267,Did Not Buy,Critical Risk
14875,United Kingdom,3,2862.4,47,0.8787832,0.121216774,Did Not Buy,Critical Risk
14876,United Kingdom,2,256.7,460,0.93337554,0.066624485,Did Not Buy,Critical Risk
14877,United Kingdom,2,425.85,357,0.8067322,0.19326784,Did Not Buy,Critical Risk
14878,United Kingdom,23,3784.67,22,0.07109362,0.9289064,Bought,Low Risk
14879,United Kingdom,1,185.06,624,0.93997157,0.060028464,Did Not Buy,Critical Risk
14880,United Kingdom,3,690.59,16,0.6157676,0.3842324,Did Not Buy,High Risk
14882,United Kingdom,12,2956.9500000000003,329,0.42113924,0.57886076,Bought,Medium Risk
14883,United Kingdom,4,571.99,12,0.22102731,0.7789727,Bought,Low Risk
14884,United Kingdom,1,120.6,608,0.98827714,0.011722853,Did Not Buy,Critical Risk
14885,United Kingdom,3,1598.12,71,0.88271034,0.11728967,Did Not Buy,Critical Risk
14886,United Kingdom,1,364.8,192,0.8978031,0.10219687,Did Not Buy,Critical Risk
14887,United Kingdom,1,1862.0,18,0.862432,0.13756798,Did Not Buy,Critical Risk
14888,United Kingdom,1,369.2,146,0.8552487,0.14475131,Did Not Buy,Critical Risk
14889,United Kingdom,1,135.9,275,0.90477365,0.09522637,Did Not Buy,Critical Risk
14890,United Kingdom,3,817.25,193,0.85656327,0.14343674,Did Not Buy,Critical Risk
14891,United Kingdom,4,1106.73,87,0.553259,0.446741,Did Not Buy,High Risk
14892,United Kingdom,1,202.35000000000002,630,0.9870265,0.012973512,Did Not Buy,Critical Risk
14893,United Kingdom,1,571.76,557,0.6795616,0.32043836,Bought,High Risk
14894,United Kingdom,3,1492.81,24,0.9157214,0.08427857,Did Not Buy,Critical Risk
14895,United Kingdom,31,21955.62,30,0.006702125,0.9932979,Bought,Low Risk
14896,United Kingdom,8,1826.0,144,0.64960957,0.35039043,Did Not Buy,High Risk
14897,United Kingdom,6,2119.56,27,0.2832423,0.7167577,Bought,Medium Risk
14898,United Kingdom,13,3087.82,73,0.20047975,0.79952025,Bought,Low Risk
14899,United Kingdom,1,1331.38,334,0.73930526,0.26069477,Did Not Buy,High Risk
14900,United Kingdom,1,13.919999999999998,461,0.9866088,0.013391212,Did Not Buy,Critical Risk
14901,United Kingdom,10,1591.54,13,0.04490781,0.9550922,Bought,Low Risk
14902,United Kingdom,2,702.96,335,0.6055261,0.39447388,Bought,High Risk
14903,United Kingdom,4,2398.62,64,0.2643187,0.7356813,Bought,Medium Risk
14904,United Kingdom,2,605.05,347,0.5327344,0.4672656,Bought,High Risk
14905,United Kingdom,8,1971.39,97,0.6947875,0.30521247,Did Not Buy,High Risk
14907,United Kingdom,14,4654.8,38,0.21417129,0.7858287,Bought,Low Risk
14908,United Kingdom,2,381.9,13,0.9062865,0.09371354,Did Not Buy,Critical Risk
14909,United Kingdom,3,1404.68,376,0.85928255,0.14071743,Did Not Buy,Critical Risk
14911,EIRE,309,227962.07,0,0.0025550127,0.997445,Bought,Low Risk
14912,Italy,4,1464.52,186,0.56198585,0.43801412,Bought,High Risk
14913,United Kingdom,7,3762.85,122,0.31807476,0.68192524,Bought,Medium Risk
14915,United Kingdom,11,1811.25,30,0.2319349,0.7680651,Did Not Buy,Low Risk
14916,United Kingdom,8,3042.95,10,0.77226895,0.22773105,Did Not Buy,Critical Risk
14917,United Kingdom,2,1123.75,536,0.95645624,0.043543763,Did Not Buy,Critical Risk
14918,United Kingdom,9,5955.81,55,0.38711655,0.61288345,Did Not Buy,Medium Risk
14919,United Kingdom,1,359.35,478,0.96134526,0.03865472,Did Not Buy,Critical Risk
14920,United Kingdom,3,1607.17,152,0.8847189,0.115281135,Did Not Buy,Critical Risk
14921,United Kingdom,1,903.01,140,0.3640448,0.6359552,Bought,Medium Risk
14922,United Kingdom,2,843.74,333,0.7335415,0.26645854,Did Not Buy,High Risk
14924,United Kingdom,3,931.01,185,0.8846074,0.115392625,Did Not Buy,Critical Risk
14926,United Kingdom,2,359.4,321,0.926664,0.07333599,Did Not Buy,Critical Risk
14927,United Kingdom,1,308.2,336,0.82912153,0.17087846,Did Not Buy,Critical Risk
14928,United Kingdom,1,223.91000000000003,567,0.95303386,0.046966143,Did Not Buy,Critical Risk
14929,United Kingdom,1,612.8100000000001,361,0.76920336,0.23079662,Bought,Critical Risk
14930,Channel Islands,6,5236.7300000000005,48,0.83581185,0.16418812,Did Not Buy,Critical Risk
14931,Channel Islands,2,504.65,14,0.5573523,0.44264773,Bought,High Risk
14932,Channel Islands,2,566.13,305,0.9153376,0.08466238,Did Not Buy,Critical Risk
14933,Channel Islands,4,1770.0,383,0.8579259,0.14207411,Did Not Buy,Critical Risk
14934,Channel Islands,5,3403.5,21,0.8345901,0.16540992,Did Not Buy,Critical Risk
14935,Channel Islands,2,2849.83,236,0.8743892,0.12561086,Did Not Buy,Critical Risk
14936,Channel Islands,10,11107.67,5,0.08516431,0.9148357,Bought,Low Risk
14937,Channel Islands,1,759.56,69,0.27074546,0.72925454,Bought,Medium Risk
14938,Channel Islands,2,2322.43,501,0.92632496,0.073675014,Did Not Buy,Critical Risk
14940,United Kingdom,2,531.49,357,0.71322817,0.28677183,Did Not Buy,High Risk
14941,United Kingdom,1,182.1,518,0.96358764,0.03641235,Did Not Buy,Critical Risk
14942,United Kingdom,4,746.56,341,0.71364224,0.28635776,Did Not Buy,High Risk
14943,United Kingdom,1,107.62,602,0.98898065,0.011019373,Did Not Buy,Critical Risk
14944,United Kingdom,16,8706.93,16,0.020504057,0.97949594,Bought,Low Risk
14945,United Kingdom,1,179.4,353,0.9027038,0.097296186,Did Not Buy,Critical Risk
14947,United Kingdom,6,1049.79,11,0.7412534,0.2587466,Did Not Buy,High Risk
14948,United Kingdom,5,834.27,10,0.087659955,0.91234004,Bought,Low Risk
14949,United Kingdom,4,515.0,408,0.95777714,0.04222288,Did Not Buy,Critical Risk
14951,United Kingdom,1,311.69,18,0.65375674,0.34624323,Did Not Buy,High Risk
14952,United Kingdom,30,16254.11,11,0.016028166,0.98397183,Bought,Low Risk
14953,United Kingdom,3,683.15,357,0.84371173,0.15628827,Bought,Critical Risk
14954,United Kingdom,1,167.27,642,0.53607327,0.46392673,Bought,High Risk
14955,United Kingdom,1,163.77,672,0.9871327,0.012867278,Did Not Buy,Critical Risk
14956,United Kingdom,1,1325.0,360,0.96754855,0.03245143,Did Not Buy,Critical Risk
14957,United Kingdom,2,261.69,192,0.85138804,0.14861198,Did Not Buy,Critical Risk
14958,United Kingdom,6,941.99,86,0.7124834,0.28751662,Did Not Buy,High Risk
14959,United Kingdom,4,695.42,3,0.5616417,0.43835828,Did Not Buy,High Risk
14960,United Kingdom,1,88.3,110,0.5809465,0.4190535,Bought,High Risk
14961,United Kingdom,21,15265.4,20,0.0052414536,0.99475855,Bought,Low Risk
14962,United Kingdom,4,366.91,210,0.8909751,0.10902488,Did Not Buy,Critical Risk
14963,United Kingdom,8,1945.43,123,0.21920002,0.7808,Bought,Low Risk
14964,United Kingdom,1,206.21,186,0.7139869,0.28601313,Did Not Buy,High Risk
14965,United Kingdom,2,596.09,35,0.5328857,0.46711436,Did Not Buy,High Risk
14966,United Kingdom,5,881.24,326,0.57816315,0.42183682,Bought,High Risk
14967,United Kingdom,5,1518.81,381,0.9160133,0.08398671,Bought,Critical Risk
14968,United Kingdom,1,349.9,397,0.6082331,0.39176688,Bought,High Risk
14969,United Kingdom,1,906.23,643,0.90194595,0.09805408,Did Not Buy,Critical Risk
14970,United Kingdom,12,4919.35,7,0.75846434,0.24153563,Did Not Buy,Critical Risk
14972,United Kingdom,2,145.07,67,0.88644665,0.11355336,Did Not Buy,Critical Risk
14973,United Kingdom,3,1314.45,46,0.5863944,0.4136056,Did Not Buy,High Risk
14975,United Kingdom,1,192.45,360,0.8714179,0.12858209,Bought,Critical Risk
14976,United Kingdom,4,559.96,40,0.24389046,0.75610954,Bought,Low Risk
14977,United Kingdom,1,31.929999999999996,665,0.9864652,0.013534796,Did Not Buy,Critical Risk
14978,United Kingdom,10,3112.19,11,0.76619506,0.23380491,Did Not Buy,Critical Risk
14979,United Kingdom,1,429.66,674,0.9539251,0.04607491,Did Not Buy,Critical Risk
14980,United Kingdom,1,150.68,676,0.9841564,0.015843576,Did Not Buy,Critical Risk
14981,United Kingdom,2,372.92,185,0.8077737,0.19222626,Did Not Buy,Critical Risk
14982,United Kingdom,1,234.88,511,0.8897711,0.1102289,Did Not Buy,Critical Risk
14983,United Kingdom,1,183.20000000000002,628,0.8025315,0.1974685,Did Not Buy,Critical Risk
14984,United Kingdom,5,1160.37,120,0.45843816,0.54156184,Bought,Medium Risk
14985,United Kingdom,2,292.01,137,0.7216222,0.27837777,Did Not Buy,High Risk
14986,United Kingdom,2,563.1,315,0.7705947,0.22940528,Did Not Buy,Critical Risk
14987,United Kingdom,7,1387.4499999999998,305,0.3788994,0.6211006,Bought,Medium Risk
14988,United Kingdom,7,2038.65,151,0.42281002,0.57719,Did Not Buy,Medium Risk
14989,United Kingdom,1,342.4,601,0.98419833,0.015801638,Did Not Buy,Critical Risk
14990,United Kingdom,2,304.17,551,0.927399,0.072601,Did Not Buy,Critical Risk
14991,United Kingdom,1,314.67,369,0.89178455,0.10821548,Did Not Buy,Critical Risk
14992,United Kingdom,1,210.5,381,0.8132603,0.1867397,Did Not Buy,Critical Risk
14993,United Kingdom,1,36.13,503,0.98128575,0.01871425,Did Not Buy,Critical Risk
14994,United Kingdom,5,942.77,321,0.64567256,0.35432747,Did Not Buy,High Risk
14995,United Kingdom,1,119.31,219,0.87737995,0.12262003,Bought,Critical Risk
14996,United Kingdom,2,442.28999999999996,420,0.9116967,0.08830332,Did Not Buy,Critical Risk
14997,United Kingdom,3,664.0799999999999,27,0.5843902,0.41560978,Bought,High Risk
14998,United Kingdom,4,753.18,109,0.7051632,0.29483682,Did Not Buy,High Risk
14999,United Kingdom,1,129.48000000000002,532,0.90046173,0.09953826,Did Not Buy,Critical Risk
15001,United Kingdom,2,197.10999999999999,333,0.7771761,0.22282393,Did Not Buy,Critical Risk
15002,United Kingdom,9,4138.08,55,0.73062825,0.26937178,Did Not Buy,High Risk
15003,United Kingdom,6,1027.03,412,0.9654129,0.034587067,Did Not Buy,Critical Risk
15004,United Kingdom,1,1220.38,86,0.6366355,0.36336452,Did Not Buy,High Risk
15005,United Kingdom,51,12551.95,3,0.0028430223,0.997157,Bought,Low Risk
15006,United Kingdom,1,277.4,392,0.44125628,0.5587437,Bought,Medium Risk
15007,United Kingdom,1,156.91,98,0.7803175,0.21968253,Did Not Buy,Critical Risk
15008,United Kingdom,2,360.0,419,0.976392,0.023608003,Did Not Buy,Critical Risk
15011,United Kingdom,2,416.6,335,0.90305567,0.09694432,Did Not Buy,Critical Risk
15012,United Kingdom,2,429.78,313,0.4080882,0.5919118,Bought,Medium Risk
15013,United Kingdom,10,1610.82,427,0.917151,0.082849026,Did Not Buy,Critical Risk
15014,United Kingdom,1,117.72999999999999,115,0.43405145,0.56594855,Bought,Medium Risk
15015,United Kingdom,13,2344.47,440,0.98195046,0.018049546,Did Not Buy,Critical Risk
15016,United Kingdom,5,620.89,112,0.7167489,0.2832511,Did Not Buy,High Risk
15018,United Kingdom,2,291.34000000000003,192,0.45051676,0.54948324,Bought,Medium Risk
15019,United Kingdom,1,252.81,206,0.737939,0.262061,Did Not Buy,High Risk
15020,United Kingdom,1,198.47,318,0.74063194,0.25936806,Did Not Buy,High Risk
15021,United Kingdom,9,2014.18,25,0.06007111,0.9399289,Bought,Low Risk
15022,United Kingdom,1,281.05,616,0.9145576,0.08544243,Bought,Critical Risk
15023,United Kingdom,17,9863.06,55,0.10010749,0.8998925,Bought,Low Risk
15024,United Kingdom,11,2753.58,52,0.121764004,0.878236,Bought,Low Risk
15025,United Kingdom,1,609.88,507,0.31378305,0.68621695,Bought,Medium Risk
15026,United Kingdom,5,1044.09,19,0.7760038,0.2239962,Did Not Buy,Critical Risk
15027,United Kingdom,9,3096.42,107,0.32136685,0.67863315,Bought,Medium Risk
15028,United Kingdom,3,521.78,308,0.4555952,0.5444048,Bought,Medium Risk
15029,United Kingdom,1,365.1,559,0.9749258,0.025074186,Did Not Buy,Critical Risk
15030,United Kingdom,8,1979.91,11,0.9195378,0.080462225,Did Not Buy,Critical Risk
15031,United Kingdom,12,2711.54,49,0.16638166,0.83361834,Bought,Low Risk
15032,United Kingdom,8,11010.05,195,0.7739309,0.22606908,Did Not Buy,Critical Risk
15033,United Kingdom,6,1605.65,48,0.08679855,0.91320145,Bought,Low Risk
15034,United Kingdom,12,7221.45,9,0.16380817,0.83619183,Bought,Low Risk
15035,United Kingdom,1,252.73000000000002,29,0.5586821,0.44131792,Did Not Buy,High Risk
15036,United Kingdom,3,429.56,11,0.62955356,0.37044644,Did Not Buy,High Risk
15037,United Kingdom,2,397.76,315,0.88244027,0.11755974,Did Not Buy,Critical Risk
15038,United Kingdom,8,1131.53,8,0.21774971,0.7822503,Bought,Low Risk
15039,United Kingdom,87,38218.9,5,0.0053501725,0.9946498,Bought,Low Risk
15040,United Kingdom,1,7.49,481,0.98259234,0.017407648,Did Not Buy,Critical Risk
15041,United Kingdom,2,288.98,109,0.7698009,0.23019913,Did Not Buy,Critical Risk
15042,United Kingdom,2,315.45,138,0.9152067,0.0847933,Did Not Buy,Critical Risk
15043,United Kingdom,5,2318.3199999999997,402,0.9712578,0.028742168,Bought,Critical Risk
15044,United Kingdom,30,14079.52,5,0.026579618,0.9734204,Bought,Low Risk
15045,United Kingdom,2,735.66,91,0.8871084,0.1128916,Did Not Buy,Critical Risk
15046,United Kingdom,22,6702.16,6,0.10708904,0.89291096,Bought,Low Risk
15047,United Kingdom,1,343.62,209,0.9069559,0.093044125,Did Not Buy,Critical Risk
15048,United Kingdom,4,381.0,4,0.8954946,0.104505405,Did Not Buy,Critical Risk
15049,United Kingdom,1,121.17000000000002,213,0.91273254,0.08726746,Did Not Buy,Critical Risk
15050,United Kingdom,4,3628.28,10,0.21652937,0.78347063,Bought,Low Risk
15051,United Kingdom,7,2921.29,89,0.43227923,0.5677208,Bought,Medium Risk
15052,United Kingdom,1,207.73000000000002,258,0.8426767,0.1573233,Did Not Buy,Critical Risk
15053,United Kingdom,2,478.6,95,0.21215135,0.78784865,Bought,Low Risk
15055,United Kingdom,3,549.12,414,0.9382094,0.061790578,Did Not Buy,Critical Risk
15056,United Kingdom,1,113.64999999999999,459,0.9262327,0.07376731,Did Not Buy,Critical Risk
15057,United Kingdom,5,3255.96,214,0.70571923,0.2942808,Did Not Buy,High Risk
15058,United Kingdom,13,2717.35,20,0.14419806,0.85580194,Bought,Low Risk
15059,United Kingdom,17,3161.28,46,0.08558321,0.9144168,Bought,Low Risk
15061,United Kingdom,122,113054.19,4,0.0032442212,0.9967558,Bought,Low Risk
15062,United Kingdom,8,2585.62,10,0.6963241,0.30367586,Did Not Buy,High Risk
15063,United Kingdom,1,370.79999999999995,152,0.97378695,0.026213044,Did Not Buy,Critical Risk
15064,United Kingdom,4,1154.41,349,0.8206599,0.17934012,Did Not Buy,Critical Risk
15065,United Kingdom,4,3027.48,104,0.25843883,0.7415612,Bought,Medium Risk
15067,United Kingdom,5,3862.88,17,0.51688886,0.48311117,Did Not Buy,High Risk
15068,United Kingdom,3,861.5,195,0.56146944,0.4385306,Bought,High Risk
15069,United Kingdom,1,1109.53,118,0.74152446,0.25847554,Did Not Buy,High Risk
15070,United Kingdom,3,737.0500000000001,312,0.7860472,0.21395281,Did Not Buy,Critical Risk
15071,United Kingdom,4,1455.56,33,0.77362376,0.22637622,Did Not Buy,Critical Risk
15072,United Kingdom,1,187.51999999999998,418,0.9732644,0.026735611,Did Not Buy,Critical Risk
15073,United Kingdom,7,2606.57,125,0.46658283,0.53341717,Bought,Medium Risk
15074,United Kingdom,3,1553.1299999999999,44,0.81896245,0.18103752,Did Not Buy,Critical Risk
15075,United Kingdom,1,773.03,17,0.661064,0.338936,Did Not Buy,High Risk
15076,United Kingdom,3,1447.74,112,0.73255706,0.2674429,Did Not Buy,High Risk
15077,United Kingdom,2,2428.08,434,0.9820138,0.017986184,Did Not Buy,Critical Risk
15078,United Kingdom,44,15113.77,13,0.0014266968,0.9985733,Bought,Low Risk
15079,United Kingdom,11,3625.4,152,0.4956621,0.5043379,Did Not Buy,Medium Risk
15080,United Kingdom,2,546.25,367,0.81623197,0.18376803,Did Not Buy,Critical Risk
15081,United Kingdom,11,1766.32,5,0.39257836,0.60742164,Bought,Medium Risk
15082,United Kingdom,1,93.35000000000001,608,0.99225956,0.007740433,Did Not Buy,Critical Risk
15083,United Kingdom,1,88.2,196,0.91514367,0.08485635,Did Not Buy,Critical Risk
15084,United Kingdom,2,965.2,319,0.9195244,0.08047565,Did Not Buy,Critical Risk
15085,United Kingdom,1,347.54,669,0.9810778,0.018922187,Did Not Buy,Critical Risk
15086,United Kingdom,2,218.53,504,0.8505709,0.14942905,Did Not Buy,Critical Risk
15087,United Kingdom,1,306.94,221,0.8520303,0.1479697,Did Not Buy,Critical Risk
15088,United Kingdom,1,864.19,6,0.6937542,0.30624577,Bought,High Risk
15089,United Kingdom,3,2036.28,33,0.19122958,0.8087704,Bought,Low Risk
15090,United Kingdom,1,381.32,247,0.87220556,0.12779446,Did Not Buy,Critical Risk
15091,United Kingdom,3,1046.6100000000001,7,0.94151527,0.058484744,Did Not Buy,Critical Risk
15092,United Kingdom,3,776.46,154,0.7614219,0.2385781,Did Not Buy,Critical Risk
15093,United Kingdom,22,13132.46,56,0.021035254,0.97896475,Bought,Low Risk
15094,United Kingdom,2,83.0,402,0.9606698,0.03933018,Did Not Buy,Critical Risk
15095,United Kingdom,10,3141.64,43,0.30273008,0.6972699,Did Not Buy,Medium Risk
15097,United Kingdom,2,660.27,522,0.4319203,0.5680797,Bought,Medium Risk
15098,United Kingdom,3,39916.5,121,0.90169483,0.09830517,Did Not Buy,Critical Risk
15099,United Kingdom,1,410.48,23,0.621121,0.378879,Did Not Buy,High Risk
15100,United Kingdom,7,2193.8999999999996,273,0.7911031,0.20889689,Did Not Buy,Critical Risk
15101,United Kingdom,5,1262.69,298,0.6254815,0.3745185,Bought,High Risk
15102,United Kingdom,2,554.67,470,0.8517172,0.14828283,Did Not Buy,Critical Risk
15103,United Kingdom,1,291.68,25,0.396855,0.603145,Bought,Medium Risk
15104,United Kingdom,2,993.54,136,0.5686282,0.4313718,Did Not Buy,High Risk
15105,United Kingdom,6,2513.55,6,0.04902011,0.9509799,Bought,Low Risk
15106,United Kingdom,4,1302.46,4,0.06986332,0.9301367,Bought,Low Risk
15107,United Kingdom,9,824.35,250,0.79098946,0.20901056,Did Not Buy,Critical Risk
15108,European Community,3,1159.25,81,0.8135079,0.18649206,Did Not Buy,Critical Risk
15109,United Kingdom,3,983.1,185,0.8524232,0.14757681,Did Not Buy,Critical Risk
15110,United Kingdom,4,886.3000000000001,66,0.71731603,0.28268397,Bought,High Risk
15111,United Kingdom,4,2112.69,6,0.8966399,0.10336011,Bought,Critical Risk
15112,United Kingdom,1,209.4,550,0.96762174,0.03237828,Did Not Buy,Critical Risk
15114,United Kingdom,11,2891.84,10,0.073171794,0.9268282,Bought,Low Risk
15115,United Kingdom,1,191.74,672,0.76932275,0.23067723,Bought,Critical Risk
15116,United Kingdom,2,790.97,74,0.5411871,0.4588129,Bought,High Risk
15117,United Kingdom,5,1609.92,60,0.36588234,0.63411766,Bought,Medium Risk
15118,United Kingdom,1,244.8,73,0.9368603,0.06313971,Did Not Buy,Critical Risk
15119,United Kingdom,1,266.4,185,0.6683193,0.33168072,Did Not Buy,High Risk
15120,United Kingdom,1,358.82,73,0.7997934,0.20020656,Did Not Buy,Critical Risk
15121,United Kingdom,1,295.15,228,0.79022574,0.20977426,Bought,Critical Risk
15122,United Kingdom,11,4487.27,53,0.55215126,0.44784874,Did Not Buy,High Risk
15123,United Kingdom,4,3526.33,145,0.41683364,0.58316636,Bought,Medium Risk
15124,United Kingdom,3,357.38,131,0.6720786,0.3279214,Bought,High Risk
15125,United Kingdom,23,16666.87,0,0.009575665,0.99042434,Bought,Low Risk
15126,United Kingdom,2,449.49,476,0.9058553,0.09414468,Did Not Buy,Critical Risk
15127,United Kingdom,2,711.5,5,0.8548491,0.14515087,Did Not Buy,Critical Risk
15128,United Kingdom,4,1482.92,66,0.39187032,0.6081297,Bought,Medium Risk
15129,United Kingdom,22,6209.51,46,0.11389613,0.88610387,Bought,Low Risk
15130,United Kingdom,1,330.11,109,0.8091995,0.1908005,Did Not Buy,Critical Risk
15131,United Kingdom,1,80.28,334,0.90251136,0.09748867,Did Not Buy,Critical Risk
15132,United Kingdom,3,842.23,45,0.24277145,0.75722855,Bought,Low Risk
15133,United Kingdom,5,1806.9,67,0.69152427,0.30847573,Did Not Buy,High Risk
15134,United Kingdom,7,1105.8500000000001,12,0.1317277,0.8682723,Bought,Low Risk
15135,United Kingdom,2,305.68,178,0.9141697,0.08583029,Did Not Buy,Critical Risk
15136,United Kingdom,1,582.9,35,0.46118587,0.5388141,Bought,Medium Risk
15137,United Kingdom,2,823.4,460,0.92699194,0.07300807,Did Not Buy,Critical Risk
15138,United Kingdom,1,502.52,333,0.7954027,0.20459728,Did Not Buy,Critical Risk
15139,United Kingdom,2,178.96,179,0.92659855,0.07340148,Did Not Buy,Critical Risk
15140,United Kingdom,7,2942.29,19,0.08333856,0.91666144,Bought,Low Risk
15141,United Kingdom,7,1388.47,397,0.8893466,0.11065337,Did Not Buy,Critical Risk
15142,United Kingdom,5,2121.18,349,0.4909798,0.5090202,Bought,Medium Risk
15143,United Kingdom,2,563.63,165,0.6128541,0.3871459,Did Not Buy,High Risk
15144,United Kingdom,24,9585.51,11,0.01742351,0.9825765,Bought,Low Risk
15145,United Kingdom,2,724.03,166,0.6740373,0.32596272,Bought,High Risk
15146,United Kingdom,2,1327.16,104,0.704318,0.295682,Did Not Buy,High Risk
15147,United Kingdom,1,623.5,179,0.8890809,0.11091913,Did Not Buy,Critical Risk
15149,United Kingdom,4,1524.6100000000001,73,0.8364928,0.1635072,Did Not Buy,Critical Risk
15150,United Kingdom,10,8046.9,13,0.017691076,0.9823089,Bought,Low Risk
15151,United Kingdom,2,2085.61,362,0.8668166,0.1331834,Did Not Buy,Critical Risk
15152,United Kingdom,9,3536.46,0,0.06919336,0.93080664,Bought,Low Risk
15154,United Kingdom,3,1343.72,14,0.86726654,0.13273343,Did Not Buy,Critical Risk
15155,United Kingdom,1,383.96999999999997,322,0.8977668,0.10223315,Did Not Buy,Critical Risk
15157,United Kingdom,4,2223.41,93,0.45892584,0.54107416,Bought,Medium Risk
15158,United Kingdom,1,204.62,340,0.9234145,0.07658545,Bought,Critical Risk
15159,United Kingdom,27,14885.86,6,0.0036650896,0.9963349,Bought,Low Risk
15160,United Kingdom,4,589.27,296,0.8358714,0.1641286,Did Not Buy,Critical Risk
15161,United Kingdom,1,119.92,327,0.9120919,0.08790811,Did Not Buy,Critical Risk
15162,United Kingdom,1,312.9,670,0.99074817,0.009251845,Did Not Buy,Critical Risk
15163,United Kingdom,1,155.0,131,0.73964345,0.26035652,Bought,High Risk
15164,United Kingdom,9,2028.1100000000001,8,0.7066265,0.29337353,Did Not Buy,High Risk
15165,United Kingdom,1,487.75,312,0.8918917,0.10810831,Did Not Buy,Critical Risk
15166,United Kingdom,1,167.16,407,0.97595835,0.024041656,Did Not Buy,Critical Risk
15167,United Kingdom,5,1627.62,260,0.7569121,0.24308786,Did Not Buy,Critical Risk
15169,United Kingdom,2,569.22,321,0.7634617,0.23653826,Did Not Buy,Critical Risk
15170,United Kingdom,1,81.15,346,0.9439278,0.05607215,Did Not Buy,Critical Risk
15171,United Kingdom,1,1289.5,270,0.94321436,0.056785632,Did Not Buy,Critical Risk
15172,United Kingdom,4,1247.95,9,0.10419482,0.8958052,Bought,Low Risk
15173,United Kingdom,7,1494.6,320,0.7606307,0.2393693,Did Not Buy,Critical Risk
15174,United Kingdom,2,481.46,262,0.5075083,0.4924917,Did Not Buy,High Risk
15175,United Kingdom,1,224.14,11,0.80425197,0.19574803,Did Not Buy,Critical Risk
15176,United Kingdom,1,988.04,607,0.9756337,0.02436632,Did Not Buy,Critical Risk
15177,United Kingdom,1,948.93,365,0.9348303,0.06516967,Did Not Buy,Critical Risk
15178,United Kingdom,1,40.5,199,0.93991786,0.060082164,Did Not Buy,Critical Risk
15179,United Kingdom,11,6740.09,173,0.2703566,0.7296434,Bought,Medium Risk
15180,United Kingdom,3,816.9300000000001,306,0.77921474,0.22078529,Did Not Buy,Critical Risk
15181,United Kingdom,5,1200.2,5,0.81051505,0.18948498,Did Not Buy,Critical Risk
15182,United Kingdom,11,2998.9500000000003,93,0.18646216,0.81353784,Did Not Buy,Low Risk
15183,United Kingdom,3,639.93,487,0.68308806,0.31691197,Did Not Buy,High Risk
15184,United Kingdom,3,518.42,130,0.4030497,0.5969503,Bought,Medium Risk
15185,United Kingdom,1,310.62,9,0.5991467,0.40085325,Did Not Buy,High Risk
15186,United Kingdom,4,1221.05,107,0.8365674,0.16343263,Bought,Critical Risk
15187,United Kingdom,7,2366.06,10,0.18721473,0.81278527,Bought,Low Risk
15188,United Kingdom,1,310.43,664,0.9701708,0.02982922,Did Not Buy,Critical Risk
15189,United Kingdom,38,13934.76,30,0.029622376,0.9703776,Bought,Low Risk
15190,United Kingdom,1,834.4399999999999,373,0.8800872,0.119912796,Did Not Buy,Critical Risk
15191,United Kingdom,3,588.05,402,0.958368,0.04163199,Did Not Buy,Critical Risk
15192,United Kingdom,5,1666.39,59,0.78443265,0.21556737,Did Not Buy,Critical Risk
15193,United Kingdom,1,499.32,0,0.7519798,0.24802016,Did Not Buy,Critical Risk
15194,United Kingdom,26,9893.22,17,0.012165248,0.98783475,Bought,Low Risk
15196,United Kingdom,2,313.7,372,0.79716825,0.20283175,Did Not Buy,Critical Risk
15197,United Kingdom,5,1571.15,192,0.7821422,0.21785776,Bought,Critical Risk
15198,United Kingdom,5,571.35,31,0.8155655,0.18443449,Did Not Buy,Critical Risk
15199,United Kingdom,9,2821.45,34,0.317344,0.682656,Bought,Medium Risk
15200,United Kingdom,1,549.05,434,0.93609226,0.06390777,Did Not Buy,Critical Risk
15201,United Kingdom,7,1842.95,26,0.37799495,0.62200505,Did Not Buy,Medium Risk
15203,United Kingdom,14,4090.1,19,0.022189617,0.9778104,Bought,Low Risk
15204,United Kingdom,1,316.58,296,0.92865986,0.071340136,Did Not Buy,Critical Risk
15205,United Kingdom,2,653.24,24,0.4311108,0.5688892,Did Not Buy,Medium Risk
15206,United Kingdom,3,236.7,39,0.3787915,0.6212085,Bought,Medium Risk
15207,United Kingdom,3,683.9200000000001,355,0.7222717,0.27772835,Did Not Buy,High Risk
15208,United Kingdom,4,596.22,2,0.42119867,0.57880133,Bought,Medium Risk
15209,United Kingdom,1,178.98000000000002,669,0.86793244,0.13206758,Did Not Buy,Critical Risk
15210,United Kingdom,3,1176.19,164,0.74046946,0.25953057,Did Not Buy,High Risk
15211,United Kingdom,1,383.07,304,0.8096209,0.19037908,Bought,Critical Risk
15212,United Kingdom,2,208.28,180,0.72415984,0.2758402,Did Not Buy,High Risk
15213,United Kingdom,2,328.35,258,0.8562118,0.14378823,Did Not Buy,Critical Risk
15214,United Kingdom,4,1061.35,3,0.2413547,0.7586453,Bought,Low Risk
15215,United Kingdom,5,1987.53,36,0.55466604,0.44533396,Bought,High Risk
15216,United Kingdom,2,486.09,27,0.91252047,0.08747951,Did Not Buy,Critical Risk
15217,United Kingdom,1,426.24,502,0.93572694,0.06427304,Did Not Buy,Critical Risk
15218,United Kingdom,20,10342.85,14,0.013967454,0.98603255,Bought,Low Risk
15219,United Kingdom,2,685.45,115,0.82460624,0.17539376,Did Not Buy,Critical Risk
15220,United Kingdom,5,1284.05,54,0.09981066,0.90018934,Bought,Low Risk
15221,United Kingdom,4,2062.2000000000003,305,0.86791384,0.13208613,Did Not Buy,Critical Risk
15222,United Kingdom,11,3550.91,258,0.18606722,0.8139328,Did Not Buy,Low Risk
15223,United Kingdom,5,1417.95,165,0.6536535,0.3463465,Did Not Buy,High Risk
15224,United Kingdom,5,871.36,297,0.7588023,0.24119772,Did Not Buy,Critical Risk
15225,United Kingdom,1,409.40000000000003,173,0.8849113,0.11508871,Did Not Buy,Critical Risk
15226,United Kingdom,1,154.41,250,0.818838,0.18116201,Did Not Buy,Critical Risk
15227,United Kingdom,7,2145.91,155,0.44315684,0.55684316,Bought,Medium Risk
15228,United Kingdom,6,5580.2699999999995,5,0.7623954,0.23760459,Did Not Buy,Critical Risk
15229,United Kingdom,1,160.5,525,0.9367172,0.063282765,Did Not Buy,Critical Risk
15230,United Kingdom,2,429.6,178,0.8652419,0.13475813,Did Not Buy,Critical Risk
15231,United Kingdom,1,250.26,560,0.94417346,0.05582655,Did Not Buy,Critical Risk
15232,United Kingdom,2,612.06,52,0.53479314,0.46520686,Did Not Buy,High Risk
15233,United Kingdom,1,59.400000000000006,340,0.96445274,0.035547227,Did Not Buy,Critical Risk
15234,United Kingdom,1,197.0,216,0.8532473,0.14675273,Did Not Buy,Critical Risk
15235,United Kingdom,16,2772.76,157,0.84530735,0.15469262,Did Not Buy,Critical Risk
15236,United Kingdom,1,321.05,238,0.914376,0.08562401,Did Not Buy,Critical Risk
15237,United Kingdom,3,1328.72,17,0.2196281,0.7803719,Bought,Low Risk
15238,United Kingdom,2,772.78,34,0.27256936,0.72743064,Bought,Medium Risk
15239,United Kingdom,1,461.79,18,0.45462883,0.5453712,Bought,Medium Risk
15240,United Kingdom,11,4135.96,23,0.0823046,0.9176954,Bought,Low Risk
15241,United Kingdom,11,3050.16,6,0.54767185,0.45232815,Did Not Buy,High Risk
15242,United Kingdom,1,302.04,361,0.91464084,0.085359134,Did Not Buy,Critical Risk
15243,United Kingdom,2,927.2800000000001,13,0.91490465,0.08509537,Did Not Buy,Critical Risk
15244,United Kingdom,3,912.08,4,0.76850104,0.23149893,Did Not Buy,Critical Risk
15245,United Kingdom,8,4610.84,73,0.4023943,0.5976057,Did Not Buy,Medium Risk
15246,United Kingdom,3,780.4,177,0.8988224,0.10117759,Did Not Buy,Critical Risk
15247,United Kingdom,3,976.06,61,0.8432472,0.15675285,Did Not Buy,Critical Risk
15248,United Kingdom,3,1893.93,350,0.7188898,0.28111023,Did Not Buy,High Risk
15249,United Kingdom,17,8858.45,5,0.023109317,0.9768907,Bought,Low Risk
15250,United Kingdom,1,60.0,580,0.982975,0.017025005,Did Not Buy,Critical Risk
15251,United Kingdom,18,19535.37,30,0.040957868,0.95904213,Bought,Low Risk
15252,United Kingdom,4,1663.18,122,0.6144397,0.38556024,Bought,High Risk
15253,United Kingdom,6,1777.49,28,0.20801324,0.79198676,Bought,Low Risk
15254,United Kingdom,3,1088.35,66,0.8143998,0.18560022,Did Not Buy,Critical Risk
15255,United Kingdom,9,3706.02,6,0.5979072,0.4020928,Did Not Buy,High Risk
15256,United Kingdom,2,170.4,88,0.81413895,0.18586105,Did Not Buy,Critical Risk
15257,United Kingdom,2,685.9,222,0.84880733,0.1511927,Did Not Buy,Critical Risk
15258,United Kingdom,2,623.16,108,0.86212724,0.13787274,Did Not Buy,Critical Risk
15259,United Kingdom,4,1182.3799999999999,452,0.96763474,0.032365277,Did Not Buy,Critical Risk
15260,United Kingdom,25,8767.73,39,0.5766581,0.4233419,Did Not Buy,High Risk
15261,United Kingdom,4,1508.0,74,0.6157911,0.3842089,Did Not Buy,High Risk
15262,United Kingdom,3,418.82,263,0.84085304,0.15914696,Did Not Buy,Critical Risk
15263,United Kingdom,1,156.51,46,0.69764113,0.3023589,Did Not Buy,High Risk
15264,United Kingdom,2,848.4,3,0.8970341,0.10296588,Did Not Buy,Critical Risk
15265,United Kingdom,4,3345.64,90,0.61217105,0.38782898,Did Not Buy,High Risk
15266,United Kingdom,5,852.21,277,0.7974409,0.20255913,Did Not Buy,Critical Risk
15267,United Kingdom,2,1407.76,95,0.30050892,0.6994911,Bought,Medium Risk
15268,United Kingdom,3,961.9000000000001,418,0.97435975,0.025640259,Did Not Buy,Critical Risk
15269,United Kingdom,2,816.56,319,0.7404412,0.25955877,Bought,High Risk
15270,United Kingdom,19,7995.66,57,0.15700328,0.8429967,Bought,Low Risk
15271,United Kingdom,19,3627.78,34,0.06721884,0.93278116,Bought,Low Risk
15272,United Kingdom,5,1607.97,25,0.45232958,0.5476704,Bought,Medium Risk
15273,United Kingdom,1,228.96,539,0.96347135,0.036528658,Did Not Buy,Critical Risk
15276,United Kingdom,4,619.8,5,0.8693154,0.13068458,Did Not Buy,Critical Risk
15277,United Kingdom,1,220.44,364,0.76615304,0.23384695,Bought,Critical Risk
15278,United Kingdom,4,496.15999999999997,501,0.8255962,0.17440377,Did Not Buy,Critical Risk
15279,United Kingdom,5,1580.54,294,0.7462614,0.25373858,Did Not Buy,High Risk
15280,United Kingdom,3,397.52,111,0.83285344,0.16714655,Did Not Buy,Critical Risk
15281,United Kingdom,15,8403.2,76,0.05114788,0.9488521,Bought,Low Risk
15282,United Kingdom,1,348.59,509,0.904897,0.095103025,Did Not Buy,Critical Risk
15283,United Kingdom,3,148.33,329,0.86549383,0.13450617,Did Not Buy,Critical Risk
15284,United Kingdom,1,24.75,439,0.95736724,0.042632747,Did Not Buy,Critical Risk
15285,United Kingdom,1,94.92,347,0.862881,0.13711901,Did Not Buy,Critical Risk
15287,United Kingdom,4,710.32,10,0.22708791,0.7729121,Bought,Low Risk
15288,United Kingdom,9,3406.37,95,0.18671525,0.81328475,Bought,Low Risk
15289,United Kingdom,4,1351.29,77,0.6990899,0.30091015,Bought,High Risk
15290,United Kingdom,21,7012.929999999999,18,0.024195373,0.9758046,Bought,Low Risk
15291,United Kingdom,36,12489.48,34,0.13065988,0.8693401,Bought,Low Risk
15292,United Kingdom,1,178.39,140,0.8725573,0.12744272,Did Not Buy,Critical Risk
15293,United Kingdom,1,247.5,605,0.9614715,0.038528517,Did Not Buy,Critical Risk
15294,United Kingdom,1,233.35,350,0.72551346,0.27448654,Did Not Buy,High Risk
15295,United Kingdom,1,207.04,593,0.9456265,0.054373484,Did Not Buy,Critical Risk
15296,United Kingdom,11,9249.66,48,0.09178734,0.90821266,Bought,Low Risk
15297,United Kingdom,1,230.46,3,0.37791318,0.6220868,Bought,Medium Risk
15298,United Kingdom,18,7620.09,32,0.07620168,0.9237983,Bought,Low Risk
15299,United Kingdom,9,5556.53,6,0.82332164,0.17667837,Did Not Buy,Critical Risk
15300,United Kingdom,1,496.44,3,0.5323281,0.46767187,Did Not Buy,High Risk
15301,United Kingdom,16,6305.91,12,0.0121462345,0.98785377,Bought,Low Risk
15302,United Kingdom,1,308.0,669,0.96707773,0.032922294,Did Not Buy,Critical Risk
15303,United Kingdom,3,1224.18,229,0.85238105,0.14761895,Did Not Buy,Critical Risk
15304,United Kingdom,9,796.4000000000001,0,0.361686,0.638314,Did Not Buy,Medium Risk
15305,United Kingdom,1,93.6,494,0.97714025,0.022859735,Did Not Buy,Critical Risk
15306,United Kingdom,9,3484.73,3,0.816814,0.183186,Did Not Buy,Critical Risk
15307,United Kingdom,1,205.3,35,0.74034786,0.2596521,Did Not Buy,High Risk
15308,United Kingdom,1,310.47,213,0.865533,0.13446702,Did Not Buy,Critical Risk
15309,United Kingdom,4,797.96,550,0.9142403,0.08575971,Did Not Buy,Critical Risk
15310,United Kingdom,1,1634.64,418,0.97422045,0.02577954,Did Not Buy,Critical Risk
15311,United Kingdom,188,103276.11,3,0.0034511685,0.99654883,Bought,Low Risk
15312,United Kingdom,12,2930.19,14,0.082690716,0.9173093,Did Not Buy,Low Risk
15313,United Kingdom,1,52.0,49,0.9358909,0.06410911,Did Not Buy,Critical Risk
15314,United Kingdom,3,820.4499999999999,138,0.7655463,0.23445365,Did Not Buy,Critical Risk
15315,United Kingdom,2,570.5,3,0.52432126,0.47567874,Did Not Buy,High Risk
15316,United Kingdom,1,165.0,266,0.701048,0.29895198,Did Not Buy,High Risk
15317,United Kingdom,1,129.75,616,0.9863314,0.013668583,Did Not Buy,Critical Risk
15319,United Kingdom,1,204.5,223,0.7808904,0.21910961,Did Not Buy,Critical Risk
15321,United Kingdom,12,6709.7300000000005,10,0.81856084,0.18143918,Did Not Buy,Critical Risk
15322,United Kingdom,2,1390.86,25,0.89759785,0.10240214,Did Not Buy,Critical Risk
15323,United Kingdom,3,434.6,502,0.9538425,0.04615746,Did Not Buy,Critical Risk
15324,United Kingdom,1,140.22000000000003,640,0.98870915,0.011290836,Did Not Buy,Critical Risk
15325,United Kingdom,8,1601.46,43,0.6344658,0.36553422,Did Not Buy,High Risk
15326,United Kingdom,5,1700.52,273,0.5068343,0.49316567,Did Not Buy,High Risk
15328,United Kingdom,1,107.24,347,0.89698535,0.10301467,Did Not Buy,Critical Risk
15329,United Kingdom,10,2663.13,73,0.11654532,0.8834547,Bought,Low Risk
15330,United Kingdom,1,320.4,0,0.6048682,0.39513186,Bought,High Risk
15331,United Kingdom,3,767.91,439,0.9219362,0.0780638,Did Not Buy,Critical Risk
15332,Lithuania,6,4892.68,305,0.8254466,0.17455341,Did Not Buy,Critical Risk
15333,United Kingdom,1,1028.56,147,0.8341652,0.16583477,Did Not Buy,Critical Risk
15334,United Kingdom,3,347.87,96,0.7857643,0.21423571,Did Not Buy,Critical Risk
15336,United Kingdom,1,240.5,341,0.7324565,0.2675435,Did Not Buy,High Risk
15337,United Kingdom,1,373.02,350,0.9106649,0.08933511,Did Not Buy,Critical Risk
15338,United Kingdom,1,277.93,616,0.9350785,0.06492153,Did Not Buy,Critical Risk
15339,United Kingdom,7,1821.02,5,0.769199,0.23080102,Did Not Buy,Critical Risk
15340,United Kingdom,1,105.5,501,0.98189896,0.018101014,Did Not Buy,Critical Risk
15341,United Kingdom,2,2402.7200000000003,20,0.87292206,0.12707795,Did Not Buy,Critical Risk
15342,United Kingdom,1,406.09,69,0.6921501,0.30784988,Did Not Buy,High Risk
15343,United Kingdom,1,364.5,26,0.61397684,0.38602313,Did Not Buy,High Risk
15344,United Kingdom,1,308.69,13,0.418347,0.581653,Bought,Medium Risk
15346,United Kingdom,3,596.12,272,0.7995213,0.20047867,Did Not Buy,Critical Risk
15347,United Kingdom,4,1162.0,305,0.84870183,0.15129814,Did Not Buy,Critical Risk
15348,United Kingdom,1,158.04,11,0.78539777,0.2146022,Did Not Buy,Critical Risk
15349,United Kingdom,2,463.90999999999997,97,0.1442607,0.8557393,Did Not Buy,Low Risk
15350,United Kingdom,2,547.6,312,0.8486825,0.15131749,Did Not Buy,Critical Risk
15351,United Kingdom,6,2513.15,4,0.25844628,0.7415537,Bought,Medium Risk
15352,United Kingdom,1,111.15,488,0.98076785,0.019232145,Did Not Buy,Critical Risk
15353,United Kingdom,7,2794.4700000000003,194,0.6618537,0.33814636,Did Not Buy,High Risk
15356,United Kingdom,12,3089.53,10,0.05199182,0.9480082,Bought,Low Risk
15358,United Kingdom,38,14813.52,14,0.002222836,0.99777716,Bought,Low Risk
15359,United Kingdom,8,181.35,602,0.96128994,0.03871005,Did Not Buy,Critical Risk
15361,United Kingdom,4,689.07,301,0.7890079,0.21099213,Did Not Buy,Critical Risk
15362,United Kingdom,2,613.08,388,0.69070697,0.309293,Did Not Buy,High Risk
15363,United Kingdom,2,678.11,312,0.67867744,0.3213226,Did Not Buy,High Risk
15364,United Kingdom,2,913.19,35,0.6305549,0.3694451,Did Not Buy,High Risk
15365,United Kingdom,10,4187.96,21,0.057894945,0.94210505,Bought,Low Risk
15366,United Kingdom,7,2389.08,14,0.7531797,0.24682029,Did Not Buy,Critical Risk
15367,United Kingdom,9,4619.92,185,0.34862357,0.6513764,Bought,Medium Risk
15368,United Kingdom,1,275.8,333,0.80862755,0.19137245,Bought,Critical Risk
15369,United Kingdom,11,6251.26,431,0.97976476,0.020235237,Did Not Buy,Critical Risk
15370,United Kingdom,6,3392.21,10,0.14482373,0.85517627,Bought,Low Risk
15371,United Kingdom,1,59.400000000000006,601,0.9712277,0.02877229,Did Not Buy,Critical Risk
15372,United Kingdom,8,6017.06,76,0.7383635,0.26163647,Did Not Buy,High Risk
15373,United Kingdom,14,2355.53,55,0.210262,0.789738,Bought,Low Risk
15374,United Kingdom,2,307.32,68,0.83600104,0.16399896,Did Not Buy,Critical Risk
15375,United Kingdom,1,60.959999999999994,629,0.93268704,0.067312956,Did Not Buy,Critical Risk
15376,United Kingdom,2,977.22,56,0.22298688,0.7770131,Bought,Low Risk
15377,United Kingdom,4,1211.75,322,0.8814341,0.11856595,Did Not Buy,Critical Risk
15378,United Kingdom,2,246.5,402,0.9628358,0.03716423,Did Not Buy,Critical Risk
15379,United Kingdom,8,4877.84,108,0.24860561,0.7513944,Did Not Buy,Low Risk
15380,United Kingdom,9,2563.26,25,0.12760049,0.8723995,Bought,Low Risk
15381,United Kingdom,5,1890.5700000000002,153,0.79536325,0.20463674,Did Not Buy,Critical Risk
15382,United Kingdom,11,12487.74,24,0.019768298,0.9802317,Bought,Low Risk
15384,United Kingdom,4,2027.79,109,0.6762718,0.3237282,Did Not Buy,High Risk
15385,United Kingdom,2,625.2,332,0.59245384,0.4075462,Bought,High Risk
15386,United Kingdom,1,394.14,125,0.6654819,0.33451807,Did Not Buy,High Risk
15387,United Kingdom,1,468.65,431,0.8349988,0.16500123,Did Not Buy,Critical Risk
15388,Canada,1,140.54,209,0.92889094,0.071109064,Did Not Buy,Critical Risk
15389,United Kingdom,5,2733.8,111,0.77362186,0.22637814,Did Not Buy,Critical Risk
15390,Canada,2,1216.66,335,0.76025456,0.23974542,Did Not Buy,Critical Risk
15391,United Kingdom,1,289.87,523,0.9189761,0.08102387,Did Not Buy,Critical Risk
15392,United Kingdom,5,2041.55,28,0.5107662,0.4892338,Bought,High Risk
15393,United Kingdom,4,783.58,220,0.6191055,0.38089448,Bought,High Risk
15394,United Kingdom,10,4957.4,17,0.17779952,0.8222005,Bought,Low Risk
15395,United Kingdom,1,107.45,265,0.91176957,0.088230446,Did Not Buy,Critical Risk
15396,United Kingdom,2,796.38,52,0.8916847,0.108315304,Did Not Buy,Critical Risk
15397,United Kingdom,1,94.0,229,0.90103877,0.09896125,Did Not Buy,Critical Risk
15398,United Kingdom,1,634.85,17,0.35606307,0.64393693,Bought,Medium Risk
15399,United Kingdom,1,305.17,18,0.47056556,0.52943444,Bought,Medium Risk
15400,United Kingdom,8,1302.3,31,0.6995793,0.3004207,Did Not Buy,High Risk
15401,United Kingdom,2,216.95000000000002,391,0.6911944,0.30880558,Did Not Buy,High Risk
15402,United Kingdom,6,1830.12,88,0.5964656,0.40353438,Did Not Buy,High Risk
15403,United Kingdom,2,170.88,431,0.9572309,0.042769104,Did Not Buy,Critical Risk
15404,United Kingdom,1,257.06,315,0.84297264,0.15702733,Did Not Buy,Critical Risk
15405,United Kingdom,2,659.84,128,0.6449177,0.3550823,Did Not Buy,High Risk
15406,United Kingdom,3,717.45,240,0.31132293,0.6886771,Bought,Medium Risk
15407,United Kingdom,3,740.73,123,0.38214368,0.6178563,Bought,Medium Risk
15408,United Kingdom,1,267.18,203,0.84165955,0.15834048,Did Not Buy,Critical Risk
15409,United Kingdom,1,131.25,660,0.98791736,0.012082643,Did Not Buy,Critical Risk
15410,United Kingdom,10,4685.72,23,0.712476,0.28752396,Did Not Buy,High Risk
15411,United Kingdom,3,991.26,9,0.26419955,0.73580045,Bought,Medium Risk
15412,United Kingdom,1,190.53,110,0.80174786,0.19825213,Did Not Buy,Critical Risk
15413,United Kingdom,5,6798.72,631,0.97066575,0.029334266,Did Not Buy,Critical Risk
15414,United Kingdom,1,36.2,181,0.7130861,0.28691387,Bought,High Risk
15415,United Kingdom,1,559.61,252,0.6875878,0.3124122,Did Not Buy,High Risk
15416,United Kingdom,7,4572.82,4,0.83477855,0.16522145,Did Not Buy,Critical Risk
15417,United Kingdom,1,508.8,24,0.4773656,0.5226344,Did Not Buy,Medium Risk
15418,United Kingdom,2,449.42,364,0.6186881,0.3813119,Did Not Buy,High Risk
15420,United Kingdom,6,743.0,373,0.8066558,0.19334418,Did Not Buy,Critical Risk
15421,United Kingdom,9,3594.34,154,0.3025297,0.6974703,Bought,Medium Risk
15422,United Kingdom,7,1619.97,262,0.65899605,0.34100395,Did Not Buy,High Risk
15423,United Kingdom,2,223.39,521,0.7596922,0.24030781,Bought,Critical Risk
15424,United Kingdom,3,597.78,193,0.76241124,0.23758873,Did Not Buy,Critical Risk
15425,United Kingdom,4,1941.1200000000001,339,0.79633075,0.20366924,Did Not Buy,Critical Risk
15426,United Kingdom,6,1386.41,196,0.34624052,0.6537595,Bought,Medium Risk
15428,United Kingdom,3,668.97,326,0.68791264,0.31208736,Bought,High Risk
15429,United Kingdom,1,243.06,14,0.466946,0.533054,Bought,Medium Risk
15430,United Kingdom,2,954.75,407,0.9742847,0.025715314,Did Not Buy,Critical Risk
15431,United Kingdom,1,153.24,442,0.93491274,0.06508726,Did Not Buy,Critical Risk
15432,United Kingdom,1,149.57,480,0.71237767,0.28762233,Bought,High Risk
15433,United Kingdom,2,533.3,153,0.64439523,0.35560474,Did Not Buy,High Risk
15434,United Kingdom,9,2112.86,46,0.4155662,0.5844338,Bought,Medium Risk
15436,United Kingdom,1,484.1,173,0.23040676,0.76959324,Bought,Low Risk
15437,United Kingdom,2,393.45,201,0.9048542,0.09514584,Did Not Buy,Critical Risk
15438,United Kingdom,1,156.57999999999998,70,0.8670067,0.1329933,Did Not Buy,Critical Risk
15439,United Kingdom,4,1269.05,344,0.861696,0.13830398,Did Not Buy,Critical Risk
15440,United Kingdom,2,237.66,75,0.56728846,0.43271154,Bought,High Risk
15441,United Kingdom,3,1254.21,335,0.8626964,0.13730356,Did Not Buy,Critical Risk
15442,United Kingdom,1,594.0,188,0.9545847,0.04541527,Did Not Buy,Critical Risk
15443,United Kingdom,10,2954.98,13,0.33796388,0.6620361,Bought,Medium Risk
15445,United Kingdom,2,284.5,203,0.67377466,0.32622534,Did Not Buy,High Risk
15446,United Kingdom,3,396.75,316,0.71356356,0.2864364,Did Not Buy,High Risk
15447,United Kingdom,5,492.88,270,0.809407,0.19059297,Did Not Buy,Critical Risk
15448,United Kingdom,2,788.81,252,0.87603664,0.123963326,Did Not Buy,Critical Risk
15449,United Kingdom,2,647.7,124,0.5703871,0.4296129,Bought,High Risk
15451,United Kingdom,2,226.86,373,0.82460594,0.17539406,Did Not Buy,Critical Risk
15452,United Kingdom,5,1659.71,10,0.7964568,0.2035432,Bought,Critical Risk
15453,United Kingdom,4,701.2,31,0.14363211,0.8563679,Bought,Low Risk
15454,United Kingdom,2,303.89,301,0.7852292,0.2147708,Did Not Buy,Critical Risk
15455,United Kingdom,1,38.25,537,0.96176356,0.038236424,Did Not Buy,Critical Risk
15456,United Kingdom,10,2091.52,222,0.5275885,0.47241154,Did Not Buy,High Risk
15457,United Kingdom,1,237.07,201,0.7901692,0.20983082,Did Not Buy,Critical Risk
15458,United Kingdom,1,208.79999999999998,341,0.7827889,0.21721111,Bought,Critical Risk
15459,United Kingdom,2,202.82999999999998,356,0.77430516,0.22569485,Did Not Buy,Critical Risk
15460,United Kingdom,1,214.26,293,0.8005397,0.19946034,Did Not Buy,Critical Risk
15461,United Kingdom,2,429.7,400,0.9885092,0.011490821,Did Not Buy,Critical Risk
15462,United Kingdom,4,737.05,33,0.78195405,0.21804595,Did Not Buy,Critical Risk
15464,United Kingdom,1,1044.65,277,0.73308235,0.26691765,Did Not Buy,High Risk
15465,United Kingdom,31,11313.96,1,0.010283887,0.9897161,Bought,Low Risk
15466,United Kingdom,4,1560.46,24,0.5207489,0.4792511,Did Not Buy,High Risk
15467,United Kingdom,2,402.56,84,0.3548177,0.6451823,Bought,Medium Risk
15468,United Kingdom,1,962.97,332,0.5217134,0.47828662,Bought,High Risk
15469,United Kingdom,2,640.0,59,0.68421024,0.31578976,Bought,High Risk
15470,United Kingdom,1,63.419999999999995,515,0.9092216,0.09077842,Did Not Buy,Critical Risk
15471,United Kingdom,2,837.53,319,0.50139713,0.49860284,Bought,High Risk
15472,United Kingdom,1,371.56,52,0.43739855,0.56260145,Did Not Buy,Medium Risk
15473,United Kingdom,2,822.0,0,0.48035717,0.51964283,Bought,Medium Risk
15474,United Kingdom,1,150.35,535,0.95382935,0.046170667,Did Not Buy,Critical Risk
15475,United Kingdom,1,454.10999999999996,16,0.628597,0.37140298,Did Not Buy,High Risk
15476,United Kingdom,4,2209.98,319,0.6977972,0.3022028,Did Not Buy,High Risk
15477,United Kingdom,1,368.4,589,0.99078614,0.009213848,Did Not Buy,Critical Risk
15478,United Kingdom,1,541.06,514,0.69264835,0.30735165,Bought,High Risk
15479,United Kingdom,1,147.4,672,0.9896062,0.0103937965,Did Not Buy,Critical Risk
15480,Malta,3,3592.25,55,0.9544308,0.045569185,Did Not Buy,Critical Risk
15481,Norway,1,1993.34,340,0.9008182,0.0991818,Did Not Buy,Critical Risk
15482,United Kingdom,11,5465.9,105,0.24595779,0.7540422,Bought,Low Risk
15483,United Kingdom,10,810.68,100,0.6717168,0.32828322,Did Not Buy,High Risk
15484,United Kingdom,3,2694.31,17,0.2206226,0.7793774,Bought,Low Risk
15485,United Kingdom,6,3514.55,275,0.3172353,0.6827647,Bought,Medium Risk
15486,United Kingdom,1,102.0,466,0.97328854,0.026711471,Did Not Buy,Critical Risk
15487,United Kingdom,1,231.32,619,0.96043247,0.039567515,Did Not Buy,Critical Risk
15488,United Kingdom,5,431.92,32,0.9054851,0.09451489,Did Not Buy,Critical Risk
15489,United Kingdom,6,1633.5900000000001,150,0.47440267,0.52559733,Bought,Medium Risk
15490,United Kingdom,1,210.85,369,0.91714114,0.08285887,Did Not Buy,Critical Risk
15491,United Kingdom,6,3100.09,34,0.44176853,0.5582315,Did Not Buy,Medium Risk
15492,United Kingdom,1,487.74,13,0.39826918,0.6017308,Bought,Medium Risk
15493,United Kingdom,7,3446.73,89,0.3452397,0.6547603,Bought,Medium Risk
15494,United Kingdom,4,3541.9,60,0.3509091,0.6490909,Bought,Medium Risk
15495,United Kingdom,1,246.5,318,0.84059316,0.15940686,Did Not Buy,Critical Risk
15496,United Kingdom,1,146.14000000000001,570,0.9525473,0.04745268,Did Not Buy,Critical Risk
15497,United Kingdom,8,8365.789999999999,259,0.23375249,0.7662475,Bought,Low Risk
15498,United Kingdom,38,21840.01,24,0.009106994,0.990893,Bought,Low Risk
15499,United Kingdom,1,158.65,663,0.9672619,0.03273812,Did Not Buy,Critical Risk
15500,United Kingdom,1,406.02,20,0.49192798,0.508072,Bought,Medium Risk
15501,United Kingdom,2,399.95,344,0.7912694,0.20873058,Did Not Buy,Critical Risk
15502,United Kingdom,10,8894.97,29,0.12802815,0.87197185,Bought,Low Risk
15503,United Kingdom,2,257.3,302,0.6797471,0.32025287,Did Not Buy,High Risk
15504,United Kingdom,4,391.45,20,0.81784445,0.18215555,Did Not Buy,Critical Risk
15505,United Kingdom,4,2730.38,24,0.074798346,0.92520165,Bought,Low Risk
15506,United Kingdom,4,1267.02,78,0.47610104,0.52389896,Bought,Medium Risk
15507,United Kingdom,1,475.86,111,0.39945096,0.60054904,Did Not Buy,Medium Risk
15508,United Kingdom,6,1000.27,128,0.8402448,0.15975517,Did Not Buy,Critical Risk
15509,United Kingdom,1,152.41,319,0.89577866,0.10422136,Did Not Buy,Critical Risk
15510,United Kingdom,1,250.0,270,0.9713461,0.028653929,Did Not Buy,Critical Risk
15511,United Kingdom,1,202.9,24,0.746155,0.25384495,Bought,High Risk
15512,United Kingdom,4,331.58,95,0.7478039,0.25219604,Did Not Buy,High Risk
15513,United Kingdom,33,23030.97,34,0.009014845,0.99098516,Bought,Low Risk
15514,United Kingdom,13,4866.5,165,0.34828705,0.65171295,Bought,Medium Risk
15515,United Kingdom,1,171.81,326,0.91325456,0.08674546,Did Not Buy,Critical Risk
15517,United Kingdom,1,267.03,172,0.8387087,0.1612913,Did Not Buy,Critical Risk
15518,United Kingdom,15,4189.99,3,0.62321,0.37679,Did Not Buy,High Risk
15519,United Kingdom,2,344.61,322,0.87286377,0.12713625,Did Not Buy,Critical Risk
15521,United Kingdom,15,6414.22,34,0.092864096,0.9071359,Bought,Low Risk
15522,United Kingdom,1,259.05,27,0.30569047,0.69430953,Bought,Medium Risk
15523,United Kingdom,16,17259.19,23,0.80804837,0.19195166,Did Not Buy,Critical Risk
15524,United Kingdom,1,151.4,546,0.7035644,0.2964356,Bought,High Risk
15525,United Kingdom,2,430.78,312,0.6856665,0.3143335,Bought,High Risk
15527,United Kingdom,21,4733.85,28,0.08600795,0.91399205,Bought,Low Risk
15528,United Kingdom,1,229.33,193,0.7949842,0.2050158,Did Not Buy,Critical Risk
15529,United Kingdom,11,4431.55,6,0.041686475,0.9583135,Bought,Low Risk
15530,United Kingdom,4,1475.06,89,0.44609994,0.55390006,Bought,Medium Risk
15532,United Kingdom,9,3366.96,70,0.05336219,0.9466378,Bought,Low Risk
15533,United Kingdom,2,554.74,21,0.077978194,0.9220218,Bought,Low Risk
15534,United Kingdom,1,162.25,665,0.98457223,0.015427753,Did Not Buy,Critical Risk
15535,United Kingdom,6,1044.3700000000001,112,0.7064506,0.29354945,Did Not Buy,High Risk
15536,United Kingdom,1,259.09,348,0.8166597,0.18334031,Did Not Buy,Critical Risk
15537,United Kingdom,1,110.92,102,0.9363014,0.06369858,Did Not Buy,Critical Risk
15538,United Kingdom,6,3358.3999999999996,477,0.97940385,0.020596134,Did Not Buy,Critical Risk
15540,United Kingdom,1,247.38,315,0.8865073,0.11349273,Bought,Critical Risk
15541,United Kingdom,1,85.13000000000001,53,0.87943053,0.12056945,Did Not Buy,Critical Risk
15542,United Kingdom,3,855.71,451,0.9267261,0.07327389,Did Not Buy,Critical Risk
15543,United Kingdom,2,242.26,227,0.765937,0.23406304,Did Not Buy,Critical Risk
15544,United Kingdom,18,7033.55,59,0.09730619,0.9026938,Bought,Low Risk
15545,United Kingdom,1,135.32999999999998,310,0.691694,0.30830595,Bought,High Risk
15546,United Kingdom,2,1079.1000000000001,546,0.9298205,0.07017952,Did Not Buy,Critical Risk
15547,United Kingdom,24,9253.32,7,0.007283747,0.99271625,Bought,Low Risk
15548,United Kingdom,1,158.09,535,0.9846747,0.015325332,Did Not Buy,Critical Risk
15549,United Kingdom,8,2330.41,16,0.76396006,0.23603994,Did Not Buy,Critical Risk
15550,United Kingdom,11,2068.7000000000003,45,0.11178827,0.8882117,Bought,Low Risk
15551,United Kingdom,6,1243.75,333,0.49753374,0.50246626,Bought,Medium Risk
15552,United Kingdom,2,252.52,156,0.91698575,0.083014235,Did Not Buy,Critical Risk
15554,United Kingdom,1,217.2,217,0.85126805,0.14873193,Did Not Buy,Critical Risk
15555,United Kingdom,32,9862.87,8,0.0020052195,0.9979948,Bought,Low Risk
15558,United Kingdom,1,202.68,578,0.9881308,0.011869205,Did Not Buy,Critical Risk
15559,United Kingdom,1,1109.4,507,0.81758815,0.18241183,Did Not Buy,Critical Risk
15560,United Kingdom,2,153.52,337,0.8771889,0.12281111,Did Not Buy,Critical Risk
15561,United Kingdom,7,1583.47,89,0.44943756,0.55056244,Bought,Medium Risk
15562,United Kingdom,3,671.4300000000001,291,0.8137375,0.18626252,Did Not Buy,Critical Risk
15563,United Kingdom,5,2194.64,140,0.42222065,0.57777935,Bought,Medium Risk
15564,United Kingdom,2,70.74000000000001,402,0.9746779,0.02532209,Did Not Buy,Critical Risk
15565,United Kingdom,1,88.8,10,0.7580823,0.24191774,Bought,Critical Risk
15566,United Kingdom,2,227.87,332,0.7205583,0.2794417,Did Not Buy,High Risk
15568,United Kingdom,1,228.31,12,0.40724856,0.59275144,Bought,Medium Risk
15569,United Kingdom,10,3583.45,43,0.4230427,0.5769573,Did Not Buy,Medium Risk
15570,United Kingdom,22,7397.65,81,0.063604414,0.9363956,Bought,Low Risk
15571,United Kingdom,11,3444.27,17,0.01094836,0.98905164,Bought,Low Risk
15572,United Kingdom,7,2984.57,49,0.49462718,0.5053728,Bought,Medium Risk
15573,United Kingdom,4,1001.3199999999999,25,0.61421275,0.38578728,Bought,High Risk
15574,United Kingdom,6,1101.44,117,0.50146437,0.49853563,Did Not Buy,High Risk
15575,United Kingdom,1,30.1,559,0.98547995,0.014520076,Did Not Buy,Critical Risk
15577,United Kingdom,5,396.03000000000003,90,0.63255847,0.36744153,Did Not Buy,High Risk
15578,United Kingdom,1,127.1,101,0.81187075,0.18812926,Did Not Buy,Critical Risk
15579,United Kingdom,5,1250.63,8,0.8511989,0.14880106,Did Not Buy,Critical Risk
15580,United Kingdom,8,1375.39,316,0.6479104,0.35208958,Did Not Buy,High Risk
15581,United Kingdom,34,4505.16,95,0.7029718,0.29702818,Did Not Buy,High Risk
15582,United Kingdom,2,541.51,39,0.27768165,0.72231835,Bought,Medium Risk
15583,United Kingdom,1,95.96,315,0.89200854,0.10799147,Did Not Buy,Critical Risk
15584,United Kingdom,4,835.77,12,0.4060738,0.5939262,Bought,Medium Risk
15585,United Kingdom,1,455.3,116,0.6861178,0.31388217,Did Not Buy,High Risk
15586,United Kingdom,3,1139.1,532,0.97126424,0.028735759,Did Not Buy,Critical Risk
15587,United Kingdom,6,1410.1200000000001,29,0.25838017,0.7416198,Bought,Medium Risk
15588,United Kingdom,1,579.6,617,0.97416323,0.025836749,Did Not Buy,Critical Risk
15589,United Kingdom,3,478.53000000000003,195,0.78596807,0.21403196,Did Not Buy,Critical Risk
15590,United Kingdom,5,1496.6,321,0.7601681,0.2398319,Did Not Buy,Critical Risk
15591,United Kingdom,3,217.9,522,0.9639799,0.036020126,Did Not Buy,Critical Risk
15593,United Kingdom,1,199.8,10,0.89346784,0.10653218,Did Not Buy,Critical Risk
15594,United Kingdom,3,1506.43,21,0.18156654,0.81843346,Bought,Low Risk
15595,United Kingdom,1,357.6,427,0.98173213,0.018267883,Did Not Buy,Critical Risk
15596,United Kingdom,9,2727.72,40,0.2170338,0.7829662,Did Not Buy,Low Risk
15597,United Kingdom,1,238.8,514,0.9139695,0.086030506,Bought,Critical Risk
15598,United Kingdom,1,307.34,367,0.7736888,0.22631119,Bought,Critical Risk
15599,United Kingdom,2,937.15,143,0.44765627,0.5523437,Bought,Medium Risk
15600,United Kingdom,4,1199.31,367,0.89910483,0.10089517,Did Not Buy,Critical Risk
15601,United Kingdom,28,13232.2,28,0.01882875,0.98117125,Bought,Low Risk
15602,United Kingdom,13,2785.28,10,0.203102,0.796898,Bought,Low Risk
15603,United Kingdom,2,88.48,18,0.51353085,0.48646915,Did Not Buy,High Risk
15605,United Kingdom,8,1438.5,29,0.36224282,0.6377572,Bought,Medium Risk
15606,United Kingdom,17,5230.99,0,0.6231295,0.3768705,Did Not Buy,High Risk
15607,United Kingdom,9,1708.97,276,0.5958735,0.4041265,Did Not Buy,High Risk
15608,United Kingdom,2,977.98,60,0.79598176,0.20401824,Bought,Critical Risk
15609,United Kingdom,1,298.48,123,0.76587695,0.23412307,Did Not Buy,Critical Risk
15611,United Kingdom,21,2480.67,9,0.11677599,0.883224,Bought,Low Risk
15612,United Kingdom,1,69.65,1,0.58454597,0.415454,Bought,High Risk
15613,United Kingdom,1,433.71999999999997,549,0.91532326,0.08467677,Did Not Buy,Critical Risk
15614,United Kingdom,4,3147.36,377,0.8431646,0.15683539,Did Not Buy,Critical Risk
15615,United Kingdom,44,19166.49,2,0.0024997592,0.99750024,Bought,Low Risk
15616,United Kingdom,1,317.11,377,0.89965093,0.10034905,Did Not Buy,Critical Risk
15617,United Kingdom,3,828.5500000000001,335,0.76124096,0.23875904,Did Not Buy,Critical Risk
15618,United Kingdom,3,419.03999999999996,31,0.26171184,0.73828816,Bought,Medium Risk
15620,United Kingdom,3,1264.19,160,0.46762818,0.5323718,Bought,Medium Risk
15622,United Kingdom,16,7470.66,26,0.0806219,0.9193781,Bought,Low Risk
15623,United Kingdom,8,2437.05,80,0.46048242,0.5395176,Did Not Buy,Medium Risk
15624,United Kingdom,4,588.13,56,0.55646884,0.4435312,Did Not Buy,High Risk
15625,United Kingdom,9,3236.4,43,0.31134957,0.6886504,Did Not Buy,Medium Risk
15626,United Kingdom,3,1067.52,14,0.8147021,0.1852979,Did Not Buy,Critical Risk
15627,United Kingdom,2,566.9,396,0.84870315,0.15129687,Did Not Buy,Critical Risk
15628,United Kingdom,14,4504.7,4,0.1185773,0.8814227,Bought,Low Risk
15629,United Kingdom,4,2240.9,389,0.8892319,0.11076811,Did Not Buy,Critical Risk
15630,United Kingdom,2,691.91,144,0.3572718,0.6427282,Bought,Medium Risk
15631,United Kingdom,1,596.67,581,0.92867523,0.07132475,Did Not Buy,Critical Risk
15632,United Kingdom,7,2978.96,3,0.10211599,0.897884,Bought,Low Risk
15633,United Kingdom,13,4335.96,448,0.9787136,0.021286428,Did Not Buy,Critical Risk
15634,United Kingdom,1,311.1,322,0.86331993,0.13668007,Bought,Critical Risk
15635,United Kingdom,1,100.35,335,0.9050647,0.094935305,Did Not Buy,Critical Risk
15636,United Kingdom,4,1444.58,29,0.88213927,0.11786073,Did Not Buy,Critical Risk
15637,United Kingdom,4,574.23,353,0.7415893,0.25841066,Bought,High Risk
15638,United Kingdom,6,2265.2,318,0.87498957,0.12501042,Did Not Buy,Critical Risk
15639,United Kingdom,3,1065.08,73,0.81133264,0.18866736,Did Not Buy,Critical Risk
15640,United Kingdom,26,20404.4,17,0.048646152,0.95135385,Bought,Low Risk
15641,United Kingdom,12,5345.55,44,0.67572,0.32428,Did Not Buy,High Risk
15642,United Kingdom,1,105.78000000000002,669,0.95667154,0.043328486,Did Not Buy,Critical Risk
15643,United Kingdom,3,664.0,131,0.73267066,0.26732934,Did Not Buy,High Risk
15644,United Kingdom,4,803.54,105,0.58887845,0.41112155,Did Not Buy,High Risk
15645,United Kingdom,2,443.16,353,0.8521524,0.14784758,Bought,Critical Risk
15646,United Kingdom,5,784.8100000000001,97,0.50742924,0.49257076,Did Not Buy,High Risk
15647,United Kingdom,1,169.0,354,0.9172867,0.0827133,Did Not Buy,Critical Risk
15648,United Kingdom,2,639.5,143,0.72117925,0.27882075,Did Not Buy,High Risk
15649,United Kingdom,4,1660.35,275,0.84099513,0.15900487,Did Not Buy,Critical Risk
15650,United Kingdom,2,553.88,461,0.92120385,0.078796126,Did Not Buy,Critical Risk
15651,United Kingdom,3,840.08,200,0.7681929,0.23180711,Bought,Critical Risk
15652,United Kingdom,5,1405.94,30,0.5597278,0.44027218,Did Not Buy,High Risk
15653,United Kingdom,2,877.4399999999999,32,0.8612531,0.13874692,Did Not Buy,Critical Risk
15655,United Kingdom,1,560.67,182,0.7253974,0.2746026,Did Not Buy,High Risk
15656,United Kingdom,3,563.63,117,0.6100614,0.38993856,Bought,High Risk
15658,United Kingdom,8,2117.27,129,0.74459517,0.25540483,Did Not Buy,High Risk
15659,United Kingdom,2,226.04,326,0.47718102,0.522819,Bought,Medium Risk
15660,United Kingdom,13,2259.33,24,0.14317596,0.85682404,Bought,Low Risk
15661,United Kingdom,8,1215.95,256,0.79619557,0.20380445,Did Not Buy,Critical Risk
15662,United Kingdom,2,283.73,600,0.9662145,0.033785507,Did Not Buy,Critical Risk
15663,United Kingdom,1,138.14,45,0.69588155,0.30411845,Did Not Buy,High Risk
15664,United Kingdom,3,845.1,388,0.5708641,0.42913592,Bought,High Risk
15665,United Kingdom,5,3987.07,107,0.5766878,0.42331222,Did Not Buy,High Risk
15666,United Kingdom,2,632.9399999999999,411,0.8308721,0.16912787,Did Not Buy,Critical Risk
15668,United Kingdom,1,76.32000000000001,157,0.94939613,0.050603874,Did Not Buy,Critical Risk
15669,United Kingdom,3,565.54,43,0.36489958,0.6351004,Bought,Medium Risk
15670,United Kingdom,2,325.2,236,0.84790254,0.15209746,Did Not Buy,Critical Risk
15671,United Kingdom,5,1972.89,34,0.19850844,0.80149156,Bought,Low Risk
15672,United Kingdom,1,45.300000000000004,664,0.99311644,0.0068835686,Did Not Buy,Critical Risk
15673,United Kingdom,9,6204.32,27,0.37885892,0.6211411,Did Not Buy,Medium Risk
15674,United Kingdom,12,6613.52,12,0.7244853,0.27551472,Did Not Buy,High Risk
15675,United Kingdom,4,542.04,20,0.7486112,0.25138882,Did Not Buy,High Risk
15676,United Kingdom,1,897.8,223,0.7159574,0.28404257,Bought,High Risk
15677,United Kingdom,2,648.4,360,0.6654685,0.3345315,Bought,High Risk
15678,United Kingdom,2,1473.24,334,0.63216543,0.36783457,Bought,High Risk
15679,United Kingdom,2,260.26,93,0.57698536,0.4230146,Bought,High Risk
15680,United Kingdom,8,3173.9,305,0.36368996,0.63631004,Bought,Medium Risk
15681,United Kingdom,12,2266.76,122,0.3119716,0.6880284,Bought,Medium Risk
15682,United Kingdom,2,318.24,538,0.9601938,0.039806202,Did Not Buy,Critical Risk
15683,United Kingdom,2,524.54,56,0.8904516,0.109548405,Did Not Buy,Critical Risk
15684,United Kingdom,3,173.95,486,0.9767405,0.023259506,Did Not Buy,Critical Risk
15685,United Kingdom,1,55.980000000000004,389,0.92395175,0.076048285,Did Not Buy,Critical Risk
15686,United Kingdom,1,90.0,359,0.9558053,0.04419472,Did Not Buy,Critical Risk
15687,United Kingdom,6,2241.18,4,0.21795928,0.7820407,Bought,Low Risk
15688,United Kingdom,1,190.57,358,0.70100546,0.29899454,Did Not Buy,High Risk
15689,United Kingdom,3,521.03,59,0.7719849,0.22801512,Did Not Buy,Critical Risk
15690,United Kingdom,1,111.0,40,0.6413493,0.35865065,Bought,High Risk
15691,United Kingdom,4,571.3,191,0.8290506,0.17094941,Did Not Buy,Critical Risk
15693,United Kingdom,1,37.5,598,0.9821878,0.01781217,Did Not Buy,Critical Risk
15694,United Kingdom,19,8200.12,6,0.043913662,0.95608634,Bought,Low Risk
15695,United Kingdom,4,1131.04,206,0.74748135,0.25251865,Did Not Buy,High Risk
15696,United Kingdom,12,3179.01,19,0.18979383,0.8102062,Bought,Low Risk
15697,United Kingdom,1,246.75,629,0.9570612,0.042938806,Did Not Buy,Critical Risk
15698,United Kingdom,1,46.2,563,0.9824517,0.017548334,Did Not Buy,Critical Risk
15700,United Kingdom,2,696.68,111,0.71217084,0.28782913,Did Not Buy,High Risk
15701,United Kingdom,3,1210.06,7,0.026995122,0.9730049,Bought,Low Risk
15702,Nigeria,1,112.57000000000001,415,0.9873243,0.012675711,Did Not Buy,Critical Risk
15703,United Kingdom,1,211.5,204,0.9104765,0.08952351,Did Not Buy,Critical Risk
15704,United Kingdom,6,3734.6600000000003,79,0.6532214,0.34677857,Did Not Buy,High Risk
15705,United Kingdom,1,143.1,140,0.8071673,0.19283268,Did Not Buy,Critical Risk
15706,United Kingdom,4,1060.56,3,0.7406765,0.25932348,Did Not Buy,High Risk
15707,United Kingdom,2,347.1,3,0.08234835,0.91765165,Bought,Low Risk
15708,United Kingdom,8,3241.2400000000002,78,0.15336537,0.8466346,Bought,Low Risk
15709,United Kingdom,2,327.85,223,0.8698291,0.13017087,Did Not Buy,Critical Risk
15710,United Kingdom,1,898.87,356,0.8672863,0.13271369,Did Not Buy,Critical Risk
15711,United Kingdom,2,420.25,496,0.9374529,0.0625471,Did Not Buy,Critical Risk
15712,United Kingdom,11,3265.96,10,0.055430114,0.9445699,Bought,Low Risk
15713,United Kingdom,4,839.64,82,0.66498965,0.33501035,Did Not Buy,High Risk
15714,United Kingdom,4,586.4100000000001,17,0.5904151,0.40958488,Bought,High Risk
15715,United Kingdom,5,658.02,495,0.6691476,0.33085242,Did Not Buy,High Risk
15716,United Kingdom,11,2482.7400000000002,85,0.3486088,0.6513912,Did Not Buy,Medium Risk
15717,United Kingdom,5,607.0,173,0.7795237,0.22047634,Did Not Buy,Critical Risk
15718,United Kingdom,1,293.79,479,0.9313325,0.06866746,Did Not Buy,Critical Risk
15719,United Kingdom,30,9580.38,3,0.00878185,0.99121815,Bought,Low Risk
15720,United Kingdom,1,140.49,489,0.9849088,0.015091185,Bought,Critical Risk
15722,United Kingdom,9,4436.24,48,0.54960597,0.450394,Bought,High Risk
15723,United Kingdom,4,930.7,304,0.766602,0.23339804,Did Not Buy,Critical Risk
15724,United Kingdom,3,310.85,140,0.8032706,0.19672944,Did Not Buy,Critical Risk
15726,United Kingdom,1,321.91,329,0.8824265,0.117573515,Did Not Buy,Critical Risk
15727,United Kingdom,14,8802.04,46,0.080598116,0.9194019,Bought,Low Risk
15728,United Kingdom,2,544.6,319,0.8894392,0.11056075,Did Not Buy,Critical Risk
15729,United Kingdom,3,192.55,152,0.9104305,0.08956952,Did Not Buy,Critical Risk
15730,United Kingdom,5,1726.58,5,0.7146601,0.2853399,Did Not Buy,High Risk
15731,United Kingdom,1,125.3,493,0.96523494,0.034765046,Did Not Buy,Critical Risk
15732,United Kingdom,10,1543.97,151,0.2433576,0.7566424,Did Not Buy,Low Risk
15733,United Kingdom,1,162.3,222,0.91833436,0.08166561,Did Not Buy,Critical Risk
15734,United Kingdom,4,2263.3,54,0.79186356,0.20813644,Did Not Buy,Critical Risk
15735,United Kingdom,1,327.68,360,0.8030847,0.19691534,Did Not Buy,Critical Risk
15736,United Kingdom,2,1767.12,374,0.8514719,0.14852813,Did Not Buy,Critical Risk
15737,United Kingdom,6,1064.51,18,0.23814398,0.761856,Bought,Low Risk
15738,United Kingdom,39,12390.87,3,0.0026685,0.9973315,Bought,Low Risk
15739,United Kingdom,1,449.12,5,0.87315285,0.12684716,Did Not Buy,Critical Risk
15741,United Kingdom,2,208.62,397,0.85132843,0.14867157,Did Not Buy,Critical Risk
15742,United Kingdom,1,156.87,558,0.9631809,0.0368191,Did Not Buy,Critical Risk
15743,United Kingdom,2,434.05,53,0.2991681,0.7008319,Bought,Medium Risk
15744,United Kingdom,1,34.8,17,0.8538012,0.14619882,Did Not Buy,Critical Risk
15745,United Kingdom,2,607.75,13,0.42940623,0.5705938,Bought,Medium Risk
15746,United Kingdom,1,196.88,73,0.771693,0.22830702,Did Not Buy,Critical Risk
15747,United Kingdom,8,2078.54,59,0.38710797,0.61289203,Bought,Medium Risk
15748,United Kingdom,2,465.45000000000005,388,0.6673738,0.33262625,Bought,High Risk
15749,United Kingdom,3,44534.3,174,0.95976335,0.040236637,Did Not Buy,Critical Risk
15750,United Kingdom,15,5605.41,11,0.039633095,0.9603669,Bought,Low Risk
15751,United Kingdom,11,1380.44,400,0.9343612,0.06563881,Did Not Buy,Critical Risk
15752,United Kingdom,8,3391.68,32,0.06870419,0.9312958,Bought,Low Risk
15753,United Kingdom,1,79.2,244,0.8650701,0.13492991,Did Not Buy,Critical Risk
15754,United Kingdom,8,2882.46,13,0.37496012,0.6250399,Bought,Medium Risk
15755,United Kingdom,16,5705.61,13,0.08111638,0.9188836,Bought,Low Risk
15756,United Kingdom,4,528.01,0,0.2604305,0.7395695,Did Not Buy,Medium Risk
15757,United Kingdom,6,2940.36,5,0.7158437,0.28415632,Did Not Buy,High Risk
15759,United Kingdom,7,830.9300000000001,157,0.7265791,0.27342087,Did Not Buy,High Risk
15761,United Kingdom,1,143.05,382,0.91168606,0.08831394,Did Not Buy,Critical Risk
15762,United Kingdom,2,583.75,4,0.2995963,0.7004037,Did Not Buy,Medium Risk
15763,United Kingdom,1,522.49,17,0.2831456,0.7168544,Bought,Medium Risk
15764,United Kingdom,8,4503.08,27,0.5886369,0.41136315,Did Not Buy,High Risk
15765,United Kingdom,1,370.63,606,0.97890973,0.021090265,Did Not Buy,Critical Risk
15766,United Kingdom,3,831.06,3,0.9029112,0.09708881,Did Not Buy,Critical Risk
15768,United Kingdom,34,15308.89,55,0.7698643,0.2301357,Did Not Buy,Critical Risk
15769,United Kingdom,42,80727.52,3,0.013309836,0.98669016,Bought,Low Risk
15770,United Kingdom,1,321.45,552,0.9747164,0.02528357,Did Not Buy,Critical Risk
15771,United Kingdom,3,1006.54,543,0.96279526,0.037204746,Did Not Buy,Critical Risk
15772,United Kingdom,1,280.88,357,0.8602011,0.13979885,Did Not Buy,Critical Risk
15773,United Kingdom,1,138.84,348,0.59719837,0.40280163,Bought,High Risk
15774,United Kingdom,6,1287.09,8,0.8177172,0.18228284,Did Not Buy,Critical Risk
15775,United Kingdom,2,150.5,184,0.92450994,0.07549007,Did Not Buy,Critical Risk
15776,United Kingdom,1,241.62,72,0.54238164,0.4576184,Did Not Buy,High Risk
15777,United Kingdom,7,1762.61,180,0.7179395,0.28206047,Did Not Buy,High Risk
15778,United Kingdom,1,307.95,370,0.9085042,0.09149582,Did Not Buy,Critical Risk
15779,United Kingdom,2,124.08000000000001,402,0.96388555,0.03611444,Did Not Buy,Critical Risk
15780,United Kingdom,3,475.28000000000003,123,0.76568854,0.23431143,Did Not Buy,Critical Risk
15781,United Kingdom,2,211.3,77,0.68053776,0.31946224,Bought,High Risk
15782,United Kingdom,2,3037.7,28,0.19810772,0.8018923,Bought,Low Risk
15784,United Kingdom,2,848.3299999999999,407,0.9587113,0.04128869,Did Not Buy,Critical Risk
15785,United Kingdom,15,5306.79,97,0.11399573,0.88600427,Bought,Low Risk
15786,United Kingdom,3,6730.26,53,0.2060743,0.7939257,Bought,Low Risk
15787,United Kingdom,1,479.1,0,0.14267272,0.8573273,Bought,Low Risk
15788,United Kingdom,1,221.82999999999998,448,0.96896666,0.03103334,Did Not Buy,Critical Risk
15789,United Kingdom,6,1962.01,297,0.7151369,0.2848631,Did Not Buy,High Risk
15791,United Kingdom,4,3218.89,143,0.36010712,0.6398929,Bought,Medium Risk
15792,United Kingdom,2,933.84,339,0.8963208,0.10367915,Did Not Buy,Critical Risk
15793,United Kingdom,6,1740.6,208,0.80546725,0.19453272,Bought,Critical Risk
15794,United Kingdom,2,777.0,675,0.96480495,0.035195045,Did Not Buy,Critical Risk
15795,United Kingdom,8,1979.8700000000001,89,0.44822365,0.55177635,Did Not Buy,Medium Risk
15796,United Kingdom,15,4346.78,11,0.16924256,0.83075744,Bought,Low Risk
15797,United Kingdom,5,2806.08,52,0.8348429,0.16515711,Did Not Buy,Critical Risk
15798,United Kingdom,3,1535.37,432,0.9368243,0.06317571,Did Not Buy,Critical Risk
15799,United Kingdom,4,1421.34,15,0.52226686,0.47773314,Did Not Buy,High Risk
15800,United Kingdom,7,1227.07,46,0.68139434,0.3186057,Did Not Buy,High Risk
15801,United Kingdom,1,137.22,49,0.5041835,0.49581653,Bought,High Risk
15803,United Kingdom,3,1513.84,384,0.80050963,0.19949037,Bought,Critical Risk
15804,United Kingdom,9,3173.52,4,0.052913427,0.9470866,Bought,Low Risk
15805,United Kingdom,25,8479.5,4,0.03725469,0.9627453,Bought,Low Risk
15806,United Kingdom,2,521.88,97,0.41892755,0.58107245,Bought,Medium Risk
15807,United Kingdom,3,1549.22,16,0.9115386,0.0884614,Bought,Critical Risk
15808,United Kingdom,21,17180.25,245,0.8840273,0.115972705,Did Not Buy,Critical Risk
15809,United Kingdom,6,1157.88,123,0.5001483,0.49985167,Bought,High Risk
15810,United Kingdom,8,2999.04,18,0.6607578,0.33924222,Did Not Buy,High Risk
15811,United Kingdom,6,2947.73,45,0.23795038,0.7620496,Bought,Low Risk
15812,United Kingdom,12,5201.47,46,0.6368387,0.36316136,Did Not Buy,High Risk
15813,United Kingdom,2,1303.9099999999999,147,0.72547567,0.2745243,Did Not Buy,High Risk
15814,United Kingdom,2,689.11,332,0.6768207,0.3231793,Bought,High Risk
15815,United Kingdom,5,2100.6,3,0.66512597,0.33487403,Did Not Buy,High Risk
15816,United Kingdom,2,144.14999999999998,481,0.9674381,0.032561883,Did Not Buy,Critical Risk
15817,United Kingdom,3,2766.4,360,0.8700242,0.12997577,Did Not Buy,Critical Risk
15818,United Kingdom,1,340.5,527,0.9532075,0.046792515,Did Not Buy,Critical Risk
15819,United Kingdom,9,3614.81,70,0.1836015,0.8163985,Bought,Low Risk
15820,United Kingdom,1,206.98,259,0.78455997,0.21544006,Did Not Buy,Critical Risk
15821,United Kingdom,1,254.18,0,0.18440884,0.81559116,Bought,Low Risk
15822,United Kingdom,5,1394.79,298,0.6224348,0.3775652,Bought,High Risk
15823,United Kingdom,2,3867.17,668,0.95887244,0.04112759,Did Not Buy,Critical Risk
15824,United Kingdom,2,890.94,392,0.94029117,0.059708823,Did Not Buy,Critical Risk
15825,United Kingdom,1,532.94,111,0.8307188,0.16928117,Did Not Buy,Critical Risk
15826,United Kingdom,2,1663.97,150,0.89997387,0.10002615,Bought,Critical Risk
15827,United Kingdom,28,3603.14,12,0.57249385,0.42750615,Did Not Buy,High Risk
15828,United Kingdom,1,1108.82,314,0.80050886,0.19949114,Did Not Buy,Critical Risk
15829,United Kingdom,2,636.14,38,0.52397144,0.47602853,Did Not Buy,High Risk
15831,United Kingdom,2,451.11,63,0.30158252,0.6984175,Bought,Medium Risk
15832,United Kingdom,1,836.79,193,0.7636091,0.2363909,Did Not Buy,Critical Risk
15833,United Kingdom,1,80.4,677,0.9874798,0.012520172,Did Not Buy,Critical Risk
15834,United Kingdom,7,3761.89,9,0.65257996,0.34742004,Did Not Buy,High Risk
15835,United Kingdom,3,675.51,77,0.43163538,0.5683646,Bought,Medium Risk
15837,United Kingdom,2,777.01,4,0.8848728,0.1151272,Did Not Buy,Critical Risk
15838,United Kingdom,29,67896.0,4,0.015501678,0.9844983,Bought,Low Risk
15839,United Kingdom,2,790.36,20,0.30630994,0.69369006,Bought,Medium Risk
15840,United Kingdom,1,241.74,112,0.7273426,0.27265742,Bought,High Risk
15841,United Kingdom,9,2742.41,12,0.58941174,0.41058826,Did Not Buy,High Risk
15842,United Kingdom,2,548.8,332,0.7950569,0.20494314,Did Not Buy,Critical Risk
15843,United Kingdom,1,118.95000000000002,243,0.8834384,0.116561584,Did Not Buy,Critical Risk
15845,United Kingdom,9,3784.51,26,0.19674563,0.80325437,Bought,Low Risk
15846,United Kingdom,1,107.01,324,0.92704487,0.07295516,Did Not Buy,Critical Risk
15847,United Kingdom,4,613.98,227,0.6594589,0.34054112,Bought,High Risk
15848,United Kingdom,1,137.99,561,0.97009385,0.02990615,Did Not Buy,Critical Risk
15850,United Kingdom,5,888.03,107,0.27315325,0.72684675,Bought,Medium Risk
15851,United Kingdom,1,109.73,466,0.96656734,0.03343266,Did Not Buy,Critical Risk
15852,United Kingdom,3,257.26,126,0.8433621,0.1566379,Did Not Buy,Critical Risk
15854,United Kingdom,19,5449.1,26,0.067783594,0.9322164,Bought,Low Risk
15855,United Kingdom,6,1052.72,76,0.55003995,0.44996005,Did Not Buy,High Risk
15856,United Kingdom,43,27882.62,4,0.0027832985,0.9972167,Bought,Low Risk
15857,United Kingdom,1,273.48,369,0.7390578,0.2609422,Bought,High Risk
15858,United Kingdom,11,3094.96,17,0.08374256,0.91625744,Bought,Low Risk
15859,United Kingdom,1,438.46,371,0.90577555,0.094224475,Did Not Buy,Critical Risk
15860,United Kingdom,16,2256.79,15,0.068816006,0.931184,Bought,Low Risk
15861,United Kingdom,7,2337.74,74,0.31018835,0.68981165,Bought,Medium Risk
15862,United Kingdom,12,2333.9900000000002,51,0.068702936,0.93129706,Bought,Low Risk
15863,United Kingdom,4,295.46,132,0.49887425,0.50112575,Bought,Medium Risk
15864,United Kingdom,5,1722.8400000000001,6,0.22314525,0.77685475,Bought,Low Risk
15865,United Kingdom,4,1950.14,28,0.5745373,0.4254627,Bought,High Risk
15866,United Kingdom,1,211.89,40,0.6356313,0.36436868,Did Not Buy,High Risk
15867,United Kingdom,29,8364.85,9,0.013822675,0.9861773,Bought,Low Risk
15868,United Kingdom,1,94.53,522,0.9559589,0.04404109,Did Not Buy,Critical Risk
15869,United Kingdom,3,321.11,216,0.8711504,0.1288496,Did Not Buy,Critical Risk
15870,United Kingdom,3,506.02,336,0.50957227,0.49042776,Bought,High Risk
15871,United Kingdom,1,33.099999999999994,376,0.94618994,0.053810034,Did Not Buy,Critical Risk
15872,United Kingdom,2,413.0,318,0.5428667,0.4571333,Bought,High Risk
15873,United Kingdom,4,313.91999999999996,439,0.9512646,0.048735376,Did Not Buy,Critical Risk
15874,United Kingdom,21,11284.76,3,0.85352486,0.14647515,Did Not Buy,Critical Risk
15875,United Kingdom,1,108.52,585,0.9922863,0.007713678,Did Not Buy,Critical Risk
15876,United Kingdom,2,1449.1399999999999,348,0.86069894,0.13930106,Did Not Buy,Critical Risk
15878,United Kingdom,2,330.77,501,0.8034901,0.19650991,Did Not Buy,Critical Risk
15879,United Kingdom,4,1137.8,343,0.8428976,0.1571024,Did Not Buy,Critical Risk
15880,United Kingdom,1,329.03000000000003,308,0.52154946,0.47845054,Did Not Buy,High Risk
15881,United Kingdom,5,501.39000000000004,251,0.87620157,0.12379844,Did Not Buy,Critical Risk
15882,United Kingdom,8,1122.38,138,0.81337845,0.18662158,Did Not Buy,Critical Risk
15884,United Kingdom,2,244.60000000000002,371,0.850991,0.14900897,Did Not Buy,Critical Risk
15885,United Kingdom,13,1921.82,32,0.6380364,0.3619636,Did Not Buy,High Risk
15886,United Kingdom,3,871.78,356,0.5827914,0.4172086,Bought,High Risk
15887,United Kingdom,3,1027.15,346,0.8714219,0.12857813,Did Not Buy,Critical Risk
15888,United Kingdom,3,423.49,20,0.7587234,0.24127665,Did Not Buy,Critical Risk
15889,United Kingdom,8,1407.05,96,0.21600294,0.78399706,Did Not Buy,Low Risk
15890,United Kingdom,5,535.65,334,0.91882735,0.08117264,Did Not Buy,Critical Risk
15891,United Kingdom,1,509.13,166,0.77326894,0.22673109,Did Not Buy,Critical Risk
15892,United Kingdom,1,128.2,608,0.9909296,0.009070415,Did Not Buy,Critical Risk
15893,United Kingdom,1,305.28000000000003,421,0.9760782,0.02392177,Did Not Buy,Critical Risk
15894,United Kingdom,2,257.6,192,0.57770574,0.42229423,Did Not Buy,High Risk
15895,United Kingdom,1,179.17,89,0.7532015,0.2467985,Did Not Buy,Critical Risk
15897,United Kingdom,2,208.59,133,0.6441777,0.35582232,Did Not Buy,High Risk
15898,United Kingdom,24,4606.81,166,0.21972483,0.78027517,Bought,Low Risk
15899,United Kingdom,1,56.25,308,0.9023672,0.0976328,Did Not Buy,Critical Risk
15900,United Kingdom,3,549.29,353,0.4889866,0.5110134,Bought,Medium Risk
15901,United Kingdom,5,545.36,17,0.5093905,0.4906095,Bought,High Risk
15902,United Kingdom,1,145.01,319,0.8680645,0.13193545,Did Not Buy,Critical Risk
15903,United Kingdom,9,6333.4400000000005,9,0.21580607,0.78419393,Bought,Low Risk
15905,United Kingdom,1,114.69,482,0.985142,0.014857988,Did Not Buy,Critical Risk
15906,United Kingdom,8,2350.7,7,0.19123662,0.8087634,Bought,Low Risk
15907,United Kingdom,2,477.59000000000003,116,0.2441386,0.7558614,Bought,Low Risk
15908,United Kingdom,2,758.62,430,0.93924904,0.06075095,Did Not Buy,Critical Risk
15909,United Kingdom,1,191.94,113,0.7513946,0.24860539,Did Not Buy,Critical Risk
15910,United Kingdom,13,2284.06,4,0.1205588,0.8794412,Bought,Low Risk
15911,United Kingdom,8,1683.79,563,0.94984776,0.05015227,Did Not Buy,Critical Risk
15912,United Kingdom,9,1074.7,117,0.55327797,0.446722,Did Not Buy,High Risk
15913,United Kingdom,1,6.300000000000001,473,0.9833408,0.016659204,Did Not Buy,Critical Risk
15914,United Kingdom,2,205.99,317,0.7289729,0.2710271,Did Not Buy,High Risk
15915,United Kingdom,1,364.24,341,0.7592322,0.24076779,Did Not Buy,Critical Risk
15916,United Kingdom,11,2608.23,16,0.05518353,0.94481647,Bought,Low Risk
15917,United Kingdom,5,530.17,187,0.48504883,0.51495117,Did Not Buy,Medium Risk
15918,United Kingdom,3,582.88,130,0.75253296,0.24746707,Did Not Buy,Critical Risk
15919,United Kingdom,1,214.07999999999998,308,0.37624145,0.62375855,Bought,Medium Risk
15920,United Kingdom,8,565.19,93,0.47195846,0.52804154,Did Not Buy,Medium Risk
15921,United Kingdom,4,765.61,112,0.6937686,0.30623135,Did Not Buy,High Risk
15922,United Kingdom,1,369.5,312,0.91975427,0.08024575,Did Not Buy,Critical Risk
15923,United Kingdom,1,127.08,312,0.8744291,0.12557092,Did Not Buy,Critical Risk
15924,United Kingdom,1,102.82,670,0.9486498,0.051350188,Did Not Buy,Critical Risk
15925,United Kingdom,1,207.15,133,0.74643207,0.25356796,Did Not Buy,High Risk
15926,United Kingdom,1,134.44,481,0.953768,0.04623198,Did Not Buy,Critical Risk
15927,United Kingdom,1,106.54,586,0.98827994,0.011720069,Did Not Buy,Critical Risk
15928,United Kingdom,1,293.53,595,0.96566564,0.03433435,Did Not Buy,Critical Risk
15929,United Kingdom,1,594.0,583,0.9614101,0.03858989,Did Not Buy,Critical Risk
15930,United Kingdom,1,426.63,6,0.6320064,0.3679936,Did Not Buy,High Risk
15931,United Kingdom,1,239.9,367,0.86397356,0.13602646,Did Not Buy,Critical Risk
15932,United Kingdom,7,2195.65,27,0.12453723,0.8754628,Bought,Low Risk
15933,United Kingdom,2,728.27,10,0.20079654,0.79920346,Bought,Low Risk
15934,United Kingdom,2,2190.66,357,0.9277705,0.0722295,Did Not Buy,Critical Risk
15935,United Kingdom,1,108.03999999999999,178,0.93323505,0.066764936,Did Not Buy,Critical Risk
15936,United Kingdom,2,282.79,318,0.81137705,0.18862297,Did Not Buy,Critical Risk
15937,United Kingdom,1,145.35,3,0.86030316,0.13969687,Did Not Buy,Critical Risk
15938,United Kingdom,9,734.81,51,0.5776003,0.4223997,Did Not Buy,High Risk
15939,United Kingdom,15,9004.84,29,0.74237764,0.2576224,Did Not Buy,High Risk
15940,United Kingdom,1,35.8,250,0.9755434,0.024456633,Did Not Buy,Critical Risk
15941,United Kingdom,1,405.0,576,0.99308825,0.0069117313,Did Not Buy,Critical Risk
15942,United Kingdom,1,337.44,73,0.7743796,0.22562036,Did Not Buy,Critical Risk
15943,United Kingdom,2,271.28999999999996,589,0.9487169,0.051283125,Did Not Buy,Critical Risk
15944,United Kingdom,4,2164.24,216,0.9196432,0.0803568,Did Not Buy,Critical Risk
15945,United Kingdom,4,646.27,304,0.62811524,0.37188476,Did Not Buy,High Risk
15946,United Kingdom,3,2304.18,442,0.98321414,0.016785836,Did Not Buy,Critical Risk
15947,United Kingdom,1,1708.24,22,0.658956,0.341044,Did Not Buy,High Risk
15948,United Kingdom,1,553.85,364,0.79076326,0.20923676,Bought,Critical Risk
15949,United Kingdom,1,237.04000000000002,10,0.54896,0.45104006,Bought,High Risk
15950,United Kingdom,9,6702.62,18,0.3954113,0.6045887,Bought,Medium Risk
15951,United Kingdom,2,680.12,225,0.76371044,0.23628955,Bought,Critical Risk
15952,United Kingdom,3,558.64,8,0.16039652,0.8396035,Bought,Low Risk
15953,United Kingdom,15,2858.79,4,0.064765036,0.93523496,Bought,Low Risk
15954,United Kingdom,1,187.8,528,0.96023506,0.039764915,Did Not Buy,Critical Risk
15955,United Kingdom,19,6644.21,5,0.24087083,0.75912917,Bought,Low Risk
15956,United Kingdom,2,617.6,490,0.87205875,0.12794128,Did Not Buy,Critical Risk
15957,United Kingdom,2,492.36,360,0.75186056,0.24813944,Bought,Critical Risk
15958,United Kingdom,4,462.12,13,0.77351195,0.22648804,Did Not Buy,Critical Risk
15959,United Kingdom,3,542.89,621,0.87423575,0.12576428,Did Not Buy,Critical Risk
15960,United Kingdom,4,410.95,313,0.8962211,0.10377889,Did Not Buy,Critical Risk
15961,United Kingdom,1,451.28999999999996,318,0.8672419,0.1327581,Did Not Buy,Critical Risk
15962,United Kingdom,1,289.48,388,0.8023695,0.19763051,Did Not Buy,Critical Risk
15964,United Kingdom,1,269.21000000000004,602,0.90160507,0.09839491,Did Not Buy,Critical Risk
15965,United Kingdom,10,2119.26,306,0.38225234,0.61774766,Bought,Medium Risk
15966,United Kingdom,1,426.53000000000003,390,0.8179116,0.1820884,Did Not Buy,Critical Risk
15967,United Kingdom,11,2730.22,258,0.15585202,0.844148,Bought,Low Risk
15968,United Kingdom,1,401.8,327,0.73323065,0.26676935,Did Not Buy,High Risk
15969,United Kingdom,3,769.65,125,0.52731013,0.47268984,Bought,High Risk
15970,United Kingdom,2,1017.32,243,0.9161383,0.08386173,Did Not Buy,Critical Risk
15971,United Kingdom,15,4284.88,6,0.034311593,0.9656884,Bought,Low Risk
15972,United Kingdom,5,1769.33,395,0.8680182,0.13198179,Did Not Buy,Critical Risk
15973,United Kingdom,2,665.62,306,0.8893095,0.11069045,Did Not Buy,Critical Risk
15974,United Kingdom,6,2895.0099999999998,34,0.12137729,0.8786227,Bought,Low Risk
15975,United Kingdom,1,371.01,23,0.6255952,0.37440482,Did Not Buy,High Risk
15976,United Kingdom,6,1680.31,104,0.65370727,0.34629273,Did Not Buy,High Risk
15978,United Kingdom,3,3279.42,16,0.8521975,0.14780246,Did Not Buy,Critical Risk
15979,United Kingdom,1,329.22,542,0.9659996,0.034000378,Did Not Buy,Critical Risk
15980,United Kingdom,7,6543.68,28,0.75240904,0.24759094,Did Not Buy,Critical Risk
15981,United Kingdom,20,8804.17,16,0.102092266,0.89790773,Bought,Low Risk
15982,United Kingdom,1,324.51,544,0.94202846,0.05797154,Did Not Buy,Critical Risk
15983,United Kingdom,7,2783.62,300,0.2713951,0.7286049,Bought,Medium Risk
15984,United Kingdom,28,7663.1,10,0.05453372,0.9454663,Bought,Low Risk
15985,United Kingdom,7,2715.28,62,0.3993497,0.6006503,Did Not Buy,Medium Risk
15986,United Kingdom,1,186.3,321,0.6407289,0.3592711,Bought,High Risk
15987,United Kingdom,7,1296.85,60,0.19599283,0.8040072,Bought,Low Risk
15988,United Kingdom,2,579.61,491,0.536601,0.463399,Bought,High Risk
15989,United Kingdom,2,368.31,315,0.89381874,0.10618129,Did Not Buy,Critical Risk
15990,United Kingdom,6,1607.01,226,0.5968387,0.40316132,Bought,High Risk
15991,United Kingdom,1,150.55,473,0.9508393,0.049160738,Did Not Buy,Critical Risk
15992,United Kingdom,2,854.61,335,0.68061596,0.31938404,Bought,High Risk
15994,United Kingdom,2,761.4100000000001,351,0.687032,0.31296802,Bought,High Risk
15995,United Kingdom,1,694.54,353,0.65232563,0.34767434,Did Not Buy,High Risk
15996,United Kingdom,7,1386.4,27,0.5173527,0.4826473,Did Not Buy,High Risk
15998,United Kingdom,15,7697.88,26,0.010332942,0.98966706,Bought,Low Risk
15999,United Kingdom,1,20.4,675,0.98842597,0.011574002,Did Not Buy,Critical Risk
16001,United Kingdom,1,583.39,320,0.80918884,0.19081116,Did Not Buy,Critical Risk
16002,United Kingdom,1,169.21,564,0.96910197,0.030898029,Did Not Buy,Critical Risk
16003,United Kingdom,8,4672.36,74,0.38415712,0.6158429,Bought,Medium Risk
16004,United Kingdom,5,2146.39,414,0.9669238,0.03307625,Did Not Buy,Critical Risk
16005,United Kingdom,8,2061.77,122,0.21137667,0.78862333,Bought,Low Risk
16006,United Kingdom,2,332.82,150,0.71256983,0.28743014,Did Not Buy,High Risk
16007,United Kingdom,6,2836.96,7,0.044111192,0.9558888,Bought,Low Risk
16008,United Kingdom,14,5191.06,14,0.11273235,0.88726765,Bought,Low Risk
16009,United Kingdom,1,441.59000000000003,99,0.32799804,0.67200196,Bought,Medium Risk
16010,United Kingdom,11,1694.86,185,0.57968986,0.42031014,Did Not Buy,High Risk
16011,United Kingdom,26,4703.89,11,0.018985152,0.98101485,Bought,Low Risk
16012,United Kingdom,4,2695.42,68,0.33510673,0.66489327,Bought,Medium Risk
16013,United Kingdom,75,44807.24,6,0.0064056516,0.99359435,Bought,Low Risk
16014,United Kingdom,4,967.83,91,0.61679214,0.38320786,Bought,High Risk
16016,United Kingdom,8,1517.88,19,0.12645143,0.87354857,Bought,Low Risk
16017,United Kingdom,4,1333.7,356,0.7137176,0.28628245,Bought,High Risk
16018,United Kingdom,3,451.13,119,0.42182344,0.57817656,Bought,Medium Risk
16019,United Kingdom,25,16495.170000000002,75,0.10955179,0.8904482,Bought,Low Risk
16020,United Kingdom,1,518.8,4,0.51022947,0.4897705,Bought,High Risk
16021,United Kingdom,2,487.03,334,0.62976754,0.37023243,Did Not Buy,High Risk
16022,United Kingdom,1,602.63,199,0.7346362,0.26536378,Did Not Buy,High Risk
16023,United Kingdom,2,500.69,131,0.35264927,0.6473507,Bought,Medium Risk
16024,United Kingdom,2,232.96,351,0.7055625,0.29443756,Bought,High Risk
16027,United Kingdom,15,2048.36,31,0.7936273,0.20637266,Did Not Buy,Critical Risk
16028,United Kingdom,1,82.2,535,0.96923596,0.030764068,Did Not Buy,Critical Risk
16029,United Kingdom,102,98670.41,0,0.009557426,0.9904426,Bought,Low Risk
16030,United Kingdom,1,331.24,249,0.871958,0.12804195,Did Not Buy,Critical Risk
16031,United Kingdom,2,547.9,31,0.6098161,0.39018393,Did Not Buy,High Risk
16032,United Kingdom,6,1965.72,395,0.94037926,0.05962075,Did Not Buy,Critical Risk
16033,United Kingdom,25,9015.35,5,0.015867472,0.9841325,Bought,Low Risk
16034,United Kingdom,6,911.3199999999999,135,0.6433095,0.35669053,Did Not Buy,High Risk
16035,United Kingdom,1,217.73,499,0.98268557,0.01731441,Did Not Buy,Critical Risk
16036,United Kingdom,4,2556.84,26,0.8621737,0.13782631,Did Not Buy,Critical Risk
16037,United Kingdom,5,1509.34,209,0.6603881,0.3396119,Did Not Buy,High Risk
16038,United Kingdom,2,393.33,116,0.61899924,0.3810008,Bought,High Risk
16039,United Kingdom,2,456.4,363,0.6578597,0.34214032,Did Not Buy,High Risk
16040,United Kingdom,7,2416.9,4,0.8152338,0.1847662,Did Not Buy,Critical Risk
16041,United Kingdom,2,2739.8,80,0.20999146,0.79000854,Bought,Low Risk
16042,United Kingdom,5,1508.33,47,0.53867686,0.46132314,Bought,High Risk
16043,United Kingdom,7,1759.0900000000001,150,0.30005115,0.69994885,Bought,Medium Risk
16044,United Kingdom,1,340.84000000000003,374,0.9211675,0.0788325,Did Not Buy,Critical Risk
16045,United Kingdom,8,3434.9300000000003,59,0.23457271,0.7654273,Did Not Buy,Low Risk
16046,United Kingdom,1,235.78,501,0.9247332,0.075266756,Did Not Buy,Critical Risk
16048,United Kingdom,4,818.7900000000001,312,0.83369213,0.16630787,Did Not Buy,Critical Risk
16049,United Kingdom,4,1261.45,14,0.35454214,0.64545786,Bought,Medium Risk
16050,United Kingdom,3,300.7,113,0.7200678,0.2799322,Did Not Buy,High Risk
16051,United Kingdom,1,188.44,621,0.985995,0.0140049895,Did Not Buy,Critical Risk
16053,United Kingdom,5,3247.08,61,0.26204973,0.73795027,Bought,Medium Risk
16054,United Kingdom,4,2111.88,84,0.8290881,0.1709119,Did Not Buy,Critical Risk
16055,United Kingdom,1,134.8,160,0.84441507,0.15558492,Did Not Buy,Critical Risk
16057,United Kingdom,9,3135.96,35,0.1197288,0.8802712,Bought,Low Risk
16058,United Kingdom,1,62.7,345,0.8668223,0.13317768,Did Not Buy,Critical Risk
16059,United Kingdom,12,3053.57,5,0.72250855,0.27749142,Did Not Buy,High Risk
16060,United Kingdom,3,541.95,340,0.8303232,0.16967675,Did Not Buy,Critical Risk
16061,United Kingdom,1,89.65,370,0.88273,0.11727002,Did Not Buy,Critical Risk
16062,United Kingdom,7,2487.97,73,0.3008036,0.6991964,Bought,Medium Risk
16063,United Kingdom,1,335.32,199,0.8806419,0.11935813,Did Not Buy,Critical Risk
16064,United Kingdom,1,109.31,664,0.9831719,0.016828125,Did Not Buy,Critical Risk
16065,United Kingdom,8,1992.13,304,0.6376572,0.36234277,Did Not Buy,High Risk
16066,United Kingdom,2,680.14,1,0.30979282,0.6902072,Bought,Medium Risk
16067,United Kingdom,3,3269.11,502,0.9362834,0.06371661,Did Not Buy,Critical Risk
16068,United Kingdom,1,115.73,533,0.9797902,0.020209769,Did Not Buy,Critical Risk
16069,United Kingdom,1,457.7,357,0.90061134,0.09938866,Did Not Buy,Critical Risk
16071,United Kingdom,3,750.5600000000001,466,0.52529347,0.47470656,Bought,High Risk
16072,United Kingdom,4,4180.09,227,0.82666516,0.17333484,Did Not Buy,Critical Risk
16073,United Kingdom,1,122.39999999999999,236,0.9507807,0.04921931,Did Not Buy,Critical Risk
16074,United Kingdom,1,252.5,329,0.9236881,0.07631189,Did Not Buy,Critical Risk
16075,United Kingdom,2,736.9300000000001,442,0.9301101,0.06988992,Did Not Buy,Critical Risk
16076,United Kingdom,6,1455.81,19,0.10790503,0.89209497,Bought,Low Risk
16077,United Kingdom,1,2300.4,565,0.9495674,0.05043264,Did Not Buy,Critical Risk
16078,United Kingdom,2,362.99,223,0.9490185,0.050981537,Did Not Buy,Critical Risk
16080,United Kingdom,4,602.5600000000001,21,0.8792933,0.12070669,Did Not Buy,Critical Risk
16081,United Kingdom,7,4071.46,26,0.23246276,0.76753724,Bought,Low Risk
16082,United Kingdom,1,106.75,609,0.98631454,0.013685487,Did Not Buy,Critical Risk
16083,United Kingdom,4,2351.42,40,0.8729186,0.12708138,Did Not Buy,Critical Risk
16084,United Kingdom,1,436.18,238,0.8793426,0.1206574,Did Not Buy,Critical Risk
16085,United Kingdom,10,1962.85,18,0.13174915,0.86825085,Bought,Low Risk
16086,United Kingdom,9,2466.04,37,0.13490027,0.8650997,Bought,Low Risk
16087,United Kingdom,5,1739.92,328,0.82426846,0.17573157,Did Not Buy,Critical Risk
16088,United Kingdom,2,1437.43,515,0.95025545,0.04974452,Did Not Buy,Critical Risk
16089,United Kingdom,2,263.49,325,0.7814935,0.2185065,Did Not Buy,Critical Risk
16090,United Kingdom,1,180.56,563,0.98010737,0.019892633,Did Not Buy,Critical Risk
16091,United Kingdom,2,315.06,94,0.6980182,0.3019818,Did Not Buy,High Risk
16092,United Kingdom,6,1587.94,54,0.64724755,0.35275245,Did Not Buy,High Risk
16093,United Kingdom,1,17.0,46,0.81019485,0.18980515,Did Not Buy,Critical Risk
16094,United Kingdom,8,2869.43,158,0.3107478,0.6892522,Bought,Medium Risk
16095,United Kingdom,1,447.05,395,0.8577981,0.14220192,Did Not Buy,Critical Risk
16096,United Kingdom,4,1584.97,203,0.81899595,0.18100403,Did Not Buy,Critical Risk
16097,United Kingdom,1,185.04999999999998,179,0.8498242,0.15017584,Did Not Buy,Critical Risk
16098,United Kingdom,14,4010.7,27,0.43679088,0.5632091,Did Not Buy,Medium Risk
16099,United Kingdom,6,1433.4,77,0.3655824,0.6344176,Bought,Medium Risk
16100,United Kingdom,1,582.64,402,0.9235939,0.076406136,Did Not Buy,Critical Risk
16101,United Kingdom,4,3229.16,10,0.7909639,0.20903608,Did Not Buy,Critical Risk
16102,United Kingdom,2,1392.8400000000001,38,0.15839374,0.84160626,Bought,Low Risk
16103,United Kingdom,21,6175.21,19,0.15901148,0.8409885,Bought,Low Risk
16104,United Kingdom,9,2774.46,1,0.86990166,0.13009836,Did Not Buy,Critical Risk
16105,United Kingdom,5,2386.19,188,0.7435043,0.2564957,Did Not Buy,High Risk
16106,United Kingdom,1,108.38,5,0.84085953,0.15914047,Did Not Buy,Critical Risk
16107,United Kingdom,4,1810.72,29,0.19749683,0.80250317,Bought,Low Risk
16108,United Kingdom,4,2235.92,24,0.9246816,0.07531842,Did Not Buy,Critical Risk
16109,United Kingdom,3,939.48,158,0.8645217,0.13547833,Did Not Buy,Critical Risk
16110,United Kingdom,3,1138.82,201,0.44107205,0.55892795,Bought,Medium Risk
16111,United Kingdom,1,549.33,367,0.653525,0.34647503,Did Not Buy,High Risk
16112,United Kingdom,4,195.73999999999998,82,0.8588764,0.1411236,Did Not Buy,Critical Risk
16113,United Kingdom,1,161.38,122,0.9115491,0.08845094,Did Not Buy,Critical Risk
16114,United Kingdom,1,135.75000000000003,110,0.791635,0.20836504,Did Not Buy,Critical Risk
16115,United Kingdom,10,2178.85,11,0.13142508,0.8685749,Bought,Low Risk
16116,United Kingdom,1,612.78,151,0.72403777,0.27596226,Did Not Buy,High Risk
16117,United Kingdom,3,654.4,129,0.7939495,0.20605052,Did Not Buy,Critical Risk
16118,United Kingdom,1,4376.25,592,0.9802874,0.019712599,Did Not Buy,Critical Risk
16119,United Kingdom,7,1606.93,12,0.3947925,0.6052075,Bought,Medium Risk
16120,United Kingdom,2,1658.3700000000001,361,0.81216025,0.18783976,Bought,Critical Risk
16121,United Kingdom,4,881.32,155,0.29292685,0.70707315,Bought,Medium Risk
16122,United Kingdom,6,895.62,12,0.29665148,0.7033485,Did Not Buy,Medium Risk
16124,United Kingdom,4,1772.49,256,0.69661677,0.30338323,Did Not Buy,High Risk
16125,United Kingdom,14,4292.35,306,0.8496364,0.15036364,Did Not Buy,Critical Risk
16126,United Kingdom,14,12063.53,41,0.11770707,0.8822929,Bought,Low Risk
16127,United Kingdom,1,145.06,666,0.9665592,0.033440817,Bought,Critical Risk
16128,United Kingdom,9,3332.89,16,0.23555613,0.7644439,Bought,Low Risk
16129,United Kingdom,3,1396.05,346,0.7827953,0.21720466,Did Not Buy,Critical Risk
16130,United Kingdom,4,987.48,361,0.8818814,0.118118584,Did Not Buy,Critical Risk
16131,United Kingdom,10,8729.38,55,0.52201915,0.47798085,Bought,High Risk
16132,United Kingdom,2,664.1999999999999,483,0.83441716,0.16558282,Did Not Buy,Critical Risk
16133,United Kingdom,48,20481.49,10,0.004242122,0.9957579,Bought,Low Risk
16134,United Kingdom,4,1810.78,298,0.5631069,0.4368931,Bought,High Risk
16135,United Kingdom,2,819.45,202,0.8632175,0.13678256,Did Not Buy,Critical Risk
16136,United Kingdom,3,540.06,17,0.42442656,0.57557344,Bought,Medium Risk
16137,United Kingdom,1,422.7,619,0.9711265,0.028873509,Did Not Buy,Critical Risk
16138,United Kingdom,3,910.35,318,0.8833999,0.11660012,Did Not Buy,Critical Risk
16139,United Kingdom,4,782.11,51,0.3015765,0.6984235,Bought,Medium Risk
16140,United Kingdom,3,1433.46,5,0.87294614,0.12705384,Did Not Buy,Critical Risk
16141,United Kingdom,2,955.94,27,0.83004105,0.16995893,Did Not Buy,Critical Risk
16142,United Kingdom,1,535.34,189,0.7616962,0.2383038,Did Not Buy,Critical Risk
16143,United Kingdom,11,4079.5,47,0.22081822,0.7791818,Bought,Low Risk
16144,United Kingdom,1,175.2,186,0.95495737,0.045042615,Did Not Buy,Critical Risk
16145,United Kingdom,17,5947.88,13,0.037313998,0.962686,Bought,Low Risk
16146,United Kingdom,4,946.38,96,0.8159964,0.18400356,Did Not Buy,Critical Risk
16147,United Kingdom,5,2398.91,73,0.7099812,0.29001877,Did Not Buy,High Risk
16148,United Kingdom,2,386.62,235,0.8493934,0.15060659,Did Not Buy,Critical Risk
16149,United Kingdom,2,305.38,81,0.6807072,0.3192928,Bought,High Risk
16150,United Kingdom,9,3697.68,28,0.109126985,0.890873,Bought,Low Risk
16152,United Kingdom,1,1829.04,208,0.87645143,0.123548545,Did Not Buy,Critical Risk
16153,United Kingdom,10,4332.8,55,0.16797733,0.83202267,Bought,Low Risk
16155,United Kingdom,5,796.9,321,0.78468144,0.21531856,Did Not Buy,Critical Risk
16156,United Kingdom,17,5191.59,24,0.056401014,0.943599,Bought,Low Risk
16157,United Kingdom,1,168.32,12,0.6465812,0.35341883,Bought,High Risk
16158,United Kingdom,9,628.32,461,0.9084205,0.09157952,Did Not Buy,Critical Risk
16159,United Kingdom,4,1232.79,221,0.88098425,0.11901576,Did Not Buy,Critical Risk
16160,United Kingdom,2,1025.44,4,0.94051594,0.059484076,Did Not Buy,Critical Risk
16161,United Kingdom,38,10920.98,17,0.022578359,0.97742164,Bought,Low Risk
16162,United Kingdom,1,37.4,191,0.93873006,0.061269943,Did Not Buy,Critical Risk
16163,United Kingdom,6,2407.98,171,0.7084531,0.29154688,Did Not Buy,High Risk
16165,United Kingdom,1,79.9,444,0.96284753,0.037152465,Did Not Buy,Critical Risk
16166,United Kingdom,2,435.83,367,0.9293482,0.07065184,Did Not Buy,Critical Risk
16167,United Kingdom,5,1386.1200000000001,353,0.8063598,0.19364017,Did Not Buy,Critical Risk
16168,United Kingdom,58,9368.21,14,0.007179916,0.9928201,Bought,Low Risk
16169,United Kingdom,1,587.46,15,0.33931363,0.6606864,Bought,Medium Risk
16170,United Kingdom,19,6544.61,52,0.069906116,0.9300939,Bought,Low Risk
16172,United Kingdom,8,1884.55,34,0.26372385,0.73627615,Did Not Buy,Medium Risk
16173,United Kingdom,3,744.25,17,0.18867534,0.81132466,Bought,Low Risk
16174,United Kingdom,7,2246.75,65,0.6867945,0.31320545,Did Not Buy,High Risk
16175,United Kingdom,7,1836.44,33,0.4621557,0.5378443,Did Not Buy,Medium Risk
16176,United Kingdom,4,2052.69,360,0.8513965,0.14860351,Did Not Buy,Critical Risk
16177,United Kingdom,7,1915.36,376,0.80339074,0.19660924,Bought,Critical Risk
16178,United Kingdom,2,612.6,77,0.7541468,0.24585316,Did Not Buy,Critical Risk
16179,United Kingdom,1,215.83,0,0.49203384,0.50796616,Did Not Buy,Medium Risk
16180,United Kingdom,13,16249.87,39,0.61360073,0.3863993,Did Not Buy,High Risk
16181,United Kingdom,1,305.54,12,0.60337484,0.39662513,Did Not Buy,High Risk
16182,United Kingdom,9,9971.65,11,0.8449086,0.1550914,Did Not Buy,Critical Risk
16183,United Kingdom,4,1077.81,6,0.7273247,0.27267528,Did Not Buy,High Risk
16184,United Kingdom,6,1158.79,3,0.62637544,0.37362456,Did Not Buy,High Risk
16185,United Kingdom,2,450.31,172,0.50313723,0.4968628,Bought,High Risk
16186,United Kingdom,24,8074.2300000000005,6,0.008636713,0.9913633,Bought,Low Risk
16187,United Kingdom,13,6282.1900000000005,14,0.018821955,0.98117805,Bought,Low Risk
16188,United Kingdom,4,860.83,80,0.46564823,0.53435177,Bought,Medium Risk
16189,United Kingdom,1,144.48,24,0.35790968,0.6420903,Bought,Medium Risk
16190,United Kingdom,7,2508.4700000000003,334,0.3745417,0.6254583,Bought,Medium Risk
16191,United Kingdom,19,13112.980000000001,202,0.2828077,0.7171923,Bought,Medium Risk
16192,United Kingdom,1,351.3,675,0.985808,0.014191986,Did Not Buy,Critical Risk
16193,United Kingdom,2,630.43,176,0.8147633,0.1852367,Did Not Buy,Critical Risk
16194,United Kingdom,1,308.59999999999997,314,0.8624075,0.1375925,Did Not Buy,Critical Risk
16195,United Kingdom,1,323.25,662,0.9821722,0.017827803,Did Not Buy,Critical Risk
16196,United Kingdom,1,93.3,428,0.9067043,0.0932957,Did Not Buy,Critical Risk
16197,United Kingdom,9,2016.71,408,0.97162086,0.028379131,Did Not Buy,Critical Risk
16198,United Kingdom,2,1030.04,14,0.92925435,0.07074564,Did Not Buy,Critical Risk
16199,United Kingdom,7,942.75,331,0.9044162,0.095583804,Did Not Buy,Critical Risk
16200,United Kingdom,11,5089.8,103,0.13464665,0.86535335,Bought,Low Risk
16201,United Kingdom,2,552.45,49,0.69978374,0.30021626,Bought,High Risk
16202,United Kingdom,9,2501.9900000000002,300,0.32138288,0.6786171,Did Not Buy,Medium Risk
16203,United Kingdom,5,729.24,87,0.5824989,0.4175011,Bought,High Risk
16204,United Kingdom,2,534.53,319,0.8067188,0.19328114,Bought,Critical Risk
16205,United Kingdom,5,1487.63,7,0.5169692,0.48303077,Bought,High Risk
16206,United Kingdom,12,2449.92,64,0.2297132,0.7702868,Bought,Low Risk
16208,United Kingdom,9,3273.78,228,0.48739278,0.5126072,Bought,Medium Risk
16209,United Kingdom,9,4146.78,28,0.68120396,0.31879604,Did Not Buy,High Risk
16210,United Kingdom,28,24780.29,3,0.0029839277,0.9970161,Bought,Low Risk
16211,United Kingdom,3,1090.59,28,0.809536,0.19046403,Did Not Buy,Critical Risk
16212,United Kingdom,3,1101.52,222,0.7723376,0.2276624,Bought,Critical Risk
16213,United Kingdom,1,159.0,18,0.7542436,0.2457564,Did Not Buy,Critical Risk
16214,United Kingdom,4,2038.25,110,0.6937047,0.30629525,Did Not Buy,High Risk
16215,United Kingdom,1,242.35,20,0.48390788,0.5160921,Did Not Buy,Medium Risk
16216,United Kingdom,1,914.9300000000001,206,0.88824785,0.111752175,Did Not Buy,Critical Risk
16217,United Kingdom,2,304.25,174,0.85429716,0.14570281,Did Not Buy,Critical Risk
16218,United Kingdom,12,3519.47,54,0.17933625,0.82066375,Bought,Low Risk
16219,United Kingdom,1,40.8,440,0.98676276,0.01323722,Did Not Buy,Critical Risk
16221,United Kingdom,8,1472.98,215,0.53343076,0.46656924,Bought,High Risk
16222,United Kingdom,2,1272.05,257,0.89428777,0.10571222,Did Not Buy,Critical Risk
16223,United Kingdom,2,1087.05,314,0.7481017,0.25189832,Did Not Buy,High Risk
16224,United Kingdom,4,1187.12,80,0.28178686,0.71821314,Bought,Medium Risk
16225,United Kingdom,14,2716.63,89,0.2018671,0.7981329,Bought,Low Risk
16226,United Kingdom,5,672.1700000000001,142,0.67152333,0.32847664,Did Not Buy,High Risk
16227,United Kingdom,3,1027.22,164,0.7575512,0.24244882,Did Not Buy,Critical Risk
16228,United Kingdom,3,885.71,324,0.83705866,0.16294135,Did Not Buy,Critical Risk
16229,United Kingdom,6,2867.86,26,0.61848915,0.38151088,Did Not Buy,High Risk
16230,United Kingdom,2,542.03,129,0.7912065,0.2087935,Did Not Buy,Critical Risk
16231,United Kingdom,4,1074.47,318,0.73625946,0.26374054,Did Not Buy,High Risk
16232,United Kingdom,6,2447.13,82,0.35735232,0.6426477,Bought,Medium Risk
16233,United Kingdom,9,1818.31,10,0.8923853,0.10761467,Did Not Buy,Critical Risk
16234,United Kingdom,3,333.18,415,0.97141206,0.028587963,Did Not Buy,Critical Risk
16235,United Kingdom,7,1851.69,126,0.43993515,0.56006485,Bought,Medium Risk
16236,United Kingdom,1,432.2,17,0.62002325,0.37997672,Did Not Buy,High Risk
16237,United Kingdom,1,136.65,376,0.89789665,0.10210335,Did Not Buy,Critical Risk
16238,United Kingdom,1,63.66,362,0.8960845,0.103915505,Did Not Buy,Critical Risk
16239,United Kingdom,5,1425.9,129,0.50059414,0.49940586,Bought,High Risk
16240,United Kingdom,1,1824.79,16,0.13371265,0.86628735,Bought,Low Risk
16241,United Kingdom,13,3177.93,35,0.028658867,0.97134113,Bought,Low Risk
16242,United Kingdom,11,5494.12,5,0.13109344,0.86890656,Bought,Low Risk
16244,United Kingdom,2,1522.75,151,0.4803611,0.5196389,Did Not Buy,Medium Risk
16245,United Kingdom,2,769.7,61,0.4433555,0.5566445,Bought,Medium Risk
16246,United Kingdom,2,821.35,399,0.93769056,0.062309444,Did Not Buy,Critical Risk
16247,United Kingdom,1,114.56,109,0.9000923,0.09990772,Did Not Buy,Critical Risk
16248,United Kingdom,1,152.94,1,0.85093176,0.1490682,Did Not Buy,Critical Risk
16249,United Kingdom,4,1440.77,52,0.15685594,0.84314406,Bought,Low Risk
16250,United Kingdom,3,565.24,200,0.8366131,0.16338688,Did Not Buy,Critical Risk
16251,United Kingdom,1,128.31,451,0.9686442,0.031355772,Did Not Buy,Critical Risk
16252,United Kingdom,1,295.09000000000003,322,0.8371258,0.16287419,Did Not Buy,Critical Risk
16253,United Kingdom,7,7222.2,6,0.83952796,0.16047202,Did Not Buy,Critical Risk
16254,United Kingdom,3,967.44,317,0.81867206,0.18132792,Did Not Buy,Critical Risk
16255,United Kingdom,14,4092.88,35,0.09779388,0.9022061,Bought,Low Risk
16256,United Kingdom,3,1579.37,206,0.9309141,0.06908592,Did Not Buy,Critical Risk
16257,United Kingdom,1,21.95,116,0.8343093,0.16569072,Did Not Buy,Critical Risk
16258,United Kingdom,14,10480.07,66,0.044099152,0.95590085,Bought,Low Risk
16259,United Kingdom,3,340.94,349,0.7852502,0.21474984,Did Not Buy,Critical Risk
16261,United Kingdom,5,856.76,14,0.3794496,0.6205504,Bought,Medium Risk
16262,United Kingdom,1,755.15,317,0.72311985,0.27688017,Did Not Buy,High Risk
16263,United Kingdom,1,348.16,362,0.86881,0.13119,Did Not Buy,Critical Risk
16264,United Kingdom,2,823.53,377,0.8808403,0.11915967,Did Not Buy,Critical Risk
16265,United Kingdom,10,5300.19,50,0.144171,0.855829,Bought,Low Risk
16266,United Kingdom,14,1757.95,13,0.60013604,0.399864,Did Not Buy,High Risk
16267,United Kingdom,1,186.66,530,0.93881786,0.06118212,Did Not Buy,Critical Risk
16268,United Kingdom,2,617.65,10,0.48470777,0.5152922,Did Not Buy,Medium Risk
16269,United Kingdom,1,717.57,377,0.8269352,0.17306484,Did Not Buy,Critical Risk
16270,United Kingdom,1,1141.24,292,0.8373209,0.16267908,Did Not Buy,Critical Risk
16271,United Kingdom,7,2846.61,65,0.29342455,0.70657545,Bought,Medium Risk
16272,United Kingdom,1,411.7,56,0.62114525,0.37885475,Did Not Buy,High Risk
16273,United Kingdom,2,318.34000000000003,587,0.9877617,0.012238312,Did Not Buy,Critical Risk
16274,United Kingdom,1,331.55,312,0.740999,0.25900102,Did Not Buy,High Risk
16275,United Kingdom,3,2151.11,136,0.8640858,0.13591424,Did Not Buy,Critical Risk
16276,United Kingdom,3,2629.3900000000003,116,0.7970669,0.20293309,Did Not Buy,Critical Risk
16277,United Kingdom,1,188.69,673,0.9852402,0.01475975,Did Not Buy,Critical Risk
16278,United Kingdom,3,1117.84,39,0.89683497,0.10316503,Did Not Buy,Critical Risk
16279,United Kingdom,8,4919.68,26,0.29713643,0.7028636,Bought,Medium Risk
16280,United Kingdom,1,238.05,664,0.9028228,0.09717719,Did Not Buy,Critical Risk
16281,United Kingdom,3,3424.02,11,0.88178647,0.11821353,Did Not Buy,Critical Risk
16282,United Kingdom,3,1307.58,279,0.8786233,0.1213767,Did Not Buy,Critical Risk
16283,United Kingdom,7,4107.95,7,0.08868146,0.91131854,Bought,Low Risk
16284,United Kingdom,1,205.8,332,0.5565488,0.44345123,Bought,High Risk
16285,United Kingdom,1,176.9,585,0.9880651,0.011934877,Did Not Buy,Critical Risk
16286,United Kingdom,2,328.95,416,0.9688313,0.031168673,Did Not Buy,Critical Risk
16287,United Kingdom,5,1006.98,109,0.6811626,0.31883743,Did Not Buy,High Risk
16288,United Kingdom,1,129.85,409,0.94708407,0.052915953,Did Not Buy,Critical Risk
16289,United Kingdom,1,136.31,401,0.9743014,0.025698619,Did Not Buy,Critical Risk
16290,United Kingdom,4,1957.7,404,0.94265467,0.057345312,Did Not Buy,Critical Risk
16292,United Kingdom,5,1253.76,61,0.58894217,0.4110578,Did Not Buy,High Risk
16293,United Kingdom,11,3484.54,31,0.093869746,0.90613025,Bought,Low Risk
16294,United Kingdom,1,126.05000000000001,416,0.97945607,0.020543935,Did Not Buy,Critical Risk
16295,United Kingdom,1,355.9,4,0.6173649,0.38263515,Bought,High Risk
16296,United Kingdom,4,1313.67,565,0.9292721,0.07072791,Did Not Buy,Critical Risk
16297,United Kingdom,1,301.9,208,0.8580734,0.14192657,Did Not Buy,Critical Risk
16298,United Kingdom,5,601.8,126,0.4632442,0.5367558,Bought,Medium Risk
16299,United Kingdom,1,193.65,416,0.9743019,0.025698122,Did Not Buy,Critical Risk
16300,United Kingdom,3,1367.32,369,0.91243345,0.08756655,Did Not Buy,Critical Risk
16301,United Kingdom,1,107.33,676,0.9913226,0.008677409,Did Not Buy,Critical Risk
16302,United Kingdom,1,233.22,66,0.6142801,0.38571987,Did Not Buy,High Risk
16303,United Kingdom,6,6603.97,55,0.15909684,0.84090316,Bought,Low Risk
16304,United Kingdom,1,381.66,634,0.98505545,0.0149445655,Did Not Buy,Critical Risk
16305,United Kingdom,1,361.21999999999997,78,0.7962248,0.20377523,Did Not Buy,Critical Risk
16306,United Kingdom,7,1124.72,153,0.72995794,0.27004206,Did Not Buy,High Risk
16307,United Kingdom,3,1194.92,368,0.8874237,0.11257628,Did Not Buy,Critical Risk
16308,United Kingdom,6,4160.0,47,0.20703536,0.79296464,Bought,Low Risk
16309,United Kingdom,2,706.57,45,0.65144944,0.34855056,Did Not Buy,High Risk
16310,United Kingdom,2,460.08,353,0.89217,0.107829995,Did Not Buy,Critical Risk
16312,United Kingdom,1,171.15,371,0.93343616,0.066563845,Did Not Buy,Critical Risk
16314,United Kingdom,3,1491.4,329,0.7334418,0.2665582,Did Not Buy,High Risk
16315,United Kingdom,2,402.71,270,0.85580873,0.1441913,Did Not Buy,Critical Risk
16316,United Kingdom,13,5744.91,3,0.47911972,0.5208803,Did Not Buy,Medium Risk
16317,United Kingdom,5,2192.51,59,0.67179465,0.32820538,Did Not Buy,High Risk
16319,United Kingdom,1,404.40000000000003,157,0.95762134,0.042378683,Did Not Buy,Critical Risk
16320,Unspecified,6,5628.99,111,0.6461016,0.3538984,Did Not Buy,High Risk
16321,Australia,7,604.5500000000001,11,0.87733454,0.12266549,Did Not Buy,Critical Risk
16323,United Kingdom,2,353.66,135,0.8380446,0.16195542,Did Not Buy,Critical Risk
16324,United Kingdom,3,408.59000000000003,67,0.4736328,0.5263672,Did Not Buy,Medium Risk
16325,United Kingdom,11,3419.28,94,0.17009193,0.8299081,Bought,Low Risk
16326,United Kingdom,20,3665.4700000000003,1,0.07950175,0.92049825,Bought,Low Risk
16327,United Kingdom,15,9481.16,19,0.022112668,0.97788733,Bought,Low Risk
16328,United Kingdom,1,310.83,502,0.94934946,0.050650537,Did Not Buy,Critical Risk
16329,United Kingdom,4,1664.92,367,0.8721074,0.12789263,Did Not Buy,Critical Risk
16330,United Kingdom,6,422.43,51,0.542202,0.45779803,Bought,High Risk
16331,United Kingdom,6,2037.7,371,0.93037474,0.06962528,Did Not Buy,Critical Risk
16332,United Kingdom,9,1662.51,0,0.15406996,0.84593004,Bought,Low Risk
16333,United Kingdom,19,19352.600000000002,5,0.03853786,0.96146214,Bought,Low Risk
16334,United Kingdom,1,263.73,431,0.918842,0.081158,Did Not Buy,Critical Risk
16335,United Kingdom,7,2753.52,491,0.9532528,0.046747215,Did Not Buy,Critical Risk
16336,United Kingdom,4,3517.69,360,0.85729504,0.14270496,Did Not Buy,Critical Risk
16338,United Kingdom,1,214.79999999999998,96,0.66024566,0.3397543,Did Not Buy,High Risk
16339,United Kingdom,1,94.05,223,0.83891445,0.16108556,Did Not Buy,Critical Risk
16340,United Kingdom,3,1496.24,46,0.79387033,0.20612964,Did Not Buy,Critical Risk
16341,United Kingdom,5,3410.81,25,0.18952847,0.81047153,Bought,Low Risk
16342,United Kingdom,4,322.41,14,0.8022022,0.19779779,Did Not Buy,Critical Risk
16343,United Kingdom,1,285.54,346,0.72626895,0.27373105,Bought,High Risk
16344,United Kingdom,4,842.42,97,0.8049766,0.19502345,Did Not Buy,Critical Risk
16345,United Kingdom,1,613.33,422,0.6011958,0.39880416,Bought,High Risk
16346,United Kingdom,1,224.51,324,0.89481664,0.10518336,Did Not Buy,Critical Risk
16347,United Kingdom,9,2595.51,327,0.35099584,0.64900416,Bought,Medium Risk
16348,United Kingdom,6,1340.12,17,0.06329113,0.93670887,Bought,Low Risk
16349,United Kingdom,1,53.5,230,0.89499015,0.10500986,Did Not Buy,Critical Risk
16350,United Kingdom,8,2139.29,4,0.14553142,0.8544686,Bought,Low Risk
16351,United Kingdom,13,3330.0299999999997,272,0.69308615,0.30691382,Did Not Buy,High Risk
16353,United Kingdom,31,7087.76,8,0.018675983,0.981324,Bought,Low Risk
16354,United Kingdom,5,1119.46,2,0.79212093,0.20787908,Did Not Buy,Critical Risk
16355,United Kingdom,1,416.35,314,0.83734244,0.16265756,Did Not Buy,Critical Risk
16356,United Kingdom,6,415.87,137,0.85908705,0.14091295,Did Not Buy,Critical Risk
16357,United Kingdom,3,467.44,101,0.5439591,0.45604092,Bought,High Risk
16358,United Kingdom,4,2486.4900000000002,3,0.37395608,0.6260439,Bought,Medium Risk
16359,United Kingdom,15,2587.02,4,0.14236796,0.85763204,Bought,Low Risk
16360,United Kingdom,3,1448.02,6,0.05569464,0.94430536,Bought,Low Risk
16361,United Kingdom,1,334.94,10,0.30743933,0.6925607,Bought,Medium Risk
16362,United Kingdom,4,572.82,30,0.11497384,0.88502616,Bought,Low Risk
16364,United Kingdom,1,346.3,76,0.79697573,0.20302425,Bought,Critical Risk
16365,United Kingdom,13,2489.48,62,0.16542798,0.834572,Bought,Low Risk
16366,United Kingdom,3,1220.83,521,0.75347435,0.24652565,Bought,Critical Risk
16367,United Kingdom,2,716.9,302,0.35376763,0.64623237,Bought,Medium Risk
16368,United Kingdom,1,141.53,375,0.8227757,0.17722431,Bought,Critical Risk
16369,United Kingdom,6,1952.51,20,0.4091941,0.5908059,Bought,Medium Risk
16370,United Kingdom,4,1301.91,21,0.3564629,0.6435371,Did Not Buy,Medium Risk
16371,United Kingdom,1,157.2,388,0.93125516,0.06874486,Did Not Buy,Critical Risk
16372,United Kingdom,3,934.58,348,0.82724774,0.17275226,Bought,Critical Risk
16373,United Kingdom,2,309.49,321,0.83460593,0.16539408,Did Not Buy,Critical Risk
16374,United Kingdom,5,1709.55,5,0.74161816,0.25838187,Did Not Buy,High Risk
16375,United Kingdom,2,104.0,409,0.9525977,0.047402345,Did Not Buy,Critical Risk
16377,United Kingdom,2,1308.48,206,0.9341396,0.0658604,Did Not Buy,Critical Risk
16378,United Kingdom,3,362.95,186,0.8464285,0.15357146,Did Not Buy,Critical Risk
16379,United Kingdom,1,478.88,18,0.21240437,0.7875956,Bought,Low Risk
16380,United Kingdom,1,1743.1499999999999,0,0.9264071,0.07359287,Did Not Buy,Critical Risk
16381,United Kingdom,2,247.85,335,0.7603092,0.23969078,Did Not Buy,Critical Risk
16382,United Kingdom,2,353.1,347,0.8355254,0.16447459,Did Not Buy,Critical Risk
16383,United Kingdom,7,2887.99,14,0.45159054,0.54840946,Did Not Buy,Medium Risk
16384,United Kingdom,4,1358.95,29,0.7745487,0.22545128,Did Not Buy,Critical Risk
16385,United Kingdom,4,600.3100000000001,97,0.41786277,0.5821372,Bought,Medium Risk
16386,United Kingdom,2,826.69,193,0.68805194,0.31194806,Bought,High Risk
16387,United Kingdom,5,882.46,262,0.6904162,0.30958375,Did Not Buy,High Risk
16388,United Kingdom,1,186.05,593,0.98679245,0.013207557,Did Not Buy,Critical Risk
16389,United Kingdom,3,1078.71,17,0.2981333,0.7018667,Bought,Medium Risk
16390,United Kingdom,3,467.5,476,0.9508185,0.049181502,Did Not Buy,Critical Risk
16391,United Kingdom,4,1048.86,340,0.8824838,0.11751621,Did Not Buy,Critical Risk
16392,United Kingdom,3,755.45,209,0.6840099,0.31599006,Did Not Buy,High Risk
16393,United Kingdom,19,4018.78,33,0.031149745,0.96885026,Bought,Low Risk
16394,United Kingdom,4,1241.86,11,0.59400964,0.40599033,Bought,High Risk
16395,United Kingdom,13,3304.76,18,0.010809183,0.9891908,Bought,Low Risk
16396,United Kingdom,1,137.8,415,0.9779338,0.022066165,Did Not Buy,Critical Risk
16397,United Kingdom,1,123.13,567,0.99126345,0.008736542,Did Not Buy,Critical Risk
16398,United Kingdom,2,1705.8,93,0.54929066,0.45070937,Did Not Buy,High Risk
16399,United Kingdom,2,398.81,174,0.4346953,0.5653047,Bought,Medium Risk
16400,United Kingdom,9,3059.85,34,0.50398624,0.49601373,Did Not Buy,High Risk
16401,United Kingdom,19,5522.79,26,0.025863409,0.9741366,Bought,Low Risk
16402,United Kingdom,2,293.45,204,0.7112224,0.2887776,Did Not Buy,High Risk
16403,United Kingdom,1,177.5,251,0.91461384,0.08538613,Did Not Buy,Critical Risk
16404,United Kingdom,1,443.05,9,0.6231203,0.37687966,Did Not Buy,High Risk
16405,United Kingdom,2,167.25,241,0.87901926,0.120980725,Did Not Buy,Critical Risk
16406,United Kingdom,2,374.01,390,0.2441948,0.7558052,Bought,Low Risk
16407,United Kingdom,13,2429.48,13,0.06809044,0.93190956,Bought,Low Risk
16408,United Kingdom,1,231.93,530,0.9224268,0.07757315,Did Not Buy,Critical Risk
16409,United Kingdom,11,5043.89,26,0.035395026,0.964605,Bought,Low Risk
16410,United Kingdom,1,130.32,673,0.86149293,0.13850708,Did Not Buy,Critical Risk
16411,United Kingdom,3,673.24,308,0.23974639,0.7602536,Bought,Low Risk
16412,United Kingdom,4,457.2,333,0.6033164,0.39668354,Bought,High Risk
16413,United Kingdom,1,259.83,315,0.59432644,0.40567356,Bought,High Risk
16414,United Kingdom,4,475.76,219,0.5944158,0.40558422,Bought,High Risk
16415,United Kingdom,2,496.49,523,0.4467485,0.5532515,Bought,Medium Risk
16416,United Kingdom,6,1906.48,329,0.39091235,0.60908765,Bought,Medium Risk
16417,United Kingdom,1,35.7,432,0.9659742,0.034025777,Did Not Buy,Critical Risk
16418,United Kingdom,4,765.98,32,0.3159312,0.6840688,Bought,Medium Risk
16419,United Kingdom,8,1463.7,52,0.6141516,0.3858484,Did Not Buy,High Risk
16420,United Kingdom,1,75.0,335,0.9005014,0.09949866,Did Not Buy,Critical Risk
16421,United Kingdom,3,526.27,315,0.9136863,0.08631372,Did Not Buy,Critical Risk
16422,United Kingdom,100,57969.76,4,0.018682659,0.98131734,Bought,Low Risk
16424,United Kingdom,2,443.06,130,0.7672456,0.2327544,Did Not Buy,Critical Risk
16425,United Kingdom,1,302.7,241,0.8510861,0.14891392,Did Not Buy,Critical Risk
16426,United Kingdom,4,689.83,32,0.10551399,0.894486,Bought,Low Risk
16427,United Kingdom,2,241.06,202,0.7840093,0.2159907,Did Not Buy,Critical Risk
16428,United Kingdom,3,638.49,353,0.7505224,0.24947764,Did Not Buy,Critical Risk
16429,United Kingdom,1,284.55,45,0.91335636,0.086643636,Did Not Buy,Critical Risk
16430,United Kingdom,5,802.09,320,0.73405576,0.26594427,Bought,High Risk
16431,United Kingdom,3,623.28,152,0.58535624,0.41464376,Did Not Buy,High Risk
16432,United Kingdom,1,287.4,3,0.86687744,0.13312256,Did Not Buy,Critical Risk
16433,United Kingdom,1,200.26,348,0.68815154,0.31184846,Bought,High Risk
16434,United Kingdom,9,2060.73,35,0.5139017,0.4860983,Bought,High Risk
16435,United Kingdom,3,1003.0699999999999,451,0.94846886,0.05153112,Did Not Buy,Critical Risk
16436,United Kingdom,3,319.14,607,0.9831199,0.016880115,Did Not Buy,Critical Risk
16437,United Kingdom,2,301.25,320,0.8372747,0.16272533,Did Not Buy,Critical Risk
16438,United Kingdom,1,204.4,21,0.25296736,0.74703264,Bought,Medium Risk
16439,United Kingdom,1,310.70000000000005,661,0.9907044,0.009295572,Did Not Buy,Critical Risk
16440,United Kingdom,3,921.77,5,0.33401918,0.6659808,Bought,Medium Risk
16441,United Kingdom,5,1013.18,6,0.87093514,0.12906484,Did Not Buy,Critical Risk
16442,United Kingdom,4,715.11,167,0.30411088,0.6958891,Bought,Medium Risk
16443,United Kingdom,1,162.24,460,0.8728851,0.1271149,Did Not Buy,Critical Risk
16444,United Kingdom,16,3512.61,34,0.19747818,0.8025218,Bought,Low Risk
16445,United Kingdom,3,352.65,326,0.577114,0.422886,Bought,High Risk
16446,United Kingdom,1,2.9,145,0.5446218,0.45537814,Bought,High Risk
16447,United Kingdom,3,727.1,75,0.6722495,0.3277505,Did Not Buy,High Risk
16448,United Kingdom,2,361.12,137,0.8534228,0.14657716,Did Not Buy,Critical Risk
16449,United Kingdom,2,707.69,137,0.61912847,0.3808715,Did Not Buy,High Risk
16450,United Kingdom,3,1505.73,89,0.84803027,0.15196975,Did Not Buy,Critical Risk
16451,United Kingdom,3,1013.15,27,0.7936167,0.2063833,Did Not Buy,Critical Risk
16452,United Kingdom,2,332.17,570,0.98004574,0.01995425,Did Not Buy,Critical Risk
16453,United Kingdom,2,251.71,470,0.9299598,0.07004025,Did Not Buy,Critical Risk
16454,United Kingdom,2,7.45,3,0.35304773,0.6469523,Did Not Buy,Medium Risk
16455,United Kingdom,11,3995.57,3,0.6345613,0.36543867,Did Not Buy,High Risk
16456,United Kingdom,13,6000.94,38,0.3721962,0.6278038,Did Not Buy,Medium Risk
16457,United Kingdom,1,208.36,157,0.7787472,0.22125283,Did Not Buy,Critical Risk
16458,United Kingdom,25,4693.21,11,0.093171716,0.9068283,Bought,Low Risk
16459,United Kingdom,1,71.78999999999999,669,0.99020666,0.009793346,Did Not Buy,Critical Risk
16460,United Kingdom,2,508.61,12,0.08777863,0.9122214,Bought,Low Risk
16461,United Kingdom,3,1539.83,117,0.8657081,0.1342919,Did Not Buy,Critical Risk
16462,United Kingdom,3,136.0,13,0.9144121,0.08558792,Did Not Buy,Critical Risk
16463,United Kingdom,1,319.37,143,0.4791425,0.5208575,Bought,Medium Risk
16464,United Kingdom,2,983.33,19,0.14784873,0.8521513,Bought,Low Risk
16465,United Kingdom,2,746.24,360,0.7779687,0.22203128,Did Not Buy,Critical Risk
16466,United Kingdom,13,3170.76,42,0.2203309,0.7796691,Bought,Low Risk
16467,United Kingdom,7,2869.16,448,0.99308175,0.0069182804,Did Not Buy,Critical Risk
16468,United Kingdom,3,787.52,13,0.92455083,0.075449154,Did Not Buy,Critical Risk
16469,United Kingdom,4,625.97,26,0.36086184,0.63913816,Bought,Medium Risk
16470,United Kingdom,10,2203.21,55,0.07744086,0.92255914,Bought,Low Risk
16471,United Kingdom,4,1189.98,214,0.7998947,0.20010531,Did Not Buy,Critical Risk
16472,United Kingdom,2,789.6,373,0.8737073,0.12629269,Did Not Buy,Critical Risk
16473,United Kingdom,4,470.83,104,0.7213082,0.27869183,Did Not Buy,High Risk
16474,United Kingdom,4,998.5400000000001,5,0.079484284,0.9205157,Bought,Low Risk
16475,United Kingdom,4,544.3,27,0.73869085,0.26130915,Did Not Buy,High Risk
16476,United Kingdom,1,350.35,371,0.9195812,0.080418855,Did Not Buy,Critical Risk
16477,United Kingdom,11,4094.37,3,0.6729729,0.32702705,Did Not Buy,High Risk
16478,United Kingdom,2,235.9,4,0.23340309,0.7665969,Bought,Low Risk
16480,United Kingdom,1,769.29,15,0.5334867,0.46651325,Did Not Buy,High Risk
16481,United Kingdom,1,453.38,621,0.98243403,0.017565984,Did Not Buy,Critical Risk
16483,United Kingdom,1,139.35,131,0.8275732,0.17242685,Did Not Buy,Critical Risk
16484,United Kingdom,2,404.3,113,0.6759976,0.3240024,Did Not Buy,High Risk
16485,United Kingdom,5,2287.19,16,0.8575919,0.14240806,Did Not Buy,Critical Risk
16486,United Kingdom,1,134.36,477,0.85083866,0.14916137,Did Not Buy,Critical Risk
16487,United Kingdom,2,209.4,516,0.9427983,0.0572017,Did Not Buy,Critical Risk
16488,United Kingdom,2,354.57,54,0.39742,0.60258,Bought,Medium Risk
16489,United Kingdom,2,303.7,319,0.9441811,0.055818904,Did Not Buy,Critical Risk
16490,United Kingdom,1,205.41000000000003,375,0.88116443,0.11883556,Did Not Buy,Critical Risk
16491,United Kingdom,1,801.66,352,0.61668456,0.38331547,Bought,High Risk
16492,United Kingdom,1,385.56,480,0.9578422,0.042157836,Did Not Buy,Critical Risk
16493,United Kingdom,7,2132.09,19,0.72331536,0.2766846,Did Not Buy,High Risk
16494,United Kingdom,1,826.53,236,0.7125048,0.2874952,Did Not Buy,High Risk
16495,United Kingdom,2,246.51,215,0.7061073,0.29389268,Bought,High Risk
16496,United Kingdom,5,1916.29,147,0.37338758,0.6266124,Bought,Medium Risk
16497,United Kingdom,22,5280.29,142,0.32222098,0.677779,Bought,Medium Risk
16498,United Kingdom,2,100.97,100,0.8294962,0.17050381,Did Not Buy,Critical Risk
16499,United Kingdom,8,2578.34,299,0.59825313,0.40174687,Did Not Buy,High Risk
16500,United Kingdom,4,608.05,270,0.76596546,0.23403455,Bought,Critical Risk
16501,United Kingdom,1,1191.23,322,0.75699174,0.24300826,Did Not Buy,Critical Risk
16502,United Kingdom,2,258.55,559,0.9169496,0.08305034,Did Not Buy,Critical Risk
16503,United Kingdom,11,3614.34,46,0.34992534,0.65007466,Did Not Buy,Medium Risk
16507,United Kingdom,1,142.71,511,0.882223,0.11777698,Did Not Buy,Critical Risk
16508,United Kingdom,1,240.95,569,0.9181658,0.08183423,Did Not Buy,Critical Risk
16509,United Kingdom,1,363.7,236,0.9266725,0.07332747,Did Not Buy,Critical Risk
16510,United Kingdom,6,1757.25,311,0.65621126,0.34378877,Did Not Buy,High Risk
16511,United Kingdom,5,1405.86,84,0.49328345,0.50671655,Bought,Medium Risk
16515,United Kingdom,9,2802.28,31,0.14947116,0.85052884,Bought,Low Risk
16517,United Kingdom,1,162.7,216,0.8956439,0.1043561,Did Not Buy,Critical Risk
16518,United Kingdom,4,959.37,0,0.85354143,0.14645857,Did Not Buy,Critical Risk
16519,United Kingdom,3,327.68,304,0.6363042,0.3636958,Bought,High Risk
16520,United Kingdom,6,2148.38,125,0.55589473,0.44410524,Did Not Buy,High Risk
16521,United Kingdom,3,1136.36,354,0.90646636,0.09353361,Did Not Buy,Critical Risk
16522,United Kingdom,2,433.36,375,0.90803796,0.091962054,Did Not Buy,Critical Risk
16523,United Kingdom,22,9279.27,18,0.037124634,0.96287537,Bought,Low Risk
16524,United Kingdom,2,306.19,385,0.5919932,0.4080068,Did Not Buy,High Risk
16525,United Kingdom,45,22625.0,19,0.005483091,0.9945169,Bought,Low Risk
16526,United Kingdom,2,717.21,111,0.8176478,0.1823522,Did Not Buy,Critical Risk
16527,United Kingdom,2,1232.94,20,0.8962723,0.103727676,Did Not Buy,Critical Risk
16529,United Kingdom,4,1986.8,129,0.68658334,0.31341666,Did Not Buy,High Risk
16530,United Kingdom,1,48.349999999999994,607,0.99356526,0.006434745,Did Not Buy,Critical Risk
16531,United Kingdom,9,1943.17,13,0.14012367,0.85987633,Bought,Low Risk
16532,United Kingdom,4,6524.639999999999,75,0.6561327,0.34386733,Bought,High Risk
16533,United Kingdom,1,364.22,7,0.2219119,0.7780881,Bought,Low Risk
16534,United Kingdom,1,635.9,581,0.9718783,0.028121725,Did Not Buy,Critical Risk
16535,United Kingdom,1,358.28999999999996,324,0.8549123,0.14508773,Bought,Critical Risk
16536,United Kingdom,1,548.12,49,0.45044744,0.54955256,Did Not Buy,Medium Risk
16537,United Kingdom,1,10.55,580,0.99411714,0.00588287,Did Not Buy,Critical Risk
16538,United Kingdom,3,395.07,480,0.91276634,0.08723366,Did Not Buy,Critical Risk
16539,United Kingdom,9,2954.46,159,0.4034444,0.5965556,Bought,Medium Risk
16540,United Kingdom,1,205.75,353,0.79732215,0.20267786,Did Not Buy,Critical Risk
16541,United Kingdom,1,424.03,674,0.9445508,0.055449173,Did Not Buy,Critical Risk
16542,United Kingdom,1,137.7,340,0.7816255,0.21837449,Bought,Critical Risk
16543,United Kingdom,1,292.21,531,0.93800783,0.061992157,Did Not Buy,Critical Risk
16544,United Kingdom,4,376.70000000000005,459,0.9400768,0.0599232,Did Not Buy,Critical Risk
16545,United Kingdom,2,689.82,104,0.7642632,0.23573677,Did Not Buy,Critical Risk
16546,United Kingdom,5,5307.07,230,0.53053796,0.46946204,Did Not Buy,High Risk
16547,United Kingdom,1,104.25999999999999,485,0.96032387,0.03967613,Did Not Buy,Critical Risk
16548,United Kingdom,1,30.15,538,0.9862662,0.013733779,Did Not Buy,Critical Risk
16549,United Kingdom,27,9978.65,28,0.019379735,0.98062027,Bought,Low Risk
16550,United Kingdom,18,8807.68,48,0.39177972,0.6082203,Did Not Buy,Medium Risk
16551,United Kingdom,7,2237.12,35,0.6381116,0.36188838,Did Not Buy,High Risk
16552,United Kingdom,2,379.73,182,0.83303684,0.16696316,Did Not Buy,Critical Risk
16553,United Kingdom,33,16584.01,102,0.5969387,0.40306127,Did Not Buy,High Risk
16554,United Kingdom,7,2318.73,161,0.52107036,0.47892964,Bought,High Risk
16555,United Kingdom,5,1781.77,49,0.39151818,0.6084818,Bought,Medium Risk
16556,United Kingdom,17,8012.58,6,0.64534324,0.35465676,Did Not Buy,High Risk
16557,United Kingdom,1,101.15,76,0.51426697,0.485733,Bought,High Risk
16558,United Kingdom,34,10295.39,2,0.0059440136,0.994056,Bought,Low Risk
16559,United Kingdom,1,175.0,336,0.9054893,0.09451069,Did Not Buy,Critical Risk
16560,United Kingdom,7,2539.15,297,0.30667788,0.6933221,Bought,Medium Risk
16562,United Kingdom,1,223.85999999999999,416,0.9280005,0.0719995,Did Not Buy,Critical Risk
16563,United Kingdom,5,3334.82,339,0.48335832,0.5166417,Bought,Medium Risk
16564,United Kingdom,1,87.8,508,0.97232074,0.027679238,Did Not Buy,Critical Risk
16565,United Kingdom,4,773.05,303,0.8822657,0.11773432,Did Not Buy,Critical Risk
16566,United Kingdom,3,463.88,109,0.52902806,0.47097197,Bought,High Risk
16567,United Kingdom,2,865.6,133,0.70887387,0.2911261,Did Not Buy,High Risk
16568,United Kingdom,2,1020.9000000000001,367,0.9654834,0.03451658,Did Not Buy,Critical Risk
16569,United Kingdom,4,1331.03,570,0.7391845,0.2608155,Bought,High Risk
16570,United Kingdom,16,5829.9800000000005,66,0.11977422,0.8802258,Bought,Low Risk
16571,United Kingdom,9,3723.84,115,0.17289698,0.827103,Bought,Low Risk
16572,United Kingdom,3,1009.6,66,0.5851547,0.4148453,Did Not Buy,High Risk
16573,United Kingdom,2,663.61,24,0.7770306,0.22296944,Did Not Buy,Critical Risk
16574,United Kingdom,3,1301.78,10,0.9423534,0.057646565,Did Not Buy,Critical Risk
16576,United Kingdom,2,540.87,359,0.8052236,0.19477643,Did Not Buy,Critical Risk
16577,United Kingdom,1,380.0,606,0.9828572,0.017142773,Did Not Buy,Critical Risk
16578,United Kingdom,1,156.6,565,0.9651356,0.034864407,Did Not Buy,Critical Risk
16579,United Kingdom,1,295.05,365,0.90176785,0.09823213,Did Not Buy,Critical Risk
16581,United Kingdom,1,105.84,122,0.86277807,0.13722193,Did Not Buy,Critical Risk
16582,United Kingdom,1,313.62,52,0.8399728,0.16002722,Did Not Buy,Critical Risk
16583,United Kingdom,2,297.95,313,0.8568786,0.14312144,Did Not Buy,Critical Risk
16584,United Kingdom,5,3156.17,19,0.7920287,0.20797126,Did Not Buy,Critical Risk
16585,United Kingdom,2,341.59,533,0.96793926,0.032060765,Did Not Buy,Critical Risk
16586,United Kingdom,3,1462.78,188,0.92276454,0.07723546,Did Not Buy,Critical Risk
16587,United Kingdom,1,225.15,171,0.7991148,0.20088518,Did Not Buy,Critical Risk
16588,United Kingdom,4,1361.28,325,0.66211283,0.3378872,Did Not Buy,High Risk
16589,United Kingdom,4,612.36,10,0.5435544,0.45644557,Did Not Buy,High Risk
16590,United Kingdom,2,605.9,340,0.84940374,0.15059623,Did Not Buy,Critical Risk
16591,United Kingdom,1,213.5,8,0.82367617,0.17632383,Did Not Buy,Critical Risk
16592,United Kingdom,22,5908.5599999999995,76,0.07325423,0.9267458,Bought,Low Risk
16593,United Kingdom,7,996.61,129,0.5821772,0.41782278,Bought,High Risk
16594,United Kingdom,1,181.09,14,0.6135261,0.38647392,Did Not Buy,High Risk
16595,United Kingdom,5,1757.75,0,0.8642344,0.13576563,Did Not Buy,Critical Risk
16596,United Kingdom,3,329.48,305,0.6693766,0.3306234,Bought,High Risk
16598,United Kingdom,1,145.04999999999998,225,0.8921296,0.10787038,Did Not Buy,Critical Risk
16599,United Kingdom,1,172.8,325,0.91765326,0.08234674,Did Not Buy,Critical Risk
16600,United Kingdom,10,1693.09,13,0.15507698,0.844923,Bought,Low Risk
16601,United Kingdom,2,434.3,330,0.8959455,0.104054496,Bought,Critical Risk
16602,United Kingdom,1,235.25,328,0.60995376,0.39004624,Bought,High Risk
16603,United Kingdom,2,482.47,14,0.120336235,0.87966377,Did Not Buy,Low Risk
16604,United Kingdom,2,432.45,502,0.89883024,0.10116977,Did Not Buy,Critical Risk
16605,United Kingdom,1,60.48,663,0.9692405,0.030759534,Did Not Buy,Critical Risk
16606,United Kingdom,2,357.66,343,0.8380732,0.16192679,Did Not Buy,Critical Risk
16607,United Kingdom,22,4941.1,12,0.037898958,0.96210104,Bought,Low Risk
16608,United Kingdom,2,1286.6200000000001,393,0.62540036,0.37459964,Did Not Buy,High Risk
16609,United Kingdom,6,4029.82,27,0.18276733,0.81723267,Bought,Low Risk
16610,United Kingdom,1,75.66,158,0.86727774,0.13272229,Did Not Buy,Critical Risk
16611,United Kingdom,6,1785.13,125,0.51537824,0.48462176,Did Not Buy,High Risk
16612,United Kingdom,8,2928.07,58,0.16253752,0.8374625,Bought,Low Risk
16613,United Kingdom,1,618.59,9,0.537223,0.46277702,Did Not Buy,High Risk
16614,United Kingdom,3,1179.79,122,0.8603542,0.13964581,Did Not Buy,Critical Risk
16615,United Kingdom,1,291.5,565,0.96049714,0.039502885,Did Not Buy,Critical Risk
16616,United Kingdom,1,210.10000000000002,96,0.65241784,0.34758216,Bought,High Risk
16617,United Kingdom,1,151.85,175,0.91598433,0.084015675,Did Not Buy,Critical Risk
16618,United Kingdom,4,1441.29,150,0.33323318,0.6667668,Bought,Medium Risk
16619,United Kingdom,4,1938.33,203,0.70693004,0.29307,Did Not Buy,High Risk
16620,United Kingdom,5,1675.73,200,0.58839285,0.41160715,Bought,High Risk
16621,United Kingdom,3,609.41,87,0.32450366,0.67549634,Bought,Medium Risk
16622,United Kingdom,1,225.4,483,0.9764547,0.023545306,Did Not Buy,Critical Risk
16623,United Kingdom,4,1015.24,185,0.84426093,0.15573904,Did Not Buy,Critical Risk
16624,United Kingdom,2,810.5699999999999,20,0.54326135,0.45673865,Did Not Buy,High Risk
16625,United Kingdom,5,1654.03,214,0.7291852,0.27081478,Did Not Buy,High Risk
16626,United Kingdom,10,2852.64,8,0.051815093,0.9481849,Bought,Low Risk
16627,United Kingdom,1,322.8,18,0.5363387,0.46366128,Did Not Buy,High Risk
16628,United Kingdom,6,1749.89,46,0.28918034,0.71081966,Bought,Medium Risk
16629,United Kingdom,2,408.63,13,0.21396774,0.78603226,Did Not Buy,Low Risk
16630,United Kingdom,1,106.80000000000001,346,0.9158435,0.08415653,Did Not Buy,Critical Risk
16631,United Kingdom,7,1892.52,421,0.9425701,0.057429932,Did Not Buy,Critical Risk
16632,United Kingdom,2,406.4,425,0.9630339,0.03696607,Did Not Buy,Critical Risk
16633,United Kingdom,4,1509.0,17,0.16329783,0.83670217,Bought,Low Risk
16634,United Kingdom,6,1649.81,162,0.6776313,0.32236868,Did Not Buy,High Risk
16635,United Kingdom,1,473.0,346,0.7919482,0.20805183,Did Not Buy,Critical Risk
16636,United Kingdom,4,3802.04,377,0.81637084,0.18362917,Did Not Buy,Critical Risk
16637,United Kingdom,3,862.9300000000001,0,0.2537006,0.7462994,Bought,Medium Risk
16638,United Kingdom,14,2250.35,38,0.08648181,0.9135182,Bought,Low Risk
16639,United Kingdom,3,961.62,146,0.35215217,0.64784783,Bought,Medium Risk
16640,United Kingdom,1,179.4,337,0.9140515,0.08594852,Did Not Buy,Critical Risk
16641,United Kingdom,2,554.5,45,0.74300456,0.2569954,Did Not Buy,High Risk
16642,United Kingdom,2,696.85,147,0.3933831,0.6066169,Bought,Medium Risk
16643,United Kingdom,2,923.11,185,0.8117393,0.18826066,Did Not Buy,Critical Risk
16644,United Kingdom,2,833.78,117,0.5679674,0.43203261,Did Not Buy,High Risk
16645,United Kingdom,1,160.39,675,0.94705665,0.05294336,Did Not Buy,Critical Risk
16646,United Kingdom,1,678.8,388,0.879309,0.120690994,Did Not Buy,Critical Risk
16647,United Kingdom,4,541.9,109,0.69058996,0.30941004,Did Not Buy,High Risk
16648,United Kingdom,2,382.14,395,0.7303909,0.26960906,Bought,High Risk
16649,United Kingdom,1,306.58000000000004,459,0.97597337,0.024026647,Did Not Buy,Critical Risk
16650,United Kingdom,7,1916.11,11,0.65032035,0.34967965,Did Not Buy,High Risk
16651,United Kingdom,1,136.2,526,0.9538968,0.0461032,Did Not Buy,Critical Risk
16652,United Kingdom,14,15302.29,49,0.123137,0.876863,Bought,Low Risk
16653,United Kingdom,1,1117.86,10,0.2797432,0.7202568,Bought,Medium Risk
16654,United Kingdom,8,1484.07,80,0.5855379,0.4144621,Did Not Buy,High Risk
16655,United Kingdom,11,5539.94,14,0.15934694,0.84065306,Bought,Low Risk
16656,United Kingdom,27,15677.630000000001,19,0.013191223,0.9868088,Bought,Low Risk
16657,United Kingdom,2,414.79,88,0.27535456,0.72464544,Bought,Medium Risk
16658,United Kingdom,5,680.83,307,0.62537545,0.37462455,Did Not Buy,High Risk
16659,United Kingdom,1,39.12,128,0.8016552,0.19834483,Did Not Buy,Critical Risk
16660,United Kingdom,5,996.26,150,0.5029115,0.4970885,Bought,High Risk
16661,United Kingdom,4,932.76,479,0.9215861,0.078413926,Did Not Buy,Critical Risk
16662,United Kingdom,1,151.05,333,0.91003716,0.089962855,Did Not Buy,Critical Risk
16663,United Kingdom,1,165.0,668,0.8426627,0.15733734,Did Not Buy,Critical Risk
16664,United Kingdom,1,109.2,508,0.9592788,0.04072118,Did Not Buy,Critical Risk
16665,United Kingdom,1,135.39999999999998,301,0.87446934,0.12553066,Did Not Buy,Critical Risk
16666,United Kingdom,1,98.73,560,0.889651,0.11034901,Bought,Critical Risk
16667,United Kingdom,2,567.1800000000001,7,0.74219143,0.2578086,Did Not Buy,High Risk
16668,United Kingdom,12,822.22,56,0.30185062,0.6981494,Bought,Medium Risk
16669,United Kingdom,1,720.94,17,0.2974491,0.7025509,Bought,Medium Risk
16670,United Kingdom,17,7174.22,45,0.17761618,0.8223838,Bought,Low Risk
16671,United Kingdom,1,1382.88,104,0.2937429,0.7062571,Bought,Medium Risk
16672,United Kingdom,18,7327.34,12,0.06414199,0.935858,Bought,Low Risk
16673,United Kingdom,1,171.13,618,0.888836,0.111164,Did Not Buy,Critical Risk
16674,United Kingdom,1,115.1,37,0.60570604,0.39429396,Bought,High Risk
16675,United Kingdom,2,608.86,381,0.76767874,0.23232125,Did Not Buy,Critical Risk
16676,United Kingdom,5,1868.28,152,0.7420237,0.25797632,Bought,High Risk
16677,United Kingdom,2,880.62,350,0.84333026,0.15666974,Did Not Buy,Critical Risk
16678,United Kingdom,8,2137.3,38,0.103801966,0.89619803,Bought,Low Risk
16679,United Kingdom,3,663.31,305,0.8015431,0.19845687,Did Not Buy,Critical Risk
16680,United Kingdom,2,637.75,467,0.68204033,0.31795964,Bought,High Risk
16681,United Kingdom,7,1921.84,12,0.65386426,0.34613577,Did Not Buy,High Risk
16682,United Kingdom,3,810.22,31,0.24241096,0.75758904,Bought,Low Risk
16683,United Kingdom,1,320.25,473,0.9549755,0.04502452,Did Not Buy,Critical Risk
16684,United Kingdom,48,132420.13,5,0.004019499,0.9959805,Bought,Low Risk
16685,United Kingdom,2,324.24,0,0.5219734,0.47802663,Did Not Buy,High Risk
16686,United Kingdom,15,4321.13,37,0.028335512,0.9716645,Bought,Low Risk
16687,United Kingdom,1,157.63,330,0.9092292,0.090770796,Did Not Buy,Critical Risk
16688,United Kingdom,1,183.75,0,0.5435117,0.4564883,Bought,High Risk
16689,United Kingdom,2,422.59999999999997,15,0.813182,0.18681803,Did Not Buy,Critical Risk
16690,United Kingdom,4,353.03,11,0.7471534,0.2528466,Did Not Buy,High Risk
16691,United Kingdom,2,178.83,357,0.8285498,0.17145018,Did Not Buy,Critical Risk
16692,United Kingdom,4,1764.6999999999998,195,0.8474482,0.1525518,Did Not Buy,Critical Risk
16693,United Kingdom,5,1179.48,8,0.85538065,0.14461935,Did Not Buy,Critical Risk
16694,United Kingdom,1,98.30000000000001,662,0.9473392,0.05266082,Did Not Buy,Critical Risk
16695,United Kingdom,2,191.9,501,0.9573402,0.042659808,Did Not Buy,Critical Risk
16696,United Kingdom,4,657.9000000000001,74,0.8003625,0.19963747,Did Not Buy,Critical Risk
16697,United Kingdom,1,112.75,180,0.8775712,0.122428775,Did Not Buy,Critical Risk
16698,United Kingdom,2,1998.0,166,0.8586989,0.14130111,Did Not Buy,Critical Risk
16699,United Kingdom,7,994.6,319,0.810642,0.18935803,Did Not Buy,Critical Risk
16700,United Kingdom,23,8177.84,20,0.030639768,0.96936023,Bought,Low Risk
16701,United Kingdom,23,8568.85,69,0.09141177,0.90858823,Bought,Low Risk
16702,United Kingdom,4,1109.53,354,0.83619,0.16381,Did Not Buy,Critical Risk
16704,United Kingdom,2,664.16,557,0.86575055,0.13424946,Did Not Buy,Critical Risk
16705,United Kingdom,34,39640.83,13,0.0025673509,0.99743265,Bought,Low Risk
16706,United Kingdom,2,411.55,37,0.095018804,0.9049812,Bought,Low Risk
16707,United Kingdom,4,533.41,339,0.655977,0.34402302,Did Not Buy,High Risk
16709,United Kingdom,14,9056.01,24,0.55832624,0.44167376,Did Not Buy,High Risk
16710,United Kingdom,20,5538.14,13,0.013938427,0.9860616,Bought,Low Risk
16711,United Kingdom,7,2127.32,79,0.45320648,0.5467935,Bought,Medium Risk
16712,United Kingdom,10,3111.37,34,0.12181771,0.8781823,Bought,Low Risk
16713,United Kingdom,30,12495.54,6,0.002958119,0.9970419,Bought,Low Risk
16714,United Kingdom,3,1482.33,256,0.8275951,0.1724049,Did Not Buy,Critical Risk
16715,United Kingdom,2,625.52,17,0.85438204,0.14561798,Did Not Buy,Critical Risk
16716,United Kingdom,3,2149.6800000000003,206,0.9175367,0.0824633,Did Not Buy,Critical Risk
16717,United Kingdom,12,4380.26,35,0.29267198,0.707328,Bought,Medium Risk
16718,United Kingdom,5,3006.08,308,0.7160326,0.28396735,Did Not Buy,High Risk
16719,United Kingdom,13,3222.15,14,0.059188247,0.94081175,Bought,Low Risk
16720,United Kingdom,2,413.79,315,0.59708,0.40291998,Bought,High Risk
16721,United Kingdom,1,292.47,201,0.8173121,0.18268786,Did Not Buy,Critical Risk
16722,United Kingdom,20,7429.83,5,0.0036715865,0.9963284,Bought,Low Risk
16723,United Kingdom,4,1231.36,30,0.5383245,0.46167555,Did Not Buy,High Risk
16724,United Kingdom,1,147.35,344,0.78738606,0.21261391,Did Not Buy,Critical Risk
16725,United Kingdom,13,1686.81,241,0.4276079,0.5723921,Did Not Buy,Medium Risk
16726,United Kingdom,6,1482.3,135,0.39562976,0.60437024,Bought,Medium Risk
16727,United Kingdom,4,1377.77,303,0.7488295,0.2511705,Did Not Buy,High Risk
16728,United Kingdom,3,548.31,106,0.42907083,0.57092917,Bought,Medium Risk
16729,United Kingdom,19,6148.73,10,0.0142835975,0.9857164,Bought,Low Risk
16730,United Kingdom,2,480.94,174,0.30145884,0.69854116,Bought,Medium Risk
16731,United Kingdom,1,170.3,587,0.93719846,0.06280154,Did Not Buy,Critical Risk
16732,United Kingdom,3,3783.89,342,0.72429395,0.27570608,Bought,High Risk
16733,United Kingdom,1,259.68,469,0.9417299,0.058270097,Did Not Buy,Critical Risk
16734,United Kingdom,2,302.40999999999997,53,0.21768844,0.78231156,Bought,Low Risk
16735,United Kingdom,14,6217.41,18,0.6901368,0.30986324,Did Not Buy,High Risk
16736,United Kingdom,5,2956.56,445,0.9468297,0.05317033,Did Not Buy,Critical Risk
16737,United Kingdom,1,417.59999999999997,517,0.6557526,0.3442474,Bought,High Risk
16738,United Kingdom,1,3.75,237,0.9409392,0.059060823,Did Not Buy,Critical Risk
16739,United Kingdom,2,786.43,116,0.5934557,0.40654433,Did Not Buy,High Risk
16740,United Kingdom,1,226.91,334,0.76409733,0.23590268,Did Not Buy,Critical Risk
16741,United Kingdom,1,173.06,564,0.9898195,0.010180473,Did Not Buy,Critical Risk
16742,United Kingdom,13,2334.97,432,0.97003156,0.029968431,Did Not Buy,Critical Risk
16743,United Kingdom,13,3859.92,52,0.062332273,0.9376677,Bought,Low Risk
16744,United Kingdom,4,620.18,15,0.14669287,0.8533071,Bought,Low Risk
16745,United Kingdom,17,7180.7,26,0.017770052,0.98222995,Did Not Buy,Low Risk
16746,United Kingdom,38,16669.24,14,0.0018872023,0.9981128,Bought,Low Risk
16747,United Kingdom,1,480.2,7,0.36065203,0.639348,Bought,Medium Risk
16748,United Kingdom,12,3031.63,157,0.23029262,0.7697074,Bought,Low Risk
16749,United Kingdom,2,4157.88,530,0.97255135,0.027448673,Did Not Buy,Critical Risk
16750,United Kingdom,4,509.19,12,0.1725058,0.8274942,Bought,Low Risk
16752,United Kingdom,1,207.5,312,0.8182428,0.18175724,Did Not Buy,Critical Risk
16754,United Kingdom,29,65500.07,311,0.9170823,0.08291771,Did Not Buy,Critical Risk
16755,United Kingdom,7,2864.68,53,0.44927603,0.55072397,Did Not Buy,Medium Risk
16756,United Kingdom,7,1312.3700000000001,154,0.52611285,0.47388715,Did Not Buy,High Risk
16757,United Kingdom,2,270.48,258,0.7620081,0.23799193,Did Not Buy,Critical Risk
16758,United Kingdom,1,369.34000000000003,4,0.6521027,0.34789726,Did Not Buy,High Risk
16760,United Kingdom,1,228.0,369,0.8658446,0.13415542,Did Not Buy,Critical Risk
16761,United Kingdom,1,316.62,36,0.6531323,0.34686768,Did Not Buy,High Risk
16762,United Kingdom,1,314.15000000000003,83,0.60906154,0.39093846,Bought,High Risk
16763,United Kingdom,2,964.6999999999999,138,0.7828938,0.21710624,Did Not Buy,Critical Risk
16764,United Kingdom,7,1321.93,3,0.087786555,0.91221344,Bought,Low Risk
16765,United Kingdom,2,454.75,233,0.81254727,0.18745273,Did Not Buy,Critical Risk
16766,United Kingdom,2,1145.6,212,0.8773917,0.12260832,Did Not Buy,Critical Risk
16767,United Kingdom,11,7297.31,33,0.014331579,0.9856684,Bought,Low Risk
16768,United Kingdom,8,1506.97,43,0.2688787,0.7311213,Bought,Medium Risk
16769,United Kingdom,4,1117.05,199,0.7809471,0.21905294,Did Not Buy,Critical Risk
16770,United Kingdom,8,1671.21,176,0.31768107,0.6823189,Bought,Medium Risk
16771,United Kingdom,9,3776.8,14,0.4088663,0.5911337,Bought,Medium Risk
16772,United Kingdom,3,3698.0499999999997,362,0.8653644,0.13463564,Did Not Buy,Critical Risk
16773,United Kingdom,2,249.65,375,0.6008983,0.39910167,Bought,High Risk
16774,United Kingdom,8,1567.48,7,0.80125964,0.19874038,Did Not Buy,Critical Risk
16775,United Kingdom,14,2487.41,11,0.1014905,0.8985095,Bought,Low Risk
16776,United Kingdom,1,220.97,355,0.6395526,0.36044738,Bought,High Risk
16777,United Kingdom,5,1292.18,19,0.758593,0.24140696,Did Not Buy,Critical Risk
16778,United Kingdom,2,245.94,13,0.7753884,0.2246116,Did Not Buy,Critical Risk
16779,United Kingdom,47,29465.59,10,0.007894993,0.992105,Bought,Low Risk
16780,United Kingdom,3,596.4,39,0.75524986,0.24475016,Did Not Buy,Critical Risk
16781,United Kingdom,2,623.0,311,0.8730081,0.12699193,Did Not Buy,Critical Risk
16782,United Kingdom,35,9160.52,17,0.05501938,0.9449806,Bought,Low Risk
16783,United Kingdom,1,391.95,376,0.9008376,0.09916238,Did Not Buy,Critical Risk
16784,United Kingdom,4,784.73,316,0.602128,0.39787194,Bought,High Risk
16785,United Kingdom,1,533.78,349,0.75616086,0.24383911,Did Not Buy,Critical Risk
16786,United Kingdom,1,51.839999999999996,333,0.97193605,0.02806394,Did Not Buy,Critical Risk
16787,United Kingdom,4,1017.53,337,0.6943642,0.3056358,Did Not Buy,High Risk
16788,United Kingdom,5,1927.28,62,0.6964272,0.30357277,Did Not Buy,High Risk
16791,United Kingdom,13,3030.97,61,0.070681274,0.9293187,Bought,Low Risk
16792,United Kingdom,5,623.46,221,0.6392163,0.3607837,Did Not Buy,High Risk
16794,United Kingdom,10,1550.75,28,0.072802424,0.9271976,Bought,Low Risk
16795,United Kingdom,3,2062.41,304,0.8560079,0.14399214,Did Not Buy,Critical Risk
16796,United Kingdom,1,305.62,28,0.5352895,0.46471044,Did Not Buy,High Risk
16797,United Kingdom,5,1802.02,332,0.80035096,0.19964902,Did Not Buy,Critical Risk
16798,United Kingdom,3,841.16,493,0.8195869,0.1804131,Did Not Buy,Critical Risk
16799,United Kingdom,2,452.78000000000003,371,0.8312112,0.1687888,Did Not Buy,Critical Risk
16801,United Kingdom,4,1594.23,102,0.74082875,0.25917122,Did Not Buy,High Risk
16802,United Kingdom,2,582.61,618,0.928134,0.07186599,Did Not Buy,Critical Risk
16803,United Kingdom,1,332.3,4,0.5863575,0.41364256,Did Not Buy,High Risk
16804,United Kingdom,1,118.05,209,0.623065,0.37693498,Bought,High Risk
16805,United Kingdom,4,1076.34,113,0.80633575,0.19366427,Did Not Buy,Critical Risk
16806,United Kingdom,4,736.21,42,0.42421812,0.5757819,Did Not Buy,Medium Risk
16807,United Kingdom,6,2123.88,82,0.5538407,0.4461593,Did Not Buy,High Risk
16808,United Kingdom,2,288.42,38,0.7048573,0.2951427,Did Not Buy,High Risk
16809,United Kingdom,8,1433.11,1,0.24937004,0.75062996,Bought,Low Risk
16810,United Kingdom,2,842.0400000000001,131,0.7822851,0.21771492,Did Not Buy,Critical Risk
16812,United Kingdom,4,2392.0,300,0.7415011,0.25849894,Did Not Buy,High Risk
16813,United Kingdom,8,1259.09,17,0.035198867,0.96480113,Bought,Low Risk
16814,United Kingdom,33,11302.56,3,0.02007544,0.97992456,Bought,Low Risk
16815,United Kingdom,2,406.02,393,0.7373026,0.2626974,Did Not Buy,High Risk
16816,United Kingdom,4,417.06,42,0.8035157,0.19648434,Did Not Buy,Critical Risk
16817,United Kingdom,11,2135.38,125,0.2219544,0.7780456,Bought,Low Risk
16818,United Kingdom,10,3221.81,10,0.085033596,0.9149664,Bought,Low Risk
16819,United Kingdom,2,182.59,404,0.94868344,0.051316556,Did Not Buy,Critical Risk
16820,United Kingdom,1,497.61,35,0.4204923,0.5795077,Did Not Buy,Medium Risk
16821,United Kingdom,1,113.35,321,0.91593343,0.084066585,Did Not Buy,Critical Risk
16822,United Kingdom,1,181.39,625,0.95312846,0.046871524,Did Not Buy,Critical Risk
16823,United Kingdom,7,2243.09,166,0.63502693,0.36497307,Did Not Buy,High Risk
16824,United Kingdom,2,448.5,103,0.5211425,0.4788575,Bought,High Risk
16825,United Kingdom,4,1370.41,125,0.5659776,0.4340224,Bought,High Risk
16827,United Kingdom,5,387.18,332,0.9027277,0.09727226,Did Not Buy,Critical Risk
16828,United Kingdom,1,113.5,51,0.7678465,0.23215349,Did Not Buy,Critical Risk
16829,United Kingdom,2,513.32,96,0.8114314,0.18856858,Did Not Buy,Critical Risk
16830,United Kingdom,3,881.59,382,0.49233288,0.5076671,Bought,Medium Risk
16831,United Kingdom,1,91.8,504,0.9744328,0.025567144,Did Not Buy,Critical Risk
16832,United Kingdom,5,417.61,123,0.8131818,0.18681817,Did Not Buy,Critical Risk
16833,United Kingdom,5,1973.8,199,0.63107777,0.36892226,Bought,High Risk
16834,United Kingdom,2,898.96,167,0.83167857,0.16832145,Did Not Buy,Critical Risk
16835,United Kingdom,6,1456.66,67,0.68442315,0.31557685,Did Not Buy,High Risk
16836,United Kingdom,3,621.82,56,0.67832613,0.32167387,Bought,High Risk
16837,United Kingdom,9,1911.74,97,0.29738247,0.7026175,Bought,Medium Risk
16838,United Kingdom,4,1159.61,136,0.8474814,0.15251859,Did Not Buy,Critical Risk
16839,United Kingdom,36,18144.56,3,0.013622522,0.9863775,Bought,Low Risk
16840,United Kingdom,2,139.85,542,0.9596462,0.040353756,Did Not Buy,Critical Risk
16841,United Kingdom,11,3697.3,76,0.13581848,0.8641815,Bought,Low Risk
16842,United Kingdom,3,1264.19,40,0.577436,0.42256406,Did Not Buy,High Risk
16843,United Kingdom,34,19193.78,4,0.0029631853,0.9970368,Bought,Low Risk
16844,United Kingdom,2,614.34,502,0.8121153,0.1878847,Did Not Buy,Critical Risk
16845,United Kingdom,1,253.88,557,0.92010754,0.07989248,Did Not Buy,Critical Risk
16846,United Kingdom,2,628.09,516,0.57789505,0.42210495,Bought,High Risk
16847,United Kingdom,1,421.45000000000005,557,0.75911593,0.24088405,Bought,Critical Risk
16848,United Kingdom,3,1130.2,316,0.6359302,0.36406985,Bought,High Risk
16849,United Kingdom,1,124.57,126,0.7799351,0.22006485,Did Not Buy,Critical Risk
16850,United Kingdom,1,332.41,273,0.9033292,0.09667083,Did Not Buy,Critical Risk
16852,United Kingdom,1,113.06,115,0.7249583,0.27504167,Bought,High Risk
16854,United Kingdom,2,1408.96,356,0.84838784,0.15161213,Did Not Buy,Critical Risk
16856,United Kingdom,2,323.09000000000003,357,0.7968292,0.20317079,Bought,Critical Risk
16857,United Kingdom,1,352.8,382,0.9322269,0.06777313,Did Not Buy,Critical Risk
16858,United Kingdom,10,4292.59,308,0.6663636,0.3336364,Did Not Buy,High Risk
16859,United Kingdom,7,1932.41,84,0.6796334,0.3203666,Did Not Buy,High Risk
16860,United Kingdom,3,1610.62,392,0.8652724,0.13472757,Did Not Buy,Critical Risk
16861,United Kingdom,4,843.63,97,0.6510346,0.3489654,Bought,High Risk
16862,United Kingdom,4,662.33,486,0.830216,0.169784,Did Not Buy,Critical Risk
16863,United Kingdom,2,495.72,306,0.63180506,0.3681949,Bought,High Risk
16864,United Kingdom,2,409.25,373,0.8636873,0.13631275,Did Not Buy,Critical Risk
16865,United Kingdom,1,130.95,341,0.8376168,0.16238323,Did Not Buy,Critical Risk
16866,United Kingdom,3,207.73999999999998,80,0.7764001,0.22359991,Did Not Buy,Critical Risk
16867,United Kingdom,1,76.74000000000001,629,0.9890555,0.010944459,Did Not Buy,Critical Risk
16868,United Kingdom,3,384.56,333,0.8145876,0.18541242,Did Not Buy,Critical Risk
16869,United Kingdom,2,387.68,105,0.3307733,0.6692267,Bought,Medium Risk
16870,United Kingdom,1,450.15999999999997,408,0.93779224,0.062207773,Did Not Buy,Critical Risk
16871,United Kingdom,5,2367.26,28,0.14369422,0.8563058,Bought,Low Risk
16872,United Kingdom,6,1213.13,16,0.76555294,0.23444705,Did Not Buy,Critical Risk
16873,United Kingdom,11,12762.56,1,0.050176978,0.949823,Bought,Low Risk
16874,United Kingdom,1,209.89000000000001,318,0.71511716,0.28488284,Did Not Buy,High Risk
16875,United Kingdom,11,4234.53,6,0.83315337,0.16684666,Did Not Buy,Critical Risk
16876,United Kingdom,1,136.01,343,0.87221533,0.12778465,Did Not Buy,Critical Risk
16877,United Kingdom,2,188.98,91,0.49015087,0.50984913,Bought,Medium Risk
16878,United Kingdom,1,13.3,23,0.7699476,0.23005243,Did Not Buy,Critical Risk
16880,United Kingdom,7,1414.9,39,0.19911951,0.8008805,Bought,Low Risk
16881,United Kingdom,1,432.0,6,0.8436703,0.15632968,Did Not Buy,Critical Risk
16882,United Kingdom,3,705.12,6,0.59787697,0.40212303,Did Not Buy,High Risk
16883,United Kingdom,19,2246.06,126,0.640985,0.359015,Did Not Buy,High Risk
16884,United Kingdom,2,641.13,496,0.5784035,0.42159656,Bought,High Risk
16885,United Kingdom,2,410.89,296,0.6134063,0.38659367,Bought,High Risk
16886,United Kingdom,1,134.0,395,0.92330253,0.07669745,Did Not Buy,Critical Risk
16887,United Kingdom,2,465.84000000000003,340,0.26706052,0.7329395,Bought,Medium Risk
16888,United Kingdom,3,434.2,340,0.84511787,0.15488215,Did Not Buy,Critical Risk
16889,United Kingdom,6,2526.65,134,0.5375244,0.4624756,Did Not Buy,High Risk
16890,United Kingdom,3,277.91,416,0.9657969,0.034203112,Did Not Buy,Critical Risk
16891,United Kingdom,9,1501.3,35,0.18103409,0.8189659,Bought,Low Risk
16892,United Kingdom,3,339.54,123,0.746285,0.25371498,Bought,High Risk
16893,United Kingdom,2,249.47,306,0.715395,0.28460506,Did Not Buy,High Risk
16894,United Kingdom,3,1306.96,441,0.96093583,0.03906414,Did Not Buy,Critical Risk
16895,United Kingdom,5,1102.9,4,0.9433051,0.0566949,Did Not Buy,Critical Risk
16896,United Kingdom,1,103.95,494,0.94804627,0.051953726,Did Not Buy,Critical Risk
16897,United Kingdom,2,289.78,238,0.85872597,0.14127402,Did Not Buy,Critical Risk
16898,United Kingdom,4,697.95,116,0.6419901,0.35800987,Bought,High Risk
16899,United Kingdom,6,1012.44,29,0.20699745,0.79300255,Bought,Low Risk
16900,United Kingdom,1,752.6800000000001,2,0.4290449,0.5709551,Bought,Medium Risk
16901,United Kingdom,1,204.26,668,0.9885647,0.01143528,Did Not Buy,Critical Risk
16902,United Kingdom,1,1706.88,55,0.3810408,0.6189592,Did Not Buy,Medium Risk
16903,United Kingdom,2,678.55,319,0.381971,0.618029,Bought,Medium Risk
16904,United Kingdom,18,3951.36,48,0.06880456,0.93119544,Bought,Low Risk
16905,United Kingdom,13,2488.85,176,0.37082213,0.62917787,Bought,Medium Risk
16906,United Kingdom,7,1410.07,21,0.6277141,0.3722859,Did Not Buy,High Risk
16907,United Kingdom,8,1201.1200000000001,87,0.27478355,0.72521645,Bought,Medium Risk
16908,United Kingdom,1,252.59,661,0.98139477,0.018605256,Did Not Buy,Critical Risk
16909,United Kingdom,1,379.14,11,0.65665686,0.3433431,Did Not Buy,High Risk
16910,United Kingdom,5,890.9,2,0.09838313,0.9016169,Bought,Low Risk
16911,United Kingdom,2,255.25,575,0.9581486,0.041851427,Did Not Buy,Critical Risk
16912,United Kingdom,14,4304.08,7,0.009502351,0.99049765,Bought,Low Risk
16913,United Kingdom,3,423.90999999999997,229,0.90717,0.09282999,Did Not Buy,Critical Risk
16915,United Kingdom,9,1303.89,66,0.36005163,0.63994837,Bought,Medium Risk
16916,United Kingdom,3,530.14,311,0.28958386,0.71041614,Bought,Medium Risk
16917,United Kingdom,2,1851.88,216,0.9455702,0.054429844,Did Not Buy,Critical Risk
16918,United Kingdom,15,3168.7400000000002,2,0.02804333,0.9719567,Bought,Low Risk
16919,United Kingdom,24,4909.66,95,0.7129419,0.28705812,Did Not Buy,High Risk
16920,United Kingdom,1,355.45,350,0.9264174,0.07358258,Did Not Buy,Critical Risk
16921,United Kingdom,3,409.21,0,0.899275,0.10072497,Did Not Buy,Critical Risk
16922,United Kingdom,1,611.08,512,0.6038543,0.39614567,Did Not Buy,High Risk
16923,United Kingdom,28,11501.6,8,0.022868335,0.97713166,Bought,Low Risk
16924,United Kingdom,2,523.65,4,0.08094108,0.9190589,Bought,Low Risk
16925,United Kingdom,1,125.65,479,0.9615595,0.038440514,Did Not Buy,Critical Risk
16926,United Kingdom,5,1169.6100000000001,310,0.80439454,0.19560547,Did Not Buy,Critical Risk
16927,United Kingdom,3,543.05,55,0.8378541,0.16214591,Did Not Buy,Critical Risk
16928,United Kingdom,26,3798.08,19,0.6473565,0.35264346,Did Not Buy,High Risk
16929,United Kingdom,3,539.72,11,0.32678807,0.67321193,Bought,Medium Risk
16930,United Kingdom,2,205.45000000000002,7,0.31214112,0.6878589,Bought,Medium Risk
16931,United Kingdom,19,3827.92,0,0.013320267,0.98667973,Bought,Low Risk
16932,United Kingdom,2,262.32,362,0.6735716,0.3264284,Bought,High Risk
16933,United Kingdom,8,2760.8,178,0.554251,0.44574898,Bought,High Risk
16934,United Kingdom,4,1152.1100000000001,323,0.7152394,0.2847606,Bought,High Risk
16935,United Kingdom,3,530.86,321,0.65075827,0.34924176,Did Not Buy,High Risk
16936,United Kingdom,1,286.39,325,0.73093843,0.26906154,Bought,High Risk
16937,United Kingdom,1,196.25,438,0.9253235,0.0746765,Did Not Buy,Critical Risk
16938,United Kingdom,8,6669.7300000000005,119,0.12957561,0.8704244,Bought,Low Risk
16939,United Kingdom,3,433.85,428,0.946221,0.053779013,Did Not Buy,Critical Risk
16940,United Kingdom,7,5246.14,108,0.18032646,0.81967354,Bought,Low Risk
16941,United Kingdom,1,33.0,551,0.9796556,0.020344352,Did Not Buy,Critical Risk
16942,United Kingdom,7,1439.44,75,0.20828855,0.79171145,Bought,Low Risk
16943,United Kingdom,3,816.73,151,0.6887475,0.31125247,Did Not Buy,High Risk
16944,United Kingdom,1,101.36,549,0.95595855,0.04404145,Did Not Buy,Critical Risk
16945,United Kingdom,28,7495.2,24,0.08505374,0.91494626,Bought,Low Risk
16946,United Kingdom,5,1222.04,322,0.71644324,0.28355676,Did Not Buy,High Risk
16947,United Kingdom,4,946.71,175,0.93056124,0.06943873,Did Not Buy,Critical Risk
16948,United Kingdom,7,868.77,78,0.69065464,0.3093454,Did Not Buy,High Risk
16949,United Kingdom,4,893.75,125,0.58723545,0.41276455,Bought,High Risk
16950,United Kingdom,9,3133.62,63,0.1869331,0.8130669,Bought,Low Risk
16951,United Kingdom,3,1277.75,74,0.61039174,0.3896083,Did Not Buy,High Risk
16952,United Kingdom,5,795.83,48,0.798449,0.20155102,Did Not Buy,Critical Risk
16954,United Kingdom,15,5242.18,64,0.13788229,0.8621177,Bought,Low Risk
16955,United Kingdom,6,1120.31,124,0.60438764,0.39561233,Did Not Buy,High Risk
16957,United Kingdom,2,416.64,178,0.8900989,0.10990109,Did Not Buy,Critical Risk
16958,United Kingdom,1,778.49,374,0.8140483,0.18595168,Did Not Buy,Critical Risk
16959,United Kingdom,1,117.35000000000001,26,0.70885277,0.29114723,Did Not Buy,High Risk
16960,United Kingdom,7,1839.97,0,0.37194645,0.62805355,Bought,Medium Risk
16961,United Kingdom,3,794.56,55,0.8268231,0.17317685,Did Not Buy,Critical Risk
16962,United Kingdom,1,251.04,349,0.7590717,0.24092828,Did Not Buy,Critical Risk
16963,United Kingdom,1,110.55000000000001,126,0.75396293,0.24603707,Did Not Buy,Critical Risk
16964,United Kingdom,2,207.85,672,0.97993183,0.020068163,Did Not Buy,Critical Risk
16965,United Kingdom,1,192.07,166,0.89639455,0.10360546,Did Not Buy,Critical Risk
16966,United Kingdom,4,1486.56,109,0.3020025,0.6979975,Bought,Medium Risk
16967,United Kingdom,1,319.02,128,0.80121696,0.19878303,Did Not Buy,Critical Risk
16968,United Kingdom,1,253.31,47,0.36190796,0.63809204,Bought,Medium Risk
16969,United Kingdom,2,478.96000000000004,73,0.22520107,0.7747989,Bought,Low Risk
16970,United Kingdom,1,71.4,565,0.9580356,0.04196443,Did Not Buy,Critical Risk
16972,United Kingdom,2,749.0,322,0.75563824,0.24436173,Did Not Buy,Critical Risk
16973,United Kingdom,1,127.0,325,0.9156791,0.08432093,Did Not Buy,Critical Risk
16974,United Kingdom,2,365.5,462,0.9357815,0.06421853,Did Not Buy,Critical Risk
16975,United Kingdom,3,926.12,362,0.8897611,0.11023891,Did Not Buy,Critical Risk
16976,United Kingdom,1,251.51999999999998,206,0.8029515,0.19704847,Did Not Buy,Critical Risk
16977,United Kingdom,4,496.0,334,0.8662962,0.13370386,Did Not Buy,Critical Risk
16978,United Kingdom,3,768.88,17,0.82860917,0.17139085,Did Not Buy,Critical Risk
16979,United Kingdom,5,1563.39,87,0.42456788,0.5754321,Bought,Medium Risk
16980,United Kingdom,3,1422.8300000000002,194,0.73575485,0.26424515,Did Not Buy,High Risk
16982,United Kingdom,1,384.06,0,0.60285616,0.3971438,Did Not Buy,High Risk
16983,United Kingdom,9,2770.0099999999998,36,0.16032892,0.8396711,Bought,Low Risk
16984,United Kingdom,9,10350.53,27,0.49428576,0.50571424,Did Not Buy,Medium Risk
16985,United Kingdom,21,9539.48,27,0.10940677,0.89059323,Bought,Low Risk
16986,United Kingdom,9,3015.55,384,0.84778714,0.15221284,Bought,Critical Risk
16987,United Kingdom,7,1512.1,109,0.3870775,0.6129225,Bought,Medium Risk
16988,United Kingdom,1,256.55,319,0.86823976,0.13176027,Bought,Critical Risk
16989,United Kingdom,4,1027.65,2,0.495727,0.504273,Bought,Medium Risk
16990,United Kingdom,2,344.0,158,0.93468547,0.06531452,Did Not Buy,Critical Risk
16991,United Kingdom,1,1041.21,360,0.84936124,0.15063877,Did Not Buy,Critical Risk
16992,United Kingdom,11,4834.54,38,0.24526799,0.754732,Bought,Low Risk
16993,United Kingdom,2,1950.9499999999998,403,0.9766021,0.023397947,Did Not Buy,Critical Risk
16996,United Kingdom,8,1708.43,60,0.34061652,0.6593835,Bought,Medium Risk
16997,United Kingdom,3,702.0,227,0.752752,0.247248,Did Not Buy,Critical Risk
16998,United Kingdom,5,402.0,89,0.8531315,0.14686851,Did Not Buy,Critical Risk
16999,United Kingdom,1,245.83,13,0.43909222,0.5609078,Bought,Medium Risk
17000,United Kingdom,2,406.3,335,0.8710543,0.12894574,Did Not Buy,Critical Risk
17001,United Kingdom,16,5444.72,31,0.08608854,0.91391146,Bought,Low Risk
17002,United Kingdom,7,2571.55,25,0.6158898,0.38411024,Did Not Buy,High Risk
17003,United Kingdom,4,828.21,341,0.8043838,0.19561617,Did Not Buy,Critical Risk
17004,United Kingdom,3,1917.82,32,0.55937934,0.44062063,Bought,High Risk
17005,United Kingdom,2,622.36,410,0.92438674,0.07561328,Did Not Buy,Critical Risk
17006,United Kingdom,5,1134.25,15,0.67564726,0.32435274,Bought,High Risk
17007,United Kingdom,6,805.61,94,0.5043694,0.49563062,Bought,High Risk
17008,United Kingdom,1,81.36,368,0.97117114,0.028828884,Did Not Buy,Critical Risk
17009,United Kingdom,1,242.06,490,0.9342905,0.0657095,Did Not Buy,Critical Risk
17011,United Kingdom,2,400.8,586,0.7159174,0.2840826,Bought,High Risk
17012,United Kingdom,1,360.61,664,0.9614931,0.0385069,Did Not Buy,Critical Risk
17014,United Kingdom,1,188.05,6,0.4805199,0.5194801,Bought,Medium Risk
17015,United Kingdom,2,1566.03,10,0.19566834,0.80433166,Bought,Low Risk
17016,United Kingdom,1,552.4,516,0.55129373,0.44870624,Did Not Buy,High Risk
17017,United Kingdom,24,10129.05,12,0.004869342,0.99513066,Bought,Low Risk
17018,United Kingdom,5,1772.6,265,0.5464779,0.45352212,Bought,High Risk
17019,United Kingdom,10,3324.84,201,0.10971576,0.89028424,Bought,Low Risk
17020,United Kingdom,2,935.62,481,0.9333722,0.06662782,Did Not Buy,Critical Risk
17021,United Kingdom,6,1182.22,381,0.9126018,0.08739814,Did Not Buy,Critical Risk
17022,United Kingdom,1,189.0,372,0.8777978,0.12220224,Bought,Critical Risk
17023,United Kingdom,3,800.18,356,0.7386241,0.2613759,Did Not Buy,High Risk
17024,United Kingdom,2,56.25,38,0.4437657,0.5562343,Bought,Medium Risk
17025,United Kingdom,5,1349.67,0,0.8820547,0.11794528,Did Not Buy,Critical Risk
17026,United Kingdom,3,175.82999999999998,124,0.84933156,0.15066844,Did Not Buy,Critical Risk
17027,United Kingdom,9,1310.63,18,0.77602184,0.22397813,Did Not Buy,Critical Risk
17028,United Kingdom,3,1593.83,520,0.8867502,0.11324975,Did Not Buy,Critical Risk
17029,United Kingdom,7,2137.3,50,0.82093585,0.17906418,Did Not Buy,Critical Risk
17030,United Kingdom,1,146.87,3,0.83573014,0.16426985,Did Not Buy,Critical Risk
17031,United Kingdom,5,2619.45,94,0.4522584,0.5477416,Bought,Medium Risk
17032,United Kingdom,5,2896.69,542,0.95609605,0.043903954,Did Not Buy,Critical Risk
17033,United Kingdom,4,1332.79,25,0.71403134,0.2859687,Did Not Buy,High Risk
17034,United Kingdom,4,895.78,19,0.6841166,0.31588343,Bought,High Risk
17035,United Kingdom,4,613.59,185,0.6955416,0.30445835,Did Not Buy,High Risk
17036,United Kingdom,1,176.9,322,0.92339325,0.07660677,Did Not Buy,Critical Risk
17037,United Kingdom,1,1267.32,27,0.16565126,0.83434874,Did Not Buy,Low Risk
17038,United Kingdom,1,630.77,354,0.63008726,0.3699127,Bought,High Risk
17039,United Kingdom,1,1954.99,543,0.93925935,0.06074067,Did Not Buy,Critical Risk
17040,United Kingdom,2,463.25,77,0.5803553,0.41964474,Did Not Buy,High Risk
17041,United Kingdom,5,1334.6,48,0.63685596,0.36314404,Bought,High Risk
17042,United Kingdom,4,915.02,60,0.1720987,0.8279013,Bought,Low Risk
17043,United Kingdom,6,1183.44,117,0.5384563,0.46154368,Bought,High Risk
17044,United Kingdom,11,11013.82,314,0.41905475,0.58094525,Bought,Medium Risk
17045,United Kingdom,5,827.6800000000001,52,0.66624284,0.3337572,Did Not Buy,High Risk
17046,United Kingdom,5,1906.07,96,0.55800176,0.4419982,Did Not Buy,High Risk
17047,United Kingdom,6,2289.23,24,0.34501332,0.6549867,Did Not Buy,Medium Risk
17048,United Kingdom,7,2071.68,57,0.4891361,0.5108639,Did Not Buy,Medium Risk
17049,United Kingdom,16,7529.34,23,0.075573266,0.92442673,Bought,Low Risk
17050,United Kingdom,10,4348.46,35,0.54582256,0.45417744,Did Not Buy,High Risk
17051,United Kingdom,4,706.49,133,0.68677783,0.31322214,Did Not Buy,High Risk
17053,United Kingdom,1,498.48,70,0.65084016,0.34915987,Did Not Buy,High Risk
17054,United Kingdom,4,1207.32,77,0.2554164,0.7445836,Bought,Medium Risk
17055,United Kingdom,1,232.85,385,0.909708,0.09029196,Did Not Buy,Critical Risk
17056,United Kingdom,1,128.60000000000002,677,0.9829282,0.017071774,Did Not Buy,Critical Risk
17057,United Kingdom,1,288.79,535,0.9431385,0.056861512,Did Not Buy,Critical Risk
17058,United Kingdom,3,1179.89,21,0.53832346,0.46167654,Did Not Buy,High Risk
17059,United Kingdom,8,4021.28,49,0.16214043,0.8378596,Bought,Low Risk
17060,United Kingdom,1,234.24,205,0.82145965,0.17854036,Did Not Buy,Critical Risk
17061,United Kingdom,11,5232.2300000000005,13,0.797228,0.20277202,Did Not Buy,Critical Risk
17062,United Kingdom,6,884.71,253,0.69784284,0.3021572,Did Not Buy,High Risk
17063,United Kingdom,10,2849.26,102,0.08508247,0.9149175,Bought,Low Risk
17064,United Kingdom,2,457.40000000000003,122,0.4320947,0.5679053,Bought,Medium Risk
17065,United Kingdom,2,194.7,577,0.98565876,0.014341236,Did Not Buy,Critical Risk
17066,United Kingdom,1,228.34,665,0.8661442,0.13385585,Did Not Buy,Critical Risk
17067,United Kingdom,3,454.54,664,0.9656258,0.03437416,Did Not Buy,Critical Risk
17068,United Kingdom,44,8363.08,3,0.024365127,0.9756349,Bought,Low Risk
17069,United Kingdom,12,4866.44,17,0.08880001,0.9112,Bought,Low Risk
17070,United Kingdom,2,437.42,53,0.78167206,0.21832795,Did Not Buy,Critical Risk
17071,United Kingdom,11,3058.9,27,0.18624192,0.8137581,Bought,Low Risk
17072,United Kingdom,1,273.35,564,0.95170504,0.048294973,Did Not Buy,Critical Risk
17073,United Kingdom,2,841.1899999999999,21,0.1667996,0.8332004,Bought,Low Risk
17074,United Kingdom,1,203.05,502,0.8420956,0.15790436,Did Not Buy,Critical Risk
17075,United Kingdom,9,2098.58,192,0.3641917,0.6358083,Bought,Medium Risk
17076,United Kingdom,5,735.87,213,0.5224111,0.4775889,Bought,High Risk
17077,United Kingdom,1,306.0,517,0.98461664,0.015383352,Did Not Buy,Critical Risk
17079,United Kingdom,1,118.80000000000001,17,0.89707524,0.10292476,Did Not Buy,Critical Risk
17080,United Kingdom,6,746.23,209,0.650568,0.34943196,Bought,High Risk
17081,United Kingdom,4,660.48,335,0.73975515,0.26024482,Bought,High Risk
17082,United Kingdom,5,3365.12,257,0.3239714,0.6760286,Bought,Medium Risk
17083,United Kingdom,9,4049.79,48,0.83652174,0.16347823,Did Not Buy,Critical Risk
17084,United Kingdom,1,2253.22,335,0.7379403,0.2620597,Bought,High Risk
17085,United Kingdom,28,7839.27,62,0.82844657,0.17155345,Did Not Buy,Critical Risk
17086,United Kingdom,1,412.47,3,0.65033007,0.34966993,Bought,High Risk
17087,United Kingdom,1,221.53,677,0.9531026,0.04689738,Did Not Buy,Critical Risk
17088,United Kingdom,3,1751.73,12,0.29233742,0.7076626,Bought,Medium Risk
17089,United Kingdom,1,128.45,325,0.9284221,0.07157794,Did Not Buy,Critical Risk
17090,United Kingdom,11,2553.7400000000002,27,0.15655828,0.8434417,Bought,Low Risk
17091,United Kingdom,17,6359.99,37,0.06893343,0.9310666,Bought,Low Risk
17092,United Kingdom,10,4723.3,27,0.15388697,0.846113,Bought,Low Risk
17093,United Kingdom,1,235.88,532,0.9606027,0.03939729,Did Not Buy,Critical Risk
17094,United Kingdom,2,402.20000000000005,261,0.89867437,0.10132562,Did Not Buy,Critical Risk
17095,United Kingdom,6,1792.05,238,0.3454278,0.6545722,Bought,Medium Risk
17096,United Kingdom,9,3119.7400000000002,82,0.17210072,0.8278993,Bought,Low Risk
17097,Spain,7,828.47,39,0.055900633,0.94409937,Bought,Low Risk
17098,United Kingdom,3,591.0699999999999,321,0.865633,0.13436702,Did Not Buy,Critical Risk
17099,United Kingdom,1,582.17,472,0.69738144,0.30261856,Did Not Buy,High Risk
17101,United Kingdom,4,1115.9,117,0.59017754,0.40982243,Bought,High Risk
17102,United Kingdom,1,25.5,201,0.9651484,0.03485161,Did Not Buy,Critical Risk
17103,United Kingdom,1,424.3,661,0.9311235,0.06887648,Did Not Buy,Critical Risk
17104,United Kingdom,1,474.03,363,0.87549675,0.12450324,Did Not Buy,Critical Risk
17105,United Kingdom,2,665.78,98,0.600804,0.39919603,Did Not Buy,High Risk
17106,United Kingdom,1,481.58,328,0.7808121,0.21918793,Did Not Buy,Critical Risk
17107,United Kingdom,8,13754.06,14,0.13053167,0.86946833,Bought,Low Risk
17108,United Kingdom,1,174.95,603,0.9831387,0.016861323,Did Not Buy,Critical Risk
17109,United Kingdom,4,875.01,171,0.4794464,0.5205536,Bought,Medium Risk
17110,United Kingdom,3,499.9,104,0.7870784,0.21292159,Did Not Buy,Critical Risk
17111,United Kingdom,1,227.97,364,0.62170386,0.37829614,Bought,High Risk
17112,United Kingdom,1,197.57,442,0.9521821,0.047817864,Did Not Buy,Critical Risk
17113,United Kingdom,6,2305.59,513,0.9476779,0.052322093,Did Not Buy,Critical Risk
17114,United Kingdom,6,601.9399999999999,78,0.16781104,0.83218896,Bought,Low Risk
17115,United Kingdom,6,2536.81,122,0.34523296,0.65476704,Bought,Medium Risk
17116,United Kingdom,1,389.78,587,0.9708144,0.029185567,Did Not Buy,Critical Risk
17117,United Kingdom,1,116.19999999999999,227,0.7681819,0.23181808,Did Not Buy,Critical Risk
17118,United Kingdom,1,157.02,257,0.90485466,0.095145345,Did Not Buy,Critical Risk
17120,United Kingdom,1,307.46,172,0.83859795,0.16140205,Did Not Buy,Critical Risk
17121,United Kingdom,1,314.74,342,0.9146023,0.08539769,Did Not Buy,Critical Risk
17122,United Kingdom,4,570.5,58,0.6735952,0.32640484,Did Not Buy,High Risk
17123,United Kingdom,3,966.67,101,0.84080124,0.15919876,Did Not Buy,Critical Risk
17124,United Kingdom,1,294.24,124,0.7735895,0.22641048,Did Not Buy,Critical Risk
17126,United Kingdom,9,2008.93,91,0.5526912,0.44730875,Did Not Buy,High Risk
17127,United Kingdom,5,1155.0300000000002,368,0.87039363,0.12960638,Did Not Buy,Critical Risk
17128,United Kingdom,1,157.09,274,0.9252721,0.07472788,Did Not Buy,Critical Risk
17129,United Kingdom,1,31.85,459,0.97347385,0.026526177,Did Not Buy,Critical Risk
17131,United Kingdom,1,789.77,15,0.5999954,0.40000463,Bought,High Risk
17132,United Kingdom,2,1220.9099999999999,391,0.8551184,0.1448816,Did Not Buy,Critical Risk
17133,United Kingdom,9,13867.78,26,0.2015711,0.7984289,Bought,Low Risk
17134,United Kingdom,3,625.3,46,0.8451479,0.15485208,Did Not Buy,Critical Risk
17135,United Kingdom,5,1077.2,229,0.7108263,0.2891737,Bought,High Risk
17136,United Kingdom,1,231.68,601,0.965666,0.034333978,Did Not Buy,Critical Risk
17137,United Kingdom,6,1099.81,355,0.83976746,0.16023256,Did Not Buy,Critical Risk
17138,United Kingdom,7,4417.27,215,0.7376987,0.26230136,Did Not Buy,High Risk
17139,United Kingdom,23,18458.64,3,0.002078712,0.9979213,Bought,Low Risk
17140,United Kingdom,1,454.12,186,0.89668405,0.10331593,Did Not Buy,Critical Risk
17141,United Kingdom,4,727.58,357,0.8170464,0.18295358,Did Not Buy,Critical Risk
17142,United Kingdom,4,1275.25,178,0.93043727,0.06956274,Did Not Buy,Critical Risk
17143,United Kingdom,2,880.97,356,0.8779482,0.12205175,Did Not Buy,Critical Risk
17144,United Kingdom,1,595.89,24,0.3995365,0.6004635,Bought,Medium Risk
17145,United Kingdom,4,3120.91,452,0.96435183,0.03564818,Did Not Buy,Critical Risk
17146,United Kingdom,13,5852.64,45,0.55684924,0.44315076,Did Not Buy,High Risk
17147,United Kingdom,8,2834.66,20,0.2069847,0.7930153,Bought,Low Risk
17149,United Kingdom,1,143.10000000000002,390,0.84902775,0.15097225,Did Not Buy,Critical Risk
17150,United Kingdom,6,1357.95,316,0.766683,0.23331703,Did Not Buy,Critical Risk
17151,United Kingdom,1,231.90000000000003,674,0.9827065,0.017293539,Did Not Buy,Critical Risk
17152,United Kingdom,4,2016.5,134,0.8608592,0.1391408,Did Not Buy,Critical Risk
17154,United Kingdom,1,329.34,14,0.51118153,0.48881847,Did Not Buy,High Risk
17155,United Kingdom,6,784.0600000000001,117,0.42254347,0.57745653,Bought,Medium Risk
17156,United Kingdom,1,591.87,431,0.87752616,0.12247382,Did Not Buy,Critical Risk
17157,United Kingdom,18,4994.36,115,0.23602438,0.7639756,Bought,Low Risk
17158,United Kingdom,4,1411.58,172,0.63110906,0.36889094,Bought,High Risk
17159,United Kingdom,4,1487.38,14,0.5020691,0.49793085,Bought,High Risk
17160,United Kingdom,16,9692.31,48,0.04081291,0.9591871,Bought,Low Risk
17161,United Kingdom,1,856.01,383,0.8421284,0.15787157,Did Not Buy,Critical Risk
17162,United Kingdom,9,1463.66,70,0.14559484,0.85440516,Bought,Low Risk
17163,United Kingdom,3,529.78,17,0.540051,0.45994905,Bought,High Risk
17164,United Kingdom,4,2016.26,19,0.23914468,0.7608553,Bought,Low Risk
17165,United Kingdom,6,1794.32,223,0.6675631,0.33243692,Did Not Buy,High Risk
17166,United Kingdom,1,127.59,143,0.5223563,0.4776437,Bought,High Risk
17167,United Kingdom,3,867.11,319,0.7086173,0.29138267,Did Not Buy,High Risk
17168,United Kingdom,1,400.2,438,0.9554814,0.04451862,Did Not Buy,Critical Risk
17169,United Kingdom,2,629.63,122,0.60985273,0.39014727,Bought,High Risk
17170,United Kingdom,2,178.68,313,0.8991099,0.10089012,Did Not Buy,Critical Risk
17171,United Kingdom,2,384.59,228,0.9429796,0.057020422,Did Not Buy,Critical Risk
17172,United Kingdom,3,956.5699999999999,18,0.8421732,0.1578268,Did Not Buy,Critical Risk
17173,United Kingdom,2,961.26,56,0.37151903,0.628481,Bought,Medium Risk
17174,United Kingdom,1,59.9,157,0.84915996,0.15084001,Did Not Buy,Critical Risk
17175,United Kingdom,3,1132.6299999999999,80,0.2366209,0.7633791,Bought,Low Risk
17176,United Kingdom,3,902.3199999999999,141,0.81301093,0.18698908,Did Not Buy,Critical Risk
17177,United Kingdom,1,119.5,444,0.9857984,0.0142016085,Did Not Buy,Critical Risk
17178,United Kingdom,1,432.96,670,0.9323639,0.067636065,Did Not Buy,Critical Risk
17179,United Kingdom,6,1507.26,117,0.63851625,0.36148375,Did Not Buy,High Risk
17180,United Kingdom,10,2005.6,180,0.11821079,0.8817892,Bought,Low Risk
17181,United Kingdom,2,225.45000000000002,313,0.8744894,0.12551057,Bought,Critical Risk
17182,United Kingdom,2,321.3,362,0.612966,0.387034,Did Not Buy,High Risk
17183,United Kingdom,1,329.67,44,0.8297912,0.17020878,Bought,Critical Risk
17184,United Kingdom,2,198.41000000000003,508,0.96558976,0.034410223,Did Not Buy,Critical Risk
17185,United Kingdom,3,229.46,531,0.9492803,0.05071968,Did Not Buy,Critical Risk
17187,United Kingdom,2,467.71,166,0.77207565,0.22792433,Did Not Buy,Critical Risk
17188,United Kingdom,11,3933.79,103,0.15575475,0.84424525,Bought,Low Risk
17189,United Kingdom,5,953.63,45,0.8466165,0.15338346,Did Not Buy,Critical Risk
17190,United Kingdom,6,1474.99,146,0.39814466,0.60185534,Bought,Medium Risk
17191,United Kingdom,14,3778.17,34,0.16741222,0.8325878,Bought,Low Risk
17192,United Kingdom,1,75.28,475,0.9685649,0.031435087,Did Not Buy,Critical Risk
17193,United Kingdom,5,1358.3400000000001,26,0.22684878,0.7731512,Bought,Low Risk
17194,United Kingdom,2,776.66,300,0.67374754,0.32625243,Did Not Buy,High Risk
17195,United Kingdom,1,562.98,594,0.94373596,0.056264073,Did Not Buy,Critical Risk
17196,United Kingdom,1,327.75,367,0.879249,0.120751016,Did Not Buy,Critical Risk
17198,United Kingdom,2,521.66,304,0.3225736,0.6774264,Bought,Medium Risk
17199,United Kingdom,1,135.04000000000002,521,0.9137629,0.08623705,Did Not Buy,Critical Risk
17200,United Kingdom,4,356.71,326,0.82271904,0.17728096,Did Not Buy,Critical Risk
17201,United Kingdom,3,842.8199999999999,463,0.48714262,0.5128574,Bought,Medium Risk
17202,United Kingdom,1,160.65,360,0.92471963,0.075280346,Did Not Buy,Critical Risk
17203,United Kingdom,4,2004.01,327,0.32466584,0.67533416,Bought,Medium Risk
17204,United Kingdom,9,5504.6900000000005,114,0.4004478,0.5995522,Did Not Buy,Medium Risk
17205,United Kingdom,2,615.27,355,0.80107844,0.19892153,Bought,Critical Risk
17207,United Kingdom,1,291.77,591,0.95959246,0.040407535,Did Not Buy,Critical Risk
17208,United Kingdom,1,111.15,335,0.9264992,0.07350081,Did Not Buy,Critical Risk
17209,United Kingdom,3,595.7,588,0.88757515,0.11242485,Did Not Buy,Critical Risk
17210,United Kingdom,1,251.72,332,0.80061257,0.19938742,Did Not Buy,Critical Risk
17211,United Kingdom,11,2921.02,119,0.22809488,0.7719051,Bought,Low Risk
17212,United Kingdom,3,794.41,192,0.8104807,0.18951929,Did Not Buy,Critical Risk
17213,United Kingdom,11,3868.18,80,0.16137636,0.83862364,Bought,Low Risk
17214,United Kingdom,5,862.42,25,0.45177126,0.54822874,Bought,Medium Risk
17215,United Kingdom,1,186.15,403,0.9583431,0.04165692,Did Not Buy,Critical Risk
17216,United Kingdom,1,63.6,493,0.9755025,0.024497531,Did Not Buy,Critical Risk
17217,United Kingdom,2,210.1,173,0.88346654,0.11653346,Did Not Buy,Critical Risk
17218,United Kingdom,15,3293.02,10,0.3806842,0.6193158,Bought,Medium Risk
17219,United Kingdom,1,144.9,356,0.80543494,0.19456506,Bought,Critical Risk
17220,United Kingdom,18,3873.87,10,0.028640091,0.9713599,Bought,Low Risk
17221,United Kingdom,3,642.14,531,0.39905888,0.6009411,Bought,Medium Risk
17222,United Kingdom,6,1563.6100000000001,4,0.7268279,0.27317208,Did Not Buy,High Risk
17223,United Kingdom,3,523.04,249,0.600739,0.399261,Did Not Buy,High Risk
17224,United Kingdom,1,100.86,440,0.98389125,0.016108723,Did Not Buy,Critical Risk
17225,United Kingdom,1,131.15,521,0.9281929,0.07180708,Did Not Buy,Critical Risk
17226,United Kingdom,3,895.47,248,0.87504977,0.12495024,Did Not Buy,Critical Risk
17227,United Kingdom,11,1659.92,0,0.18611223,0.8138878,Bought,Low Risk
17228,United Kingdom,11,2402.5,3,0.2697363,0.7302637,Bought,Medium Risk
17229,United Kingdom,2,318.76,35,0.3404227,0.6595773,Did Not Buy,Medium Risk
17230,United Kingdom,18,9388.49,203,0.8606501,0.1393499,Did Not Buy,Critical Risk
17231,United Kingdom,23,6226.97,3,0.024190366,0.97580963,Bought,Low Risk
17233,United Kingdom,2,369.98,387,0.8007837,0.19921632,Bought,Critical Risk
17234,United Kingdom,1,149.89000000000001,122,0.85218793,0.14781205,Did Not Buy,Critical Risk
17235,United Kingdom,7,1354.82,311,0.7359211,0.26407892,Bought,High Risk
17236,United Kingdom,11,1710.86,118,0.19234204,0.80765796,Bought,Low Risk
17237,United Kingdom,2,679.44,315,0.6383854,0.36161458,Bought,High Risk
17238,United Kingdom,27,5819.95,23,0.017705321,0.9822947,Bought,Low Risk
17239,United Kingdom,4,1189.45,252,0.7888502,0.21114984,Did Not Buy,Critical Risk
17240,United Kingdom,1,130.6,535,0.9424726,0.05752742,Did Not Buy,Critical Risk
17241,United Kingdom,12,2736.64,324,0.4327554,0.5672446,Did Not Buy,Medium Risk
17242,United Kingdom,5,2889.28,47,0.47014147,0.5298585,Did Not Buy,Medium Risk
17243,United Kingdom,60,16225.69,18,0.009905994,0.990094,Bought,Low Risk
17244,United Kingdom,4,871.14,322,0.7242534,0.27574655,Bought,High Risk
17245,United Kingdom,2,371.63,144,0.73864937,0.26135063,Did Not Buy,High Risk
17246,United Kingdom,2,38.92,486,0.98072946,0.019270511,Did Not Buy,Critical Risk
17248,United Kingdom,2,500.54,59,0.889137,0.11086295,Did Not Buy,Critical Risk
17249,United Kingdom,1,68.03,368,0.9499625,0.05003749,Did Not Buy,Critical Risk
17250,United Kingdom,1,162.65,200,0.7369769,0.26302308,Bought,High Risk
17251,United Kingdom,3,798.98,302,0.72301114,0.2769889,Did Not Buy,High Risk
17252,United Kingdom,2,348.91,56,0.5591297,0.44087029,Did Not Buy,High Risk
17254,United Kingdom,1,198.29,340,0.5408584,0.45914164,Bought,High Risk
17255,United Kingdom,3,598.48,238,0.34191912,0.6580809,Bought,Medium Risk
17256,United Kingdom,5,498.93,46,0.6143115,0.38568848,Did Not Buy,High Risk
17257,United Kingdom,2,189.78,375,0.87534136,0.12465862,Did Not Buy,Critical Risk
17258,United Kingdom,2,417.3,336,0.88664657,0.11335342,Did Not Buy,Critical Risk
17259,United Kingdom,6,1452.39,87,0.46471316,0.53528684,Did Not Buy,Medium Risk
17260,United Kingdom,1,120.95,350,0.89857304,0.101426944,Did Not Buy,Critical Risk
17261,United Kingdom,1,221.59,449,0.88780415,0.112195835,Did Not Buy,Critical Risk
17262,United Kingdom,10,2190.76,166,0.32667142,0.6733286,Bought,Medium Risk
17263,United Kingdom,1,63.440000000000005,147,0.894794,0.10520602,Did Not Buy,Critical Risk
17264,United Kingdom,1,268.28,363,0.80051774,0.19948225,Did Not Buy,Critical Risk
17265,United Kingdom,2,550.01,78,0.37613195,0.62386805,Did Not Buy,Medium Risk
17266,United Kingdom,3,318.2,87,0.29248738,0.7075126,Bought,Medium Risk
17267,United Kingdom,2,317.2,66,0.55254245,0.44745758,Did Not Buy,High Risk
17268,United Kingdom,11,1733.8899999999999,47,0.7503537,0.24964634,Did Not Buy,Critical Risk
17269,United Kingdom,1,491.81,325,0.51226765,0.48773235,Did Not Buy,High Risk
17270,United Kingdom,2,601.4499999999999,408,0.95030916,0.049690824,Did Not Buy,Critical Risk
17271,United Kingdom,1,204.3,675,0.92449546,0.07550455,Did Not Buy,Critical Risk
17272,United Kingdom,2,1409.44,138,0.504843,0.49515703,Bought,High Risk
17273,United Kingdom,1,141.12,363,0.87944037,0.120559625,Did Not Buy,Critical Risk
17274,United Kingdom,1,465.4,335,0.56887877,0.4311212,Bought,High Risk
17275,United Kingdom,1,114.1,322,0.8481194,0.15188064,Did Not Buy,Critical Risk
17276,United Kingdom,1,501.24,341,0.7916336,0.20836641,Did Not Buy,Critical Risk
17277,United Kingdom,2,1065.3500000000001,167,0.673964,0.32603598,Did Not Buy,High Risk
17278,United Kingdom,2,271.24,180,0.84083474,0.15916526,Did Not Buy,Critical Risk
17280,United Kingdom,1,118.85999999999999,377,0.923534,0.07646602,Did Not Buy,Critical Risk
17281,United Kingdom,6,797.8499999999999,313,0.7463778,0.25362217,Did Not Buy,High Risk
17282,United Kingdom,5,2308.54,69,0.550946,0.44905403,Did Not Buy,High Risk
17283,United Kingdom,1,188.46,318,0.88291824,0.11708173,Did Not Buy,Critical Risk
17284,United Kingdom,6,2400.16,60,0.13044333,0.86955667,Bought,Low Risk
17285,United Kingdom,2,400.44,567,0.94688606,0.05311391,Did Not Buy,Critical Risk
17286,United Kingdom,2,237.81,339,0.7174123,0.2825877,Bought,High Risk
17287,United Kingdom,20,3658.1,13,0.067369044,0.93263096,Bought,Low Risk
17288,United Kingdom,9,1714.5,146,0.20028979,0.7997102,Bought,Low Risk
17289,United Kingdom,7,1275.23,119,0.607285,0.39271495,Bought,High Risk
17290,United Kingdom,6,914.47,321,0.818071,0.18192898,Bought,Critical Risk
17291,United Kingdom,1,550.8000000000001,247,0.9297116,0.07028843,Did Not Buy,Critical Risk
17292,United Kingdom,2,271.75,411,0.9548208,0.04517919,Did Not Buy,Critical Risk
17293,United Kingdom,14,3013.94,24,0.02175492,0.9782451,Bought,Low Risk
17294,United Kingdom,2,467.78999999999996,608,0.9057898,0.09421019,Did Not Buy,Critical Risk
17295,United Kingdom,1,279.36,4,0.40593916,0.59406084,Bought,Medium Risk
17296,United Kingdom,1,338.13,669,0.96096414,0.03903584,Did Not Buy,Critical Risk
17298,United Kingdom,5,938.36,40,0.6166055,0.38339445,Did Not Buy,High Risk
17299,United Kingdom,5,902.17,28,0.30715615,0.69284385,Bought,Medium Risk
17300,United Kingdom,2,393.64,330,0.76123583,0.23876415,Did Not Buy,Critical Risk
17301,United Kingdom,1,131.15,563,0.9747546,0.025245452,Bought,Critical Risk
17302,United Kingdom,3,661.61,62,0.35189384,0.64810616,Bought,Medium Risk
17303,United Kingdom,1,250.04,300,0.7649112,0.23508881,Did Not Buy,Critical Risk
17304,United Kingdom,1,111.5,473,0.9726599,0.027340105,Did Not Buy,Critical Risk
17305,United Kingdom,1,2135.46,588,0.9356108,0.064389236,Did Not Buy,Critical Risk
17306,United Kingdom,18,8357.28,10,0.06403571,0.9359643,Bought,Low Risk
17307,United Kingdom,11,3999.8900000000003,334,0.6522876,0.34771243,Did Not Buy,High Risk
17308,United Kingdom,2,4511.76,332,0.8891489,0.11085109,Did Not Buy,Critical Risk
17309,United Kingdom,3,320.39,34,0.82723045,0.17276955,Did Not Buy,Critical Risk
17310,United Kingdom,2,1025.1,326,0.9329326,0.067067385,Did Not Buy,Critical Risk
17311,United Kingdom,6,3566.56,17,0.56923825,0.43076175,Did Not Buy,High Risk
17312,United Kingdom,3,644.3,78,0.62215865,0.37784132,Did Not Buy,High Risk
17314,United Kingdom,14,3883.43,88,0.08576959,0.9142304,Bought,Low Risk
17315,United Kingdom,35,8215.16,14,0.014636993,0.985363,Bought,Low Risk
17316,United Kingdom,1,124.45,359,0.90561235,0.09438765,Did Not Buy,Critical Risk
17317,United Kingdom,1,2027.94,29,0.44407356,0.55592644,Bought,Medium Risk
17318,United Kingdom,1,157.32999999999998,664,0.985698,0.014302019,Did Not Buy,Critical Risk
17319,United Kingdom,1,29.1,608,0.99381244,0.00618756,Did Not Buy,Critical Risk
17320,United Kingdom,6,2444.85,39,0.640324,0.359676,Did Not Buy,High Risk
17321,United Kingdom,5,1623.96,7,0.29194063,0.7080594,Bought,Medium Risk
17322,United Kingdom,5,922.59,315,0.806861,0.19313902,Did Not Buy,Critical Risk
17323,United Kingdom,10,1330.89,1,0.13669336,0.86330664,Bought,Low Risk
17324,United Kingdom,10,1886.82,271,0.25151664,0.74848336,Bought,Medium Risk
17325,United Kingdom,3,609.5699999999999,219,0.7792719,0.22072811,Did Not Buy,Critical Risk
17326,United Kingdom,2,312.35,347,0.77835625,0.22164373,Did Not Buy,Critical Risk
17327,United Kingdom,2,152.35,349,0.82871604,0.17128395,Did Not Buy,Critical Risk
17328,United Kingdom,1,104.7,612,0.933986,0.06601398,Did Not Buy,Critical Risk
17329,United Kingdom,4,718.78,254,0.62238395,0.37761608,Bought,High Risk
17330,United Kingdom,3,324.8,7,0.23070079,0.7692992,Bought,Low Risk
17331,United Kingdom,1,175.2,63,0.9350792,0.06492079,Did Not Buy,Critical Risk
17332,United Kingdom,5,827.77,467,0.85398424,0.14601573,Did Not Buy,Critical Risk
17333,United Kingdom,1,494.25,25,0.43597722,0.5640228,Did Not Buy,Medium Risk
17334,United Kingdom,3,635.15,241,0.70147383,0.2985262,Did Not Buy,High Risk
17335,United Kingdom,2,497.04,323,0.8635781,0.1364219,Did Not Buy,Critical Risk
17336,United Kingdom,1,81.12,411,0.9888701,0.011129914,Did Not Buy,Critical Risk
17337,United Kingdom,4,1979.61,90,0.45120412,0.5487959,Did Not Buy,Medium Risk
17338,United Kingdom,16,10554.67,53,0.048852623,0.9511474,Bought,Low Risk
17339,United Kingdom,3,302.36,33,0.7055104,0.29448965,Did Not Buy,High Risk
17340,United Kingdom,17,15724.16,19,0.005702555,0.99429744,Bought,Low Risk
17341,United Kingdom,5,1272.21,96,0.53775465,0.46224532,Did Not Buy,High Risk
17342,United Kingdom,4,1227.54,319,0.8733124,0.12668757,Did Not Buy,Critical Risk
17343,United Kingdom,6,1259.94,294,0.64802295,0.35197705,Did Not Buy,High Risk
17344,United Kingdom,1,299.74,668,0.8789729,0.12102708,Bought,Critical Risk
17345,United Kingdom,9,1348.12,32,0.08856928,0.9114307,Bought,Low Risk
17346,United Kingdom,19,3597.31,42,0.025293231,0.97470677,Bought,Low Risk
17347,United Kingdom,1,228.96,25,0.7885235,0.2114765,Did Not Buy,Critical Risk
17348,United Kingdom,6,1935.0,11,0.34007788,0.6599221,Bought,Medium Risk
17349,United Kingdom,5,772.41,118,0.7892773,0.21072268,Did Not Buy,Critical Risk
17350,United Kingdom,3,612.38,333,0.6415895,0.3584105,Bought,High Risk
17351,United Kingdom,11,1804.53,108,0.22998989,0.7700101,Bought,Low Risk
17352,United Kingdom,1,36.25,635,0.9879043,0.012095719,Did Not Buy,Critical Risk
17353,United Kingdom,4,3242.0,68,0.7996302,0.20036979,Did Not Buy,Critical Risk
17354,United Kingdom,3,1740.8999999999999,367,0.7430526,0.2569474,Bought,High Risk
17355,United Kingdom,1,273.31,325,0.83920985,0.16079015,Did Not Buy,Critical Risk
17356,United Kingdom,5,946.47,251,0.50475085,0.49524918,Did Not Buy,High Risk
17358,United Kingdom,5,861.01,242,0.73317325,0.26682678,Did Not Buy,High Risk
17359,United Kingdom,1,156.6,587,0.99025226,0.009747747,Bought,Critical Risk
17360,United Kingdom,4,953.17,123,0.341322,0.658678,Bought,Medium Risk
17361,United Kingdom,4,647.51,125,0.47813016,0.52186984,Bought,Medium Risk
17362,United Kingdom,7,1024.04,178,0.92520726,0.07479277,Did Not Buy,Critical Risk
17363,United Kingdom,3,920.46,334,0.875471,0.124529,Did Not Buy,Critical Risk
17364,United Kingdom,22,9769.18,76,0.06644374,0.93355626,Bought,Low Risk
17365,United Kingdom,13,6875.37,27,0.017985761,0.98201424,Bought,Low Risk
17366,United Kingdom,2,1077.24,371,0.9203151,0.07968492,Did Not Buy,Critical Risk
17367,United Kingdom,1,167.55,177,0.94325393,0.056746088,Did Not Buy,Critical Risk
17368,United Kingdom,12,2484.49,32,0.15750653,0.8424935,Bought,Low Risk
17369,United Kingdom,1,979.1999999999999,395,0.9419204,0.058079608,Did Not Buy,Critical Risk
17370,United Kingdom,4,446.18,12,0.20012885,0.79987115,Did Not Buy,Low Risk
17371,United Kingdom,4,325.11,300,0.4932292,0.5067708,Bought,Medium Risk
17372,United Kingdom,25,4034.91,105,0.063633144,0.93636686,Bought,Low Risk
17373,United Kingdom,6,954.1,10,0.56088716,0.43911284,Bought,High Risk
17374,United Kingdom,3,727.11,158,0.7662615,0.23373847,Did Not Buy,Critical Risk
17375,United Kingdom,4,660.55,138,0.77973366,0.22026636,Did Not Buy,Critical Risk
17376,United Kingdom,4,453.64,10,0.90294784,0.09705215,Did Not Buy,Critical Risk
17377,United Kingdom,70,16061.79,0,0.0067796707,0.9932203,Bought,Low Risk
17378,United Kingdom,1,10.95,313,0.96371305,0.036286954,Did Not Buy,Critical Risk
17380,United Kingdom,3,645.0,373,0.9038583,0.09614167,Did Not Buy,Critical Risk
17381,United Kingdom,36,35495.05,6,0.014889061,0.98511094,Bought,Low Risk
17382,United Kingdom,8,902.28,4,0.9240185,0.075981475,Did Not Buy,Critical Risk
17383,United Kingdom,1,110.69999999999999,392,0.74775213,0.25224787,Bought,High Risk
17384,United Kingdom,2,398.8,158,0.74022603,0.25977397,Bought,High Risk
17386,United Kingdom,6,1823.69,38,0.14559728,0.8544027,Bought,Low Risk
17388,United Kingdom,11,2675.37,17,0.06448883,0.9355112,Did Not Buy,Low Risk
17389,United Kingdom,53,38977.19,13,0.0054145455,0.99458545,Bought,Low Risk
17390,United Kingdom,1,149.3,360,0.9061661,0.0938339,Did Not Buy,Critical Risk
17391,United Kingdom,2,508.8,103,0.73756504,0.262435,Did Not Buy,High Risk
17392,United Kingdom,3,579.92,246,0.63716334,0.36283666,Did Not Buy,High Risk
17393,United Kingdom,2,381.15,350,0.894889,0.10511101,Did Not Buy,Critical Risk
17394,United Kingdom,1,203.86999999999998,158,0.8551073,0.1448927,Did Not Buy,Critical Risk
17395,United Kingdom,1,97.5,447,0.9701523,0.029847704,Did Not Buy,Critical Risk
17396,United Kingdom,12,7896.6,6,0.27880841,0.7211916,Bought,Medium Risk
17397,United Kingdom,1,516.87,355,0.526581,0.473419,Bought,High Risk
17398,United Kingdom,3,653.38,54,0.5195381,0.4804619,Did Not Buy,High Risk
17400,United Kingdom,8,4623.28,65,0.52751774,0.47248226,Did Not Buy,High Risk
17401,United Kingdom,1,114.85,480,0.9771999,0.022800066,Did Not Buy,Critical Risk
17402,United Kingdom,19,3849.36,24,0.0739491,0.9260509,Bought,Low Risk
17403,United Kingdom,1,118.95,390,0.8648993,0.1351007,Bought,Critical Risk
17404,Sweden,18,40864.68,27,0.06250328,0.9374967,Bought,Low Risk
17405,United Kingdom,2,883.01,12,0.24966991,0.7503301,Bought,Low Risk
17406,United Kingdom,13,4186.95,272,0.8365306,0.16346939,Did Not Buy,Critical Risk
17407,United Kingdom,1,552.9,351,0.7395199,0.2604801,Did Not Buy,High Risk
17408,United Kingdom,3,316.09000000000003,102,0.657264,0.34273604,Did Not Buy,High Risk
17409,United Kingdom,10,7793.51,124,0.5108905,0.4891095,Did Not Buy,High Risk
17410,United Kingdom,2,419.55,35,0.22410798,0.775892,Bought,Low Risk
17411,United Kingdom,4,1215.88,15,0.7431274,0.2568726,Bought,High Risk
17412,United Kingdom,13,3671.98,135,0.24253726,0.75746274,Bought,Low Risk
17413,United Kingdom,2,560.14,344,0.8429679,0.15703209,Did Not Buy,Critical Risk
17414,United Kingdom,5,2069.52,124,0.6962023,0.3037977,Bought,High Risk
17415,United Kingdom,1,507.84,19,0.752301,0.24769899,Did Not Buy,Critical Risk
17416,United Kingdom,21,16283.84,17,0.007895589,0.9921044,Bought,Low Risk
17417,United Kingdom,1,164.18,488,0.981704,0.018295983,Did Not Buy,Critical Risk
17418,United Kingdom,2,373.99,263,0.7643833,0.23561668,Bought,Critical Risk
17419,United Kingdom,15,5025.23,4,0.48262233,0.5173777,Bought,Medium Risk
17420,United Kingdom,5,746.26,110,0.6641896,0.3358104,Bought,High Risk
17421,United Kingdom,3,1059.41,325,0.8746868,0.12531324,Did Not Buy,Critical Risk
17422,United Kingdom,10,3314.36,32,0.11833376,0.88166624,Bought,Low Risk
17423,United Kingdom,2,869.96,157,0.52949274,0.47050726,Bought,High Risk
17425,United Kingdom,1,688.97,0,0.3452155,0.6547845,Bought,Medium Risk
17426,United Kingdom,11,7321.1,30,0.19726133,0.80273867,Bought,Low Risk
17427,United Kingdom,1,100.8,11,0.9235216,0.076478444,Did Not Buy,Critical Risk
17428,United Kingdom,40,29518.78,3,0.0039417744,0.9960582,Bought,Low Risk
17429,United Kingdom,5,1357.46,67,0.46764714,0.53235286,Did Not Buy,Medium Risk
17430,United Kingdom,3,469.40999999999997,304,0.4633155,0.5366845,Bought,Medium Risk
17431,United Kingdom,1,403.3,252,0.88455534,0.11544468,Did Not Buy,Critical Risk
17432,United Kingdom,7,1363.23,324,0.3935144,0.6064856,Bought,Medium Risk
17433,United Kingdom,2,569.96,27,0.7667785,0.23322146,Did Not Buy,Critical Risk
17434,United Kingdom,1,499.56,24,0.38798708,0.6120129,Bought,Medium Risk
17435,United Kingdom,1,331.35,350,0.8923141,0.10768591,Did Not Buy,Critical Risk
17436,United Kingdom,4,440.15999999999997,166,0.43439,0.56561,Bought,Medium Risk
17437,United Kingdom,1,369.68,469,0.86826146,0.13173853,Did Not Buy,Critical Risk
17438,United Kingdom,5,1422.77,193,0.8310084,0.16899164,Did Not Buy,Critical Risk
17439,United Kingdom,1,325.74,595,0.9316643,0.06833573,Did Not Buy,Critical Risk
17440,United Kingdom,4,323.58,96,0.8480402,0.15195979,Did Not Buy,Critical Risk
17441,United Kingdom,1,293.35,671,0.9251386,0.07486144,Did Not Buy,Critical Risk
17442,United Kingdom,14,4293.43,33,0.11482346,0.88517654,Bought,Low Risk
17443,Canada,1,534.24,159,0.8920707,0.10792929,Did Not Buy,Critical Risk
17444,Canada,2,2389.1,91,0.6406181,0.3593819,Did Not Buy,High Risk
17446,United Kingdom,2,120.9,116,0.7834704,0.21652961,Did Not Buy,Critical Risk
17447,United Kingdom,1,372.48,11,0.6150646,0.3849354,Bought,High Risk
17448,United Kingdom,41,14448.67,468,0.979234,0.02076601,Did Not Buy,Critical Risk
17449,United Kingdom,10,3843.49,34,0.2144013,0.7855987,Bought,Low Risk
17450,United Kingdom,38,211416.44,10,0.017071784,0.9829282,Bought,Low Risk
17451,United Kingdom,2,560.98,21,0.27354264,0.72645736,Bought,Medium Risk
17453,United Kingdom,1,341.99999999999994,3,0.80210173,0.1978983,Bought,Critical Risk
17454,United Kingdom,10,1547.94,131,0.35307258,0.6469274,Did Not Buy,Medium Risk
17455,United Kingdom,1,131.7,143,0.6189949,0.3810051,Did Not Buy,High Risk
17456,United Kingdom,2,975.5600000000001,304,0.7810807,0.21891925,Did Not Buy,Critical Risk
17457,United Kingdom,14,5984.8099999999995,66,0.69583386,0.30416614,Did Not Buy,High Risk
17458,United Kingdom,1,213.08,321,0.6238024,0.3761976,Bought,High Risk
17460,United Kingdom,16,2157.9700000000003,33,0.17290163,0.82709837,Did Not Buy,Low Risk
17462,United Kingdom,1,463.40999999999997,223,0.9160946,0.08390539,Bought,Critical Risk
17463,United Kingdom,5,1886.99,115,0.55728114,0.44271883,Bought,High Risk
17464,United Kingdom,3,907.14,97,0.8483115,0.1516885,Did Not Buy,Critical Risk
17465,United Kingdom,7,2542.79,365,0.81025946,0.18974054,Did Not Buy,Critical Risk
17466,United Kingdom,1,460.41,18,0.45895368,0.5410463,Bought,Medium Risk
17467,United Kingdom,1,102.6,334,0.9083477,0.09165227,Did Not Buy,Critical Risk
17468,United Kingdom,1,57.8,314,0.66484606,0.33515394,Bought,High Risk
17469,United Kingdom,16,4672.35,12,0.051632524,0.9483675,Bought,Low Risk
17470,United Kingdom,10,2317.87,66,0.19497329,0.8050267,Bought,Low Risk
17471,United Kingdom,1,321.65000000000003,414,0.9684333,0.031566687,Did Not Buy,Critical Risk
17472,United Kingdom,4,922.35,130,0.82151306,0.17848697,Did Not Buy,Critical Risk
17473,United Kingdom,2,607.0,348,0.80842525,0.19157477,Did Not Buy,Critical Risk
17474,United Kingdom,1,1047.0,539,0.9713888,0.028611213,Did Not Buy,Critical Risk
17475,United Kingdom,1,194.37,18,0.56496966,0.43503034,Did Not Buy,High Risk
17476,United Kingdom,2,489.86,335,0.7393154,0.26068458,Did Not Buy,High Risk
17477,United Kingdom,2,1144.3,552,0.9403858,0.05961416,Did Not Buy,Critical Risk
17478,United Kingdom,2,1272.8,347,0.8932846,0.106715366,Did Not Buy,Critical Risk
17479,United Kingdom,1,389.26000000000005,572,0.98090744,0.019092554,Did Not Buy,Critical Risk
17480,United Kingdom,2,882.23,17,0.91717124,0.08282878,Did Not Buy,Critical Risk
17481,United Kingdom,1,260.63,33,0.40048468,0.5995153,Bought,Medium Risk
17482,United Kingdom,2,775.64,426,0.9173032,0.0826968,Did Not Buy,Critical Risk
17483,United Kingdom,4,591.73,4,0.6322452,0.36775482,Did Not Buy,High Risk
17484,United Kingdom,2,209.57,515,0.8961934,0.10380664,Did Not Buy,Critical Risk
17486,United Kingdom,1,396.87,200,0.851747,0.14825302,Did Not Buy,Critical Risk
17487,United Kingdom,1,160.55,667,0.9860952,0.013904797,Did Not Buy,Critical Risk
17488,United Kingdom,1,336.5,580,0.97300833,0.026991658,Did Not Buy,Critical Risk
17489,United Kingdom,1,208.56,152,0.6687367,0.33126333,Bought,High Risk
17490,United Kingdom,6,1979.3999999999999,3,0.085107744,0.91489226,Bought,Low Risk
17491,United Kingdom,14,4518.42,13,0.15136206,0.84863794,Bought,Low Risk
17492,United Kingdom,3,1122.42,187,0.87204754,0.12795247,Did Not Buy,Critical Risk
17493,United Kingdom,1,100.91000000000001,324,0.9159073,0.08409266,Did Not Buy,Critical Risk
17494,United Kingdom,1,54.699999999999996,441,0.9808401,0.019159893,Did Not Buy,Critical Risk
17495,United Kingdom,1,309.16,330,0.8245399,0.17546013,Bought,Critical Risk
17496,United Kingdom,4,1412.89,298,0.7750931,0.22490689,Did Not Buy,Critical Risk
17497,United Kingdom,2,287.25,329,0.7683144,0.23168558,Did Not Buy,Critical Risk
17498,United Kingdom,1,272.22,15,0.5593212,0.44067878,Did Not Buy,High Risk
17499,United Kingdom,2,1341.39,229,0.88869405,0.11130595,Did Not Buy,Critical Risk
17501,United Kingdom,2,288.6,160,0.77443415,0.22556585,Did Not Buy,Critical Risk
17504,United Kingdom,18,9490.17,145,0.79442805,0.20557193,Did Not Buy,Critical Risk
17505,United Kingdom,5,2435.48,101,0.62835854,0.37164146,Did Not Buy,High Risk
17506,United Kingdom,1,302.2,15,0.45896024,0.54103976,Did Not Buy,Medium Risk
17507,United Kingdom,2,605.58,201,0.644183,0.35581702,Did Not Buy,High Risk
17508,Greece,8,4579.23,220,0.76671815,0.23328182,Did Not Buy,Critical Risk
17509,United Kingdom,7,5200.5,0,0.25578642,0.7442136,Bought,Medium Risk
17510,United Kingdom,1,206.07999999999998,360,0.72707206,0.27292794,Bought,High Risk
17511,United Kingdom,53,149331.72,5,0.0030622482,0.99693775,Bought,Low Risk
17512,United Kingdom,16,4434.7300000000005,60,0.12426716,0.87573284,Bought,Low Risk
17513,United Kingdom,3,1158.8,11,0.84577894,0.15422109,Did Not Buy,Critical Risk
17514,United Kingdom,2,522.0,67,0.5925459,0.40745407,Did Not Buy,High Risk
17515,United Kingdom,8,1534.86,145,0.21116257,0.78883743,Bought,Low Risk
17516,United Kingdom,5,788.27,58,0.110660255,0.88933975,Bought,Low Risk
17517,United Kingdom,1,153.94,248,0.8531779,0.14682211,Did Not Buy,Critical Risk
17518,United Kingdom,2,329.42,365,0.43357104,0.56642896,Did Not Buy,Medium Risk
17519,United Kingdom,14,4418.15,73,0.17167854,0.82832146,Bought,Low Risk
17521,United Kingdom,4,1052.6,4,0.54152226,0.4584777,Bought,High Risk
17522,United Kingdom,4,907.6899999999999,78,0.2503057,0.7496943,Bought,Medium Risk
17524,United Kingdom,3,539.14,300,0.77529263,0.22470738,Did Not Buy,Critical Risk
17525,United Kingdom,3,1161.9,299,0.856209,0.14379103,Did Not Buy,Critical Risk
17526,United Kingdom,11,3616.14,230,0.20360458,0.7963954,Bought,Low Risk
17527,United Kingdom,3,788.22,20,0.28126,0.71874,Bought,Medium Risk
17528,United Kingdom,2,1107.08,10,0.15223557,0.84776443,Bought,Low Risk
17529,United Kingdom,2,1240.25,549,0.9316325,0.0683675,Did Not Buy,Critical Risk
17530,United Kingdom,9,2180.79,24,0.1322087,0.8677913,Bought,Low Risk
17531,United Kingdom,3,1266.82,129,0.8549559,0.1450441,Did Not Buy,Critical Risk
17532,United Kingdom,1,65.34,325,0.9369489,0.06305113,Did Not Buy,Critical Risk
17533,United Kingdom,1,34.8,374,0.9775479,0.022452107,Did Not Buy,Critical Risk
17534,United Kingdom,4,1445.47,390,0.63991475,0.36008525,Bought,High Risk
17535,United Kingdom,1,164.4,219,0.9219569,0.07804311,Did Not Buy,Critical Risk
17536,United Kingdom,3,364.83,116,0.74429846,0.25570157,Did Not Buy,High Risk
17537,United Kingdom,1,620.75,242,0.6788255,0.32117447,Bought,High Risk
17539,United Kingdom,3,1161.84,567,0.9550235,0.044976477,Did Not Buy,Critical Risk
17540,United Kingdom,5,1280.5,255,0.6974385,0.30256155,Bought,High Risk
17541,United Kingdom,1,119.86,449,0.9840957,0.015904287,Did Not Buy,Critical Risk
17542,United Kingdom,3,340.85,209,0.83920056,0.16079943,Did Not Buy,Critical Risk
17543,United Kingdom,1,120.05,489,0.97848594,0.021514088,Did Not Buy,Critical Risk
17544,United Kingdom,3,944.82,329,0.6534379,0.3465621,Did Not Buy,High Risk
17545,United Kingdom,3,767.54,329,0.40263492,0.5973651,Bought,Medium Risk
17547,United Kingdom,2,727.85,315,0.893551,0.10644904,Did Not Buy,Critical Risk
17548,United Kingdom,4,731.26,173,0.77687407,0.22312596,Did Not Buy,Critical Risk
17550,United Kingdom,9,2506.64,136,0.59849715,0.40150282,Did Not Buy,High Risk
17551,United Kingdom,1,290.34,298,0.71685773,0.28314227,Did Not Buy,High Risk
17552,United Kingdom,11,2770.27,10,0.18366098,0.816339,Bought,Low Risk
17553,United Kingdom,4,3757.6,69,0.77857363,0.2214264,Did Not Buy,Critical Risk
17554,United Kingdom,2,1249.89,62,0.2963373,0.7036627,Bought,Medium Risk
17555,United Kingdom,4,760.88,274,0.64373875,0.35626125,Bought,High Risk
17556,United Kingdom,2,300.67,145,0.70907843,0.2909216,Did Not Buy,High Risk
17557,United Kingdom,2,322.36,20,0.22704047,0.77295953,Bought,Low Risk
17558,United Kingdom,1,259.17,332,0.90689266,0.09310732,Did Not Buy,Critical Risk
17559,United Kingdom,1,167.62,452,0.9601322,0.03986784,Did Not Buy,Critical Risk
17560,United Kingdom,8,1895.8,34,0.8326364,0.1673636,Did Not Buy,Critical Risk
17561,United Kingdom,3,537.9,330,0.38564378,0.6143562,Bought,Medium Risk
17562,United Kingdom,5,852.88,26,0.20428133,0.79571867,Bought,Low Risk
17563,United Kingdom,2,392.38,517,0.93220854,0.06779149,Did Not Buy,Critical Risk
17564,United Kingdom,1,119.12,19,0.30242646,0.69757354,Bought,Medium Risk
17565,United Kingdom,1,131.83,526,0.9857073,0.014292746,Did Not Buy,Critical Risk
17567,United Kingdom,7,3432.05,32,0.14889824,0.85110176,Bought,Low Risk
17568,United Kingdom,1,374.45,572,0.97208035,0.027919669,Did Not Buy,Critical Risk
17569,United Kingdom,1,344.14,271,0.83456355,0.16543645,Did Not Buy,Critical Risk
17571,United Kingdom,4,764.79,85,0.5668863,0.43311366,Bought,High Risk
17572,United Kingdom,10,652.21,10,0.8687397,0.13126026,Did Not Buy,Critical Risk
17573,United Kingdom,2,182.21,24,0.22720325,0.77279675,Bought,Low Risk
17574,United Kingdom,1,185.65,182,0.8123059,0.1876941,Did Not Buy,Critical Risk
17575,United Kingdom,1,171.7,606,0.98603356,0.013966417,Did Not Buy,Critical Risk
17576,United Kingdom,38,7870.32,12,0.00907737,0.99092263,Bought,Low Risk
17577,United Kingdom,2,348.75,584,0.9840312,0.015968822,Did Not Buy,Critical Risk
17578,United Kingdom,7,1047.33,157,0.70915633,0.29084367,Did Not Buy,High Risk
17579,United Kingdom,3,575.24,77,0.7353628,0.26463717,Bought,High Risk
17580,United Kingdom,5,538.07,192,0.575447,0.42455298,Did Not Buy,High Risk
17581,United Kingdom,37,15284.2,18,0.003710866,0.99628913,Bought,Low Risk
17582,United Kingdom,5,1446.95,175,0.858098,0.14190203,Did Not Buy,Critical Risk
17583,United Kingdom,1,135.95,499,0.9608977,0.03910234,Did Not Buy,Critical Risk
17584,United Kingdom,5,4816.57,66,0.5447878,0.45521218,Bought,High Risk
17585,United Kingdom,7,2064.71,48,0.4996611,0.5003389,Did Not Buy,Medium Risk
17586,United Kingdom,1,167.4,558,0.9714594,0.028540635,Did Not Buy,Critical Risk
17587,United Kingdom,1,173.76,567,0.98533595,0.014664027,Did Not Buy,Critical Risk
17588,United Kingdom,7,2939.55,39,0.63639855,0.36360148,Did Not Buy,High Risk
17589,United Kingdom,17,13246.42,90,0.040159047,0.95984095,Bought,Low Risk
17591,United Kingdom,8,2339.32,12,0.63973105,0.36026895,Did Not Buy,High Risk
17592,United Kingdom,1,148.3,678,0.98316777,0.01683226,Did Not Buy,Critical Risk
17593,United Kingdom,10,7414.12,31,0.19993353,0.8000665,Bought,Low Risk
17594,United Kingdom,4,2497.88,24,0.8001381,0.19986187,Did Not Buy,Critical Risk
17596,United Kingdom,11,4032.21,2,0.021337807,0.9786622,Bought,Low Risk
17597,United Kingdom,5,3484.09,153,0.85410976,0.14589025,Did Not Buy,Critical Risk
17598,United Kingdom,1,409.98,320,0.93310344,0.06689654,Did Not Buy,Critical Risk
17599,United Kingdom,1,52.05,417,0.9840823,0.015917704,Did Not Buy,Critical Risk
17601,United Kingdom,2,412.65999999999997,178,0.79457676,0.2054232,Did Not Buy,Critical Risk
17602,United Kingdom,11,4434.2,24,0.0906747,0.9093253,Bought,Low Risk
17603,United Kingdom,4,1788.38,17,0.8602028,0.13979721,Did Not Buy,Critical Risk
17604,United Kingdom,6,942.38,156,0.6635098,0.3364902,Did Not Buy,High Risk
17605,United Kingdom,1,160.75,529,0.9810566,0.018943414,Did Not Buy,Critical Risk
17606,United Kingdom,1,87.30000000000001,676,0.988286,0.011713962,Did Not Buy,Critical Risk
17607,United Kingdom,1,333.81,315,0.90209335,0.09790664,Did Not Buy,Critical Risk
17608,United Kingdom,2,296.07,388,0.42548537,0.5745146,Bought,Medium Risk
17609,United Kingdom,9,1519.18,12,0.15469843,0.84530157,Bought,Low Risk
17610,United Kingdom,5,1511.94,479,0.92847466,0.071525335,Did Not Buy,Critical Risk
17611,United Kingdom,23,7320.03,12,0.0120368,0.9879632,Bought,Low Risk
17612,United Kingdom,17,5029.35,34,0.09434909,0.9056509,Bought,Low Risk
17613,United Kingdom,10,3766.53,20,0.092353106,0.9076469,Bought,Low Risk
17615,United Kingdom,6,721.8,69,0.4815545,0.5184455,Did Not Buy,Medium Risk
17616,United Kingdom,4,734.4,113,0.84420377,0.15579621,Did Not Buy,Critical Risk
17617,United Kingdom,1,385.19,498,0.95246464,0.047535364,Did Not Buy,Critical Risk
17618,United Kingdom,10,3696.84,187,0.25824738,0.7417526,Bought,Medium Risk
17619,United Kingdom,1,214.37,251,0.8638329,0.1361671,Did Not Buy,Critical Risk
17621,United Kingdom,5,2697.0,251,0.53958666,0.46041337,Bought,High Risk
17622,United Kingdom,2,1130.21,537,0.9514866,0.04851339,Did Not Buy,Critical Risk
17623,United Kingdom,6,1838.72,348,0.6904342,0.30956575,Bought,High Risk
17624,United Kingdom,3,1125.45,157,0.58437645,0.41562355,Bought,High Risk
17625,United Kingdom,6,5185.63,79,0.17233634,0.82766366,Bought,Low Risk
17626,United Kingdom,1,254.0,542,0.9388572,0.0611428,Did Not Buy,Critical Risk
17627,United Kingdom,1,296.36,418,0.9643864,0.03561358,Did Not Buy,Critical Risk
17628,United Kingdom,1,75.75,20,0.91974366,0.08025636,Did Not Buy,Critical Risk
17629,United Kingdom,8,2033.57,6,0.10949916,0.89050084,Bought,Low Risk
17630,United Kingdom,2,503.59999999999997,109,0.49617374,0.50382626,Did Not Buy,Medium Risk
17631,United Kingdom,6,886.66,76,0.5132702,0.4867298,Bought,High Risk
17633,United Kingdom,6,1737.05,11,0.098593295,0.9014067,Bought,Low Risk
17634,United Kingdom,7,2077.07,31,0.15674442,0.8432556,Bought,Low Risk
17635,United Kingdom,3,1265.58,363,0.86970335,0.13029663,Did Not Buy,Critical Risk
17637,United Kingdom,1,338.95,54,0.41631073,0.5836893,Bought,Medium Risk
17638,United Kingdom,2,842.4,586,0.9692629,0.0307371,Did Not Buy,Critical Risk
17639,United Kingdom,6,615.17,215,0.78480864,0.21519135,Did Not Buy,Critical Risk
17640,United Kingdom,6,3168.94,26,0.741458,0.258542,Did Not Buy,High Risk
17642,United Kingdom,5,1824.49,59,0.7607674,0.2392326,Did Not Buy,Critical Risk
17643,United Kingdom,2,439.7,312,0.84430647,0.15569356,Did Not Buy,Critical Risk
17644,United Kingdom,17,5265.63,17,0.13516802,0.864832,Bought,Low Risk
17646,United Kingdom,12,3898.79,158,0.64694095,0.35305905,Did Not Buy,High Risk
17647,United Kingdom,3,331.65999999999997,4,0.575382,0.42461804,Did Not Buy,High Risk
17648,United Kingdom,5,2216.37,0,0.60344756,0.39655244,Did Not Buy,High Risk
17649,United Kingdom,3,1578.89,77,0.6823647,0.31763533,Did Not Buy,High Risk
17651,United Kingdom,12,4474.87,3,0.14968061,0.8503194,Bought,Low Risk
17652,United Kingdom,8,3643.84,6,0.15187013,0.84812987,Bought,Low Risk
17653,United Kingdom,2,343.34,39,0.5435731,0.45642692,Bought,High Risk
17654,United Kingdom,1,117.55,216,0.9362677,0.06373232,Did Not Buy,Critical Risk
17655,United Kingdom,7,2240.77,56,0.29203504,0.70796496,Bought,Medium Risk
17656,United Kingdom,5,1674.69,12,0.6062147,0.3937853,Did Not Buy,High Risk
17657,United Kingdom,1,126.0,369,0.9435421,0.056457896,Did Not Buy,Critical Risk
17658,United Kingdom,1,317.59999999999997,150,0.6006124,0.3993876,Bought,High Risk
17659,United Kingdom,11,2240.56,39,0.1496008,0.8503992,Bought,Low Risk
17660,United Kingdom,2,342.22,80,0.86493826,0.13506171,Did Not Buy,Critical Risk
17662,United Kingdom,2,412.92,601,0.9745257,0.02547429,Did Not Buy,Critical Risk
17663,United Kingdom,15,4660.7300000000005,23,0.09144324,0.90855676,Bought,Low Risk
17664,United Kingdom,3,887.78,151,0.54438317,0.4556168,Bought,High Risk
17665,United Kingdom,1,563.1,432,0.9280914,0.07190861,Did Not Buy,Critical Risk
17666,United Kingdom,4,1728.72,5,0.6064297,0.3935703,Bought,High Risk
17667,United Kingdom,9,3950.7,5,0.816054,0.18394601,Did Not Buy,Critical Risk
17669,United Kingdom,9,5930.35,24,0.31884515,0.68115485,Bought,Medium Risk
17670,United Kingdom,1,205.7,167,0.7784416,0.22155838,Did Not Buy,Critical Risk
17671,United Kingdom,4,1535.0,97,0.38998562,0.6100144,Bought,Medium Risk
17672,United Kingdom,5,3663.4100000000003,248,0.55037844,0.4496216,Bought,High Risk
17673,United Kingdom,12,4061.41,6,0.17603713,0.82396287,Bought,Low Risk
17674,United Kingdom,2,551.04,13,0.80380553,0.19619446,Did Not Buy,Critical Risk
17675,United Kingdom,64,32393.37,10,0.0034976006,0.9965024,Bought,Low Risk
17676,United Kingdom,8,1808.3,48,0.35220003,0.64779997,Bought,Medium Risk
17677,United Kingdom,46,31416.26,22,0.012375951,0.98762405,Bought,Low Risk
17678,United Kingdom,2,599.76,203,0.8400531,0.15994693,Did Not Buy,Critical Risk
17679,United Kingdom,6,3228.7,25,0.0450359,0.9549641,Bought,Low Risk
17680,United Kingdom,2,313.05,322,0.6981162,0.30188382,Bought,High Risk
17681,United Kingdom,5,731.2,536,0.8948033,0.10519669,Did Not Buy,Critical Risk
17682,United Kingdom,10,3490.3,54,0.12315041,0.8768496,Bought,Low Risk
17683,United Kingdom,3,819.01,325,0.8105164,0.18948358,Did Not Buy,Critical Risk
17685,United Kingdom,11,5062.55,28,0.2184993,0.7815007,Bought,Low Risk
17686,United Kingdom,8,7667.4400000000005,20,0.2318148,0.7681852,Bought,Low Risk
17687,United Kingdom,1,432.68,360,0.8576503,0.14234973,Did Not Buy,Critical Risk
17688,United Kingdom,1,304.2,333,0.8681413,0.13185872,Did Not Buy,Critical Risk
17689,United Kingdom,2,317.08,327,0.85059774,0.14940229,Did Not Buy,Critical Risk
17690,United Kingdom,17,5882.9800000000005,4,0.15465951,0.8453405,Bought,Low Risk
17691,United Kingdom,4,637.5500000000001,297,0.7406061,0.25939387,Did Not Buy,High Risk
17692,United Kingdom,12,2960.44,66,0.16610414,0.83389586,Did Not Buy,Low Risk
17693,United Kingdom,1,200.47,76,0.70651543,0.29348454,Did Not Buy,High Risk
17694,United Kingdom,3,1695.97,81,0.8603977,0.13960233,Did Not Buy,Critical Risk
17695,United Kingdom,5,1746.04,71,0.6927407,0.3072593,Did Not Buy,High Risk
17696,United Kingdom,26,7309.47,47,0.078157604,0.9218424,Bought,Low Risk
17697,United Kingdom,1,338.95,175,0.95405763,0.045942374,Did Not Buy,Critical Risk
17698,United Kingdom,1,154.95,200,0.82876515,0.17123483,Did Not Buy,Critical Risk
17699,United Kingdom,2,442.0,416,0.98057264,0.019427376,Did Not Buy,Critical Risk
17700,United Kingdom,13,5827.16,34,0.21150881,0.7884912,Bought,Low Risk
17701,United Kingdom,1,417.95,192,0.8847178,0.11528218,Did Not Buy,Critical Risk
17702,United Kingdom,5,2658.44,48,0.22468042,0.7753196,Bought,Low Risk
17703,United Kingdom,3,787.06,48,0.554937,0.445063,Bought,High Risk
17704,United Kingdom,2,885.19,108,0.8015762,0.19842379,Did Not Buy,Critical Risk
17705,United Kingdom,9,1452.3,14,0.20473546,0.79526454,Bought,Low Risk
17706,United Kingdom,28,19231.89,0,0.0034322739,0.9965677,Bought,Low Risk
17707,United Kingdom,8,609.3000000000001,124,0.72426015,0.27573985,Did Not Buy,High Risk
17708,United Kingdom,4,884.1800000000001,127,0.705389,0.29461098,Did Not Buy,High Risk
17709,United Kingdom,5,671.01,109,0.54251766,0.4574823,Did Not Buy,High Risk
17710,United Kingdom,1,293.5,363,0.82891023,0.1710898,Did Not Buy,Critical Risk
17711,United Kingdom,1,220.53000000000003,229,0.69445777,0.30554223,Bought,High Risk
17713,United Kingdom,4,1198.09,321,0.8437933,0.15620676,Did Not Buy,Critical Risk
17714,United Kingdom,5,1410.18,260,0.66296685,0.33703315,Did Not Buy,High Risk
17715,United Kingdom,2,489.59999999999997,140,0.7967621,0.2032379,Did Not Buy,Critical Risk
17716,United Kingdom,22,15303.29,15,0.0024077892,0.9975922,Bought,Low Risk
17717,United Kingdom,1,376.92,360,0.81498873,0.18501127,Did Not Buy,Critical Risk
17718,United Kingdom,2,439.18,171,0.8263172,0.17368282,Did Not Buy,Critical Risk
17719,United Kingdom,14,5088.9,15,0.12306404,0.87693596,Bought,Low Risk
17720,United Kingdom,9,2358.57,52,0.28857,0.71143,Bought,Medium Risk
17721,United Kingdom,1,307.21000000000004,598,0.9823322,0.017667787,Did Not Buy,Critical Risk
17722,United Kingdom,5,3520.2200000000003,35,0.5382267,0.46177325,Did Not Buy,High Risk
17723,United Kingdom,7,3378.4000000000005,66,0.74738383,0.25261614,Did Not Buy,High Risk
17724,United Kingdom,3,1033.0,10,0.6982001,0.3017999,Did Not Buy,High Risk
17725,United Kingdom,9,2841.08,10,0.04181707,0.95818293,Bought,Low Risk
17726,United Kingdom,7,1092.06,334,0.778883,0.22111705,Did Not Buy,Critical Risk
17728,United Kingdom,4,3650.91,5,0.23666722,0.7633328,Bought,Low Risk
17729,United Kingdom,1,438.65000000000003,535,0.9022039,0.09779607,Did Not Buy,Critical Risk
17730,United Kingdom,16,6022.65,18,0.04907614,0.95092386,Bought,Low Risk
17731,United Kingdom,6,1708.99,18,0.67738104,0.322619,Did Not Buy,High Risk
17732,United Kingdom,8,2166.42,312,0.7875608,0.21243916,Did Not Buy,Critical Risk
17733,United Kingdom,1,216.95000000000002,201,0.66266495,0.33733505,Bought,High Risk
17734,United Kingdom,5,1281.9,76,0.47716707,0.52283293,Bought,Medium Risk
17735,United Kingdom,24,15334.02,4,0.0038949251,0.9961051,Bought,Low Risk
17736,United Kingdom,1,307.49,52,0.40122765,0.59877235,Bought,Medium Risk
17738,United Kingdom,12,3876.0,88,0.14108652,0.8589135,Bought,Low Risk
17739,United Kingdom,16,6986.820000000001,5,0.06458467,0.9354153,Bought,Low Risk
17740,United Kingdom,6,426.9,328,0.7940061,0.20599386,Did Not Buy,Critical Risk
17741,United Kingdom,2,101.1,346,0.85715765,0.14284234,Did Not Buy,Critical Risk
17742,United Kingdom,11,2098.48,52,0.56973004,0.43026993,Did Not Buy,High Risk
17743,United Kingdom,1,229.2,387,0.8180424,0.18195757,Did Not Buy,Critical Risk
17744,United Kingdom,5,1615.7,190,0.48763502,0.512365,Bought,Medium Risk
17745,United Kingdom,2,600.34,417,0.9743102,0.02568976,Did Not Buy,Critical Risk
17746,United Kingdom,4,904.1800000000001,179,0.8655751,0.13442495,Did Not Buy,Critical Risk
17747,United Kingdom,1,71.4,52,0.93246996,0.067530036,Did Not Buy,Critical Risk
17748,United Kingdom,1,358.15,466,0.9650032,0.034996834,Did Not Buy,Critical Risk
17749,United Kingdom,3,1026.18,117,0.76905954,0.23094045,Did Not Buy,Critical Risk
17750,United Kingdom,6,1317.84,21,0.11220616,0.88779384,Bought,Low Risk
17751,United Kingdom,1,157.85999999999999,360,0.9028757,0.097124256,Did Not Buy,Critical Risk
17752,United Kingdom,1,80.64,298,0.87081844,0.12918158,Did Not Buy,Critical Risk
17753,United Kingdom,4,382.06,403,0.96404755,0.03595248,Did Not Buy,Critical Risk
17754,United Kingdom,11,3736.13,5,0.07779884,0.92220116,Bought,Low Risk
17756,United Kingdom,3,728.75,315,0.75389534,0.24610466,Did Not Buy,Critical Risk
17757,United Kingdom,48,7200.2300000000005,9,0.052876115,0.9471239,Bought,Low Risk
17758,United Kingdom,9,3648.31,18,0.08840722,0.9115928,Bought,Low Risk
17759,United Kingdom,4,607.82,108,0.6485388,0.35146117,Bought,High Risk
17760,United Kingdom,5,631.34,312,0.8044826,0.19551744,Bought,Critical Risk
17762,United Kingdom,1,129.75,395,0.89639723,0.10360275,Did Not Buy,Critical Risk
17763,United Kingdom,4,86.15,202,0.74413294,0.25586706,Did Not Buy,High Risk
17764,United Kingdom,4,971.69,150,0.42580372,0.5741963,Bought,Medium Risk
17765,United Kingdom,4,524.0,98,0.6625968,0.3374032,Did Not Buy,High Risk
17766,United Kingdom,2,299.61,320,0.8193773,0.18062268,Did Not Buy,Critical Risk
17767,United Kingdom,1,141.85,349,0.6397066,0.3602934,Bought,High Risk
17768,United Kingdom,5,1596.66,105,0.4756167,0.5243833,Bought,Medium Risk
17769,United Kingdom,11,4913.83,78,0.2690298,0.7309702,Bought,Medium Risk
17770,United Kingdom,5,1143.27,138,0.7986462,0.20135382,Did Not Buy,Critical Risk
17771,United Kingdom,3,257.4,262,0.5909751,0.4090249,Bought,High Risk
17772,United Kingdom,1,187.3,332,0.7297462,0.27025378,Bought,High Risk
17773,United Kingdom,2,575.37,453,0.8841,0.11589997,Did Not Buy,Critical Risk
17774,United Kingdom,9,3272.83,36,0.5208061,0.47919393,Did Not Buy,High Risk
17775,United Kingdom,1,56.4,194,0.8763457,0.12365429,Did Not Buy,Critical Risk
17776,United Kingdom,2,329.3,326,0.61777747,0.3822225,Did Not Buy,High Risk
17777,United Kingdom,1,189.79999999999998,39,0.58227175,0.41772825,Bought,High Risk
17778,United Kingdom,1,197.70000000000002,601,0.9624664,0.037533563,Did Not Buy,Critical Risk
17779,United Kingdom,2,481.26,27,0.100054026,0.899946,Bought,Low Risk
17780,United Kingdom,3,346.56,606,0.971453,0.028546976,Did Not Buy,Critical Risk
17781,United Kingdom,2,188.02,98,0.8656146,0.13438542,Did Not Buy,Critical Risk
17782,United Kingdom,2,679.02,322,0.69803095,0.30196902,Did Not Buy,High Risk
17783,United Kingdom,3,376.96,11,0.8783758,0.12162417,Did Not Buy,Critical Risk
17784,United Kingdom,1,112.86,489,0.98289466,0.017105317,Did Not Buy,Critical Risk
17785,United Kingdom,2,271.44,384,0.7966184,0.20338161,Bought,Critical Risk
17786,United Kingdom,2,266.85,24,0.8061379,0.19386207,Did Not Buy,Critical Risk
17787,United Kingdom,4,1817.54,92,0.51145107,0.48854893,Did Not Buy,High Risk
17788,United Kingdom,2,1112.95,13,0.8704367,0.12956329,Did Not Buy,Critical Risk
17789,United Kingdom,2,397.15,220,0.9342231,0.06577691,Did Not Buy,Critical Risk
17790,United Kingdom,19,2505.9,0,0.10163921,0.8983608,Bought,Low Risk
17792,United Kingdom,2,368.35,406,0.95645726,0.04354275,Did Not Buy,Critical Risk
17794,United Kingdom,2,147.3,626,0.9816099,0.018390127,Did Not Buy,Critical Risk
17795,United Kingdom,2,342.83,119,0.6899355,0.3100645,Did Not Buy,High Risk
17796,United Kingdom,6,1160.49,253,0.33111846,0.66888154,Bought,Medium Risk
17797,United Kingdom,6,1463.85,122,0.6686911,0.3313089,Bought,High Risk
17798,United Kingdom,1,172.17,521,0.8431729,0.15682708,Did Not Buy,Critical Risk
17799,United Kingdom,19,5722.75,38,0.043430984,0.956569,Bought,Low Risk
17800,United Kingdom,7,903.8000000000001,30,0.11126584,0.88873416,Bought,Low Risk
17801,United Kingdom,3,770.03,390,0.7390202,0.26097977,Did Not Buy,High Risk
17802,United Kingdom,10,4946.22,21,0.20281482,0.7971852,Did Not Buy,Low Risk
17803,United Kingdom,1,184.66,331,0.8486947,0.15130532,Did Not Buy,Critical Risk
17804,United Kingdom,3,383.78000000000003,315,0.73815167,0.2618483,Did Not Buy,High Risk
17805,United Kingdom,2,927.03,13,0.80650616,0.19349387,Did Not Buy,Critical Risk
17807,United Kingdom,3,437.87,334,0.7430854,0.25691462,Did Not Buy,High Risk
17808,United Kingdom,4,262.64,488,0.93811655,0.06188343,Did Not Buy,Critical Risk
17809,United Kingdom,17,7813.89,0,0.0655669,0.9344331,Bought,Low Risk
17810,United Kingdom,2,343.21,608,0.96583956,0.034160458,Did Not Buy,Critical Risk
17811,United Kingdom,37,7226.58,1,0.032730937,0.96726906,Bought,Low Risk
17812,United Kingdom,4,405.48,307,0.44101465,0.55898535,Bought,Medium Risk
17813,United Kingdom,2,1280.99,3,0.085074306,0.9149257,Bought,Low Risk
17814,United Kingdom,2,1609.37,314,0.7520568,0.24794321,Did Not Buy,Critical Risk
17815,United Kingdom,1,591.96,332,0.7435056,0.25649437,Did Not Buy,High Risk
17816,United Kingdom,5,89.87,4,0.2391001,0.7608999,Bought,Low Risk
17817,United Kingdom,5,670.17,216,0.39975816,0.60024184,Bought,Medium Risk
17818,United Kingdom,1,124.78,677,0.8392569,0.1607431,Did Not Buy,Critical Risk
17819,United Kingdom,12,6021.05,11,0.84312993,0.15687005,Did Not Buy,Critical Risk
17820,United Kingdom,1,180.60999999999999,313,0.917791,0.08220896,Did Not Buy,Critical Risk
17821,United Kingdom,1,334.62,345,0.91118264,0.08881734,Did Not Buy,Critical Risk
17822,United Kingdom,5,2154.08,359,0.91085374,0.08914625,Did Not Buy,Critical Risk
17823,United Kingdom,2,449.25,360,0.8250585,0.17494147,Did Not Buy,Critical Risk
17825,United Kingdom,4,701.96,538,0.9294485,0.070551544,Did Not Buy,Critical Risk
17826,United Kingdom,1,133.34,313,0.7501878,0.2498122,Did Not Buy,Critical Risk
17827,United Kingdom,5,1969.31,181,0.38773036,0.61226964,Bought,Medium Risk
17828,Malta,3,876.66,49,0.22709483,0.7729052,Bought,Low Risk
17829,United Arab Emirates,5,4756.74,238,0.82368827,0.1763117,Did Not Buy,Critical Risk
17830,United Kingdom,2,287.65000000000003,201,0.5784915,0.4215085,Bought,High Risk
17833,United Kingdom,1,338.46000000000004,662,0.9695059,0.030494079,Did Not Buy,Critical Risk
17834,United Kingdom,2,689.6700000000001,354,0.57096076,0.4290392,Did Not Buy,High Risk
17837,United Kingdom,5,779.6,4,0.085609615,0.9143904,Bought,Low Risk
17838,United Kingdom,12,5151.24,28,0.3637296,0.6362704,Bought,Medium Risk
17840,United Kingdom,1,175.9,383,0.9281389,0.071861096,Did Not Buy,Critical Risk
17841,United Kingdom,181,55003.98,3,0.0017527342,0.99824727,Bought,Low Risk
17842,United Kingdom,1,430.69,541,0.89206177,0.10793822,Did Not Buy,Critical Risk
17843,United Kingdom,2,312.65,242,0.75827813,0.24172188,Did Not Buy,Critical Risk
17844,Canada,1,51.559999999999995,46,0.9153532,0.08464682,Did Not Buy,Critical Risk
17845,United Kingdom,4,596.09,494,0.7452755,0.25472447,Did Not Buy,High Risk
17847,United Kingdom,2,125.74000000000001,455,0.9490832,0.050916813,Did Not Buy,Critical Risk
17848,United Kingdom,30,3538.46,20,0.8302764,0.16972357,Did Not Buy,Critical Risk
17849,United Kingdom,8,1063.76,157,0.80975926,0.19024077,Did Not Buy,Critical Risk
17850,United Kingdom,155,51208.87,311,0.9371197,0.0628803,Did Not Buy,Critical Risk
17851,United Kingdom,6,1552.35,361,0.85975546,0.14024456,Did Not Buy,Critical Risk
17852,United Kingdom,3,543.47,328,0.45702338,0.5429766,Bought,Medium Risk
17853,United Kingdom,3,1596.29,346,0.7995158,0.20048423,Did Not Buy,Critical Risk
17854,United Kingdom,6,1068.5,124,0.7169595,0.28304055,Did Not Buy,High Risk
17855,United Kingdom,1,208.97,312,0.79477626,0.20522375,Did Not Buy,Critical Risk
17856,United Kingdom,3,1142.63,172,0.7972262,0.20277384,Bought,Critical Risk
17857,United Kingdom,16,15307.52,12,0.06697041,0.9330296,Bought,Low Risk
17858,United Kingdom,28,11285.380000000001,21,0.028323352,0.97167665,Bought,Low Risk
17859,United Kingdom,1,141.92000000000002,244,0.8443105,0.15568948,Did Not Buy,Critical Risk
17860,United Kingdom,4,717.39,308,0.71656877,0.28343123,Did Not Buy,High Risk
17861,United Kingdom,15,4289.9,75,0.078226686,0.9217733,Bought,Low Risk
17862,United Kingdom,4,1254.89,263,0.79380655,0.20619348,Did Not Buy,Critical Risk
17863,United Kingdom,11,4327.78,20,0.15053403,0.84946597,Bought,Low Risk
17864,United Kingdom,4,759.79,28,0.31622392,0.6837761,Bought,Medium Risk
17865,United Kingdom,43,24298.850000000002,18,0.003981054,0.99601895,Bought,Low Risk
17866,United Kingdom,3,1134.95,82,0.86766523,0.13233478,Did Not Buy,Critical Risk
17867,United Kingdom,12,1360.3300000000002,83,0.3631274,0.6368726,Bought,Medium Risk
17868,United Kingdom,1,227.15,325,0.8326727,0.1673273,Did Not Buy,Critical Risk
17869,United Kingdom,7,813.64,46,0.6684728,0.33152717,Did Not Buy,High Risk
17870,United Kingdom,9,1792.56,11,0.13397223,0.8660278,Bought,Low Risk
17871,United Kingdom,5,1068.95,144,0.5137341,0.4862659,Did Not Buy,High Risk
17872,United Kingdom,1,235.87,321,0.83282185,0.16717817,Did Not Buy,Critical Risk
17873,United Kingdom,18,6135.95,19,0.60395074,0.39604926,Did Not Buy,High Risk
17874,United Kingdom,6,683.46,124,0.84164584,0.15835415,Did Not Buy,Critical Risk
17875,United Kingdom,1,167.1,627,0.9136054,0.08639461,Did Not Buy,Critical Risk
17876,United Kingdom,3,3424.02,339,0.9011119,0.0988881,Did Not Buy,Critical Risk
17877,United Kingdom,1,237.61,109,0.6997091,0.30029088,Did Not Buy,High Risk
17878,United Kingdom,2,999.48,334,0.7453576,0.25464243,Bought,High Risk
17879,United Kingdom,1,178.51999999999998,113,0.9063748,0.093625166,Did Not Buy,Critical Risk
17880,United Kingdom,3,824.9200000000001,304,0.80158114,0.19841883,Did Not Buy,Critical Risk
17881,United Kingdom,1,133.35000000000002,243,0.8682173,0.13178273,Did Not Buy,Critical Risk
17882,United Kingdom,2,291.56,318,0.728184,0.27181605,Did Not Buy,High Risk
17883,United Kingdom,5,521.88,25,0.33496243,0.6650376,Bought,Medium Risk
17884,United Kingdom,19,2588.94,251,0.71567166,0.28432837,Bought,High Risk
17886,United Kingdom,5,1080.98,150,0.45198148,0.5480185,Bought,Medium Risk
17887,United Kingdom,1,111.35,68,0.71709883,0.28290117,Did Not Buy,High Risk
17888,United Kingdom,22,1447.04,18,0.11009598,0.889904,Bought,Low Risk
17889,United Kingdom,7,746.42,151,0.7022629,0.29773715,Did Not Buy,High Risk
17890,United Kingdom,2,586.89,262,0.3474322,0.6525678,Did Not Buy,Medium Risk
17891,United Kingdom,1,203.85999999999999,101,0.7042342,0.29576582,Did Not Buy,High Risk
17892,United Kingdom,1,142.1,94,0.45992732,0.5400727,Bought,Medium Risk
17893,United Kingdom,1,107.21,164,0.90354437,0.09645564,Did Not Buy,Critical Risk
17894,United Kingdom,18,2304.16,11,0.77072215,0.22927782,Did Not Buy,Critical Risk
17897,United Kingdom,9,2053.04,112,0.41299915,0.58700085,Did Not Buy,Medium Risk
17898,United Kingdom,4,299.18,24,0.7318145,0.26818547,Did Not Buy,High Risk
17899,United Kingdom,1,154.55,98,0.88358927,0.11641075,Did Not Buy,Critical Risk
17900,United Kingdom,2,112.19999999999999,129,0.8391117,0.16088831,Did Not Buy,Critical Risk
17901,United Kingdom,2,149.7,461,0.37952083,0.62047917,Bought,Medium Risk
17902,United Kingdom,1,216.39999999999998,486,0.9547822,0.045217816,Did Not Buy,Critical Risk
17903,United Kingdom,1,381.09000000000003,333,0.87251246,0.12748757,Did Not Buy,Critical Risk
17905,United Kingdom,13,2168.37,10,0.62130386,0.37869614,Did Not Buy,High Risk
17906,United Kingdom,1,72.9,186,0.8263167,0.17368329,Did Not Buy,Critical Risk
17907,United Kingdom,1,291.76,580,0.87711596,0.12288402,Did Not Buy,Critical Risk
17908,United Kingdom,5,1142.47,313,0.79214704,0.20785299,Did Not Buy,Critical Risk
17909,United Kingdom,1,110.05,676,0.9861508,0.013849171,Did Not Buy,Critical Risk
17910,United Kingdom,1,261.7,665,0.9261239,0.073876075,Did Not Buy,Critical Risk
17912,United Kingdom,6,371.6,249,0.8231537,0.17684631,Did Not Buy,Critical Risk
17913,United Kingdom,13,3234.4900000000002,295,0.48796552,0.5120345,Bought,Medium Risk
17915,United Kingdom,1,225.78,490,0.9486242,0.05137579,Did Not Buy,Critical Risk
17916,United Kingdom,2,43.87,568,0.9615316,0.038468406,Did Not Buy,Critical Risk
17917,United Kingdom,2,226.71,195,0.55052507,0.44947493,Bought,High Risk
17918,United Kingdom,3,388.44,440,0.93624365,0.063756324,Did Not Buy,Critical Risk
17919,United Kingdom,2,1840.32,27,0.91366696,0.08633303,Did Not Buy,Critical Risk
17920,United Kingdom,47,22006.18,18,0.011607826,0.9883922,Bought,Low Risk
17921,United Kingdom,10,2394.36,3,0.30778766,0.69221234,Did Not Buy,Medium Risk
17922,United Kingdom,1,170.4,482,0.96485543,0.035144586,Did Not Buy,Critical Risk
17923,United Kingdom,3,497.0,221,0.9301881,0.069811866,Did Not Buy,Critical Risk
17924,United Kingdom,4,2371.92,7,0.5557729,0.44422707,Bought,High Risk
17925,United Kingdom,1,244.08,312,0.9038287,0.09617133,Did Not Buy,Critical Risk
17926,United Kingdom,5,1035.49,72,0.7773638,0.22263625,Did Not Buy,Critical Risk
17927,United Kingdom,1,294.0,661,0.9585603,0.04143969,Did Not Buy,Critical Risk
17928,United Kingdom,2,206.96,185,0.5782155,0.42178455,Bought,High Risk
17929,United Kingdom,11,2946.1,52,0.19894469,0.8010553,Bought,Low Risk
17930,United Kingdom,12,3848.38,3,0.16166586,0.83833414,Bought,Low Risk
17931,United Kingdom,14,3402.24,73,0.5724007,0.4275993,Did Not Buy,High Risk
17932,United Kingdom,2,934.51,113,0.34426856,0.65573144,Bought,Medium Risk
17933,United Kingdom,1,105.99,571,0.98894864,0.011051332,Did Not Buy,Critical Risk
17934,United Kingdom,1,344.90000000000003,346,0.83687913,0.16312088,Bought,Critical Risk
17935,United Kingdom,7,683.24,77,0.5892904,0.41070965,Did Not Buy,High Risk
17937,United Kingdom,5,3614.52,54,0.74524784,0.25475216,Bought,High Risk
17938,United Kingdom,1,144.29,359,0.9350365,0.06496353,Did Not Buy,Critical Risk
17939,United Kingdom,1,99.14,99,0.7917315,0.20826855,Did Not Buy,Critical Risk
17940,United Kingdom,13,28197.58,47,0.29175293,0.70824707,Bought,Medium Risk
17941,United Kingdom,4,1433.28,70,0.9141498,0.0858502,Did Not Buy,Critical Risk
17944,United Kingdom,1,74.99,362,0.92448115,0.07551887,Did Not Buy,Critical Risk
17945,United Kingdom,3,359.5,636,0.95988154,0.040118482,Did Not Buy,Critical Risk
17946,United Kingdom,2,149.57999999999998,172,0.75813466,0.24186535,Did Not Buy,Critical Risk
17948,United Kingdom,1,358.56000000000006,86,0.9387726,0.06122737,Did Not Buy,Critical Risk
17949,United Kingdom,108,102696.52,0,0.01020509,0.9897949,Bought,Low Risk
17950,United Kingdom,7,1166.29,11,0.8850479,0.114952095,Did Not Buy,Critical Risk
17951,United Kingdom,3,741.5400000000001,297,0.6688589,0.33114108,Bought,High Risk
17952,United Kingdom,4,788.46,317,0.82978755,0.17021243,Did Not Buy,Critical Risk
17953,United Kingdom,1,148.67000000000002,479,0.96357775,0.036422282,Did Not Buy,Critical Risk
17954,United Kingdom,18,3522.46,7,0.049413443,0.95058656,Bought,Low Risk
17955,United Kingdom,6,949.9,138,0.82193935,0.17806068,Did Not Buy,Critical Risk
17956,United Kingdom,1,12.75,188,0.9511533,0.04884669,Did Not Buy,Critical Risk
17957,United Kingdom,1,110.72,5,0.91634613,0.08365388,Did Not Buy,Critical Risk
17958,United Kingdom,2,973.88,56,0.89088935,0.109110646,Did Not Buy,Critical Risk
17959,United Kingdom,1,140.75,531,0.9800202,0.019979754,Did Not Buy,Critical Risk
17960,United Kingdom,3,135.08,110,0.76741356,0.23258643,Did Not Buy,Critical Risk
17961,United Kingdom,97,2840.19,10,0.0474692,0.9525308,Bought,Low Risk
17962,United Kingdom,4,665.91,81,0.77915573,0.2208443,Did Not Buy,Critical Risk
17963,United Kingdom,4,643.16,410,0.9200085,0.079991505,Did Not Buy,Critical Risk
17964,United Kingdom,1,261.76,311,0.4854824,0.5145176,Bought,Medium Risk
17965,United Kingdom,27,6655.12,31,0.023677588,0.9763224,Bought,Low Risk
17966,United Kingdom,9,1459.92,90,0.3303939,0.6696061,Bought,Medium Risk
17967,United Kingdom,2,223.42,311,0.76704925,0.23295076,Did Not Buy,Critical Risk
17968,United Kingdom,4,590.4399999999999,313,0.6207049,0.3792951,Did Not Buy,High Risk
17969,United Kingdom,20,2354.29,105,0.6375194,0.36248058,Did Not Buy,High Risk
17970,United Kingdom,1,562.79,150,0.763968,0.23603201,Did Not Buy,Critical Risk
17971,United Kingdom,1,161.94,487,0.983501,0.016498974,Did Not Buy,Critical Risk
17972,United Kingdom,1,135.19,181,0.92335474,0.07664527,Did Not Buy,Critical Risk
17974,United Kingdom,4,1199.17,159,0.26333463,0.73666537,Bought,Medium Risk
17975,United Kingdom,23,6445.41,3,0.06507677,0.93492323,Bought,Low Risk
17976,United Kingdom,1,321.79,311,0.47642797,0.523572,Did Not Buy,Medium Risk
17977,United Kingdom,1,1223.31,339,0.4742754,0.5257246,Bought,Medium Risk
17978,United Kingdom,4,1159.99,304,0.69066083,0.3093392,Did Not Buy,High Risk
17979,United Kingdom,3,494.54,108,0.3660559,0.6339441,Bought,Medium Risk
17980,United Kingdom,4,1012.72,105,0.6856965,0.31430355,Did Not Buy,High Risk
17981,United Kingdom,1,239.12,350,0.8100556,0.1899444,Did Not Buy,Critical Risk
17982,United Kingdom,1,138.18,620,0.9535657,0.046434283,Did Not Buy,Critical Risk
17983,United Kingdom,1,171.71,334,0.8854412,0.11455883,Did Not Buy,Critical Risk
17984,United Kingdom,5,1148.69,84,0.7495274,0.2504726,Did Not Buy,High Risk
17987,United Kingdom,5,965.4399999999999,124,0.6935711,0.3064289,Did Not Buy,High Risk
17988,United Kingdom,11,430.57,56,0.12598526,0.87401474,Bought,Low Risk
17989,United Kingdom,1,207.32999999999998,318,0.8619018,0.13809817,Did Not Buy,Critical Risk
17990,United Kingdom,6,1527.6100000000001,176,0.90095943,0.09904058,Did Not Buy,Critical Risk
17991,United Kingdom,3,298.65,164,0.8322374,0.16776256,Did Not Buy,Critical Risk
17992,United Kingdom,1,252.88,328,0.7951616,0.20483838,Did Not Buy,Critical Risk
17993,United Kingdom,1,225.99,556,0.8844635,0.115536526,Did Not Buy,Critical Risk
17994,United Kingdom,11,2264.0299999999997,61,0.5138298,0.4861702,Did Not Buy,High Risk
17995,United Kingdom,3,495.48,221,0.81270474,0.18729524,Did Not Buy,Critical Risk
17996,United Kingdom,3,469.73,319,0.742555,0.257445,Did Not Buy,High Risk
17997,United Kingdom,8,1962.46,13,0.54124933,0.45875067,Did Not Buy,High Risk
17998,United Kingdom,3,639.24,319,0.7823479,0.2176521,Did Not Buy,Critical Risk
17999,United Kingdom,2,338.41,305,0.38164014,0.61835986,Bought,Medium Risk
18000,United Kingdom,1,124.25,503,0.9569116,0.043088354,Did Not Buy,Critical Risk
18001,United Kingdom,5,759.14,26,0.13588393,0.8641161,Bought,Low Risk
18002,United Kingdom,4,237.62,315,0.66420174,0.3357983,Did Not Buy,High Risk
18003,United Kingdom,1,353.51,315,0.8885052,0.11149476,Did Not Buy,Critical Risk
18004,United Kingdom,1,157.92,301,0.80682427,0.19317575,Did Not Buy,Critical Risk
18006,United Kingdom,3,524.83,321,0.6763867,0.3236133,Bought,High Risk
18007,United Kingdom,1,215.22,332,0.8218968,0.17810322,Did Not Buy,Critical Risk
18008,United Kingdom,23,19759.079999999998,9,0.8690685,0.13093153,Did Not Buy,Critical Risk
18009,United Kingdom,8,2144.23,174,0.46554434,0.53445566,Did Not Buy,Medium Risk
18010,United Kingdom,1,174.8,196,0.90516436,0.09483566,Did Not Buy,Critical Risk
18011,United Kingdom,2,410.79,312,0.652009,0.34799096,Did Not Buy,High Risk
18012,United Kingdom,1,115.3,662,0.9856999,0.014300097,Did Not Buy,Critical Risk
18013,United Kingdom,2,187.29,94,0.83158255,0.16841748,Did Not Buy,Critical Risk
18016,United Kingdom,6,1584.31,13,0.26805395,0.73194605,Bought,Medium Risk
18017,United Kingdom,4,688.0,20,0.77701443,0.22298557,Did Not Buy,Critical Risk
18018,United Kingdom,4,297.99,47,0.5435285,0.4564715,Did Not Buy,High Risk
18020,United Kingdom,1,190.48000000000002,483,0.9772772,0.022722775,Did Not Buy,Critical Risk
18021,United Kingdom,2,216.41,449,0.9388024,0.061197583,Did Not Buy,Critical Risk
18022,United Kingdom,4,893.9,324,0.719445,0.280555,Bought,High Risk
18024,United Kingdom,2,389.78,92,0.7581862,0.24181381,Did Not Buy,Critical Risk
18025,United Kingdom,6,1177.72,319,0.70615983,0.2938402,Did Not Buy,High Risk
18026,United Kingdom,2,2074.07,440,0.95861906,0.041380934,Did Not Buy,Critical Risk
18027,United Kingdom,1,115.31,38,0.7190343,0.28096566,Did Not Buy,High Risk
18028,United Kingdom,1,192.05,522,0.88600755,0.11399245,Did Not Buy,Critical Risk
18029,United Kingdom,1,433.77,581,0.9787278,0.021272182,Did Not Buy,Critical Risk
18031,United Kingdom,1,451.3,318,0.8709709,0.12902908,Did Not Buy,Critical Risk
18032,United Kingdom,1,73.5,273,0.92544174,0.07455823,Did Not Buy,Critical Risk
18033,United Kingdom,1,93.82000000000001,4,0.8788945,0.12110548,Did Not Buy,Critical Risk
18034,United Kingdom,1,334.67,315,0.5762335,0.4237665,Bought,High Risk
18035,United Kingdom,2,546.34,324,0.5832697,0.41673028,Bought,High Risk
18036,United Kingdom,10,1396.06,44,0.1437338,0.8562662,Bought,Low Risk
18037,United Kingdom,15,167.42,93,0.93708074,0.06291924,Did Not Buy,Critical Risk
18038,United Kingdom,1,141.48,495,0.984702,0.015298028,Did Not Buy,Critical Risk
18039,United Kingdom,4,548.22,313,0.7166314,0.28336862,Did Not Buy,High Risk
18040,United Kingdom,1,239.0,185,0.6496793,0.35032073,Bought,High Risk
18041,United Kingdom,35,7410.43,10,0.0062757134,0.9937243,Bought,Low Risk
18042,United Kingdom,1,116.1,481,0.9775197,0.02248032,Bought,Critical Risk
18043,United Kingdom,2,421.59,146,0.30597347,0.6940265,Bought,Medium Risk
18044,United Kingdom,16,2954.51,27,0.07688403,0.92311597,Bought,Low Risk
18046,United Kingdom,1,189.63,589,0.9917318,0.008268195,Did Not Buy,Critical Risk
18047,United Kingdom,2,326.09,320,0.73459804,0.26540196,Did Not Buy,High Risk
18048,United Kingdom,3,394.93,142,0.6082924,0.3917076,Did Not Buy,High Risk
18049,United Kingdom,2,500.5,376,0.59485877,0.40514123,Did Not Buy,High Risk
18050,United Kingdom,2,412.06,298,0.8823142,0.1176858,Did Not Buy,Critical Risk
18051,United Kingdom,7,2282.28,573,0.9413787,0.05862127,Did Not Buy,Critical Risk
18052,United Kingdom,1,10877.18,504,0.91502774,0.08497223,Did Not Buy,Critical Risk
18053,United Kingdom,3,571.07,10,0.6502515,0.34974852,Did Not Buy,High Risk
18054,United Kingdom,1,176.5,332,0.8226093,0.17739072,Did Not Buy,Critical Risk
18055,United Kingdom,12,8287.17,23,0.15586853,0.84413147,Bought,Low Risk
18056,United Kingdom,2,554.6,227,0.8321639,0.16783614,Did Not Buy,Critical Risk
18057,United Kingdom,3,1168.14,332,0.81345606,0.18654391,Did Not Buy,Critical Risk
18058,United Kingdom,2,603.9,480,0.67648774,0.32351226,Bought,High Risk
18059,United Kingdom,1,124.08,7,0.7238232,0.27617678,Bought,High Risk
18060,United Kingdom,2,1185.46,347,0.8145782,0.1854218,Did Not Buy,Critical Risk
18061,United Kingdom,27,5991.41,5,0.019780695,0.9802193,Bought,Low Risk
18062,United Kingdom,6,1632.67,112,0.633063,0.36693698,Did Not Buy,High Risk
18063,United Kingdom,2,186.60000000000002,330,0.90765274,0.09234727,Did Not Buy,Critical Risk
18064,United Kingdom,11,4481.83,72,0.6830106,0.3169894,Did Not Buy,High Risk
18065,United Kingdom,25,5402.99,26,0.09061062,0.9093894,Bought,Low Risk
18066,United Kingdom,3,1440.4,14,0.77202666,0.22797336,Did Not Buy,Critical Risk
18068,United Kingdom,1,101.69999999999999,228,0.96018606,0.03981392,Did Not Buy,Critical Risk
18069,United Kingdom,10,4200.95,27,0.02582866,0.97417134,Bought,Low Risk
18070,United Kingdom,1,314.1,608,0.957183,0.042816967,Did Not Buy,Critical Risk
18071,United Kingdom,6,1169.68,197,0.7672829,0.2327171,Did Not Buy,Critical Risk
18072,United Kingdom,1,247.44,125,0.73492587,0.26507413,Did Not Buy,High Risk
18073,United Kingdom,12,3859.82,53,0.84599787,0.15400214,Did Not Buy,Critical Risk
18074,United Kingdom,2,1019.44,313,0.8499421,0.15005788,Did Not Buy,Critical Risk
18075,United Kingdom,18,5129.29,45,0.14859039,0.8514096,Bought,Low Risk
18076,United Kingdom,1,151.49,319,0.89066166,0.109338365,Did Not Buy,Critical Risk
18077,United Kingdom,14,3116.72,43,0.11563033,0.8843697,Bought,Low Risk
18078,United Kingdom,4,725.53,156,0.5892154,0.4107846,Did Not Buy,High Risk
18079,United Kingdom,3,2796.96,66,0.14905208,0.8509479,Bought,Low Risk
18080,United Kingdom,1,841.4999999999999,182,0.69995075,0.30004925,Bought,High Risk
18081,United Kingdom,2,208.05,52,0.4479336,0.5520664,Bought,Medium Risk
18083,United Kingdom,1,463.53,337,0.6451231,0.35487688,Did Not Buy,High Risk
18084,United Kingdom,2,704.75,322,0.6205461,0.37945393,Bought,High Risk
18085,United Kingdom,4,1341.8500000000001,269,0.80756646,0.19243352,Did Not Buy,Critical Risk
18086,United Kingdom,1,101.34,213,0.9015044,0.098495595,Did Not Buy,Critical Risk
18087,United Kingdom,16,13908.72,230,0.92035484,0.079645135,Did Not Buy,Critical Risk
18088,United Kingdom,1,166.03,0,0.7947651,0.20523492,Did Not Buy,Critical Risk
18089,United Kingdom,1,428.45,386,0.8903403,0.109659694,Did Not Buy,Critical Risk
18090,United Kingdom,1,321.9,361,0.68753767,0.31246236,Did Not Buy,High Risk
18091,United Kingdom,1,360.85,532,0.9624145,0.037585482,Did Not Buy,Critical Risk
18092,United Kingdom,16,12780.98,26,0.027989984,0.97201,Bought,Low Risk
18093,United Kingdom,8,4452.71,32,0.8187659,0.18123412,Did Not Buy,Critical Risk
18094,United Kingdom,13,6391.52,21,0.69819754,0.30180246,Did Not Buy,High Risk
18095,United Kingdom,5,2303.09,252,0.737862,0.26213804,Did Not Buy,High Risk
18096,United Kingdom,4,931.81,3,0.77627456,0.22372542,Bought,Critical Risk
18097,United Kingdom,10,3951.7200000000003,66,0.34663492,0.6533651,Bought,Medium Risk
18098,United Kingdom,1,527.94,335,0.62785554,0.37214446,Did Not Buy,High Risk
18099,United Kingdom,1,168.31,66,0.7747927,0.22520734,Did Not Buy,Critical Risk
18100,United Kingdom,1,451.56,489,0.90426743,0.09573255,Did Not Buy,Critical Risk
18101,United Kingdom,4,509.84,82,0.30804062,0.6919594,Bought,Medium Risk
18102,United Kingdom,133,524476.6,5,0.0038499832,0.99615,Bought,Low Risk
18103,United Kingdom,1,105.8,488,0.9749075,0.025092483,Did Not Buy,Critical Risk
18106,United Kingdom,6,1441.06,269,0.81466305,0.18533698,Did Not Buy,Critical Risk
18107,United Kingdom,1,165.88,381,0.91313195,0.08686808,Did Not Buy,Critical Risk
18108,United Kingdom,3,848.8100000000001,193,0.88404536,0.11595463,Did Not Buy,Critical Risk
18109,United Kingdom,32,7086.66,3,0.021625876,0.9783741,Bought,Low Risk
18110,United Kingdom,1,193.48000000000002,350,0.48901314,0.51098686,Bought,Medium Risk
18111,United Kingdom,1,405.85,528,0.92971635,0.07028362,Did Not Buy,Critical Risk
18112,United Kingdom,3,617.31,105,0.67357576,0.32642424,Bought,High Risk
18113,United Kingdom,1,76.32000000000001,308,0.944008,0.05599202,Did Not Buy,Critical Risk
18114,United Kingdom,1,220.1,229,0.87634295,0.12365707,Did Not Buy,Critical Risk
18115,United Kingdom,1,9.700000000000001,637,0.98872983,0.011270143,Did Not Buy,Critical Risk
18116,United Kingdom,13,2130.89,7,0.5972527,0.40274727,Did Not Buy,High Risk
18118,United Kingdom,23,5010.12,17,0.016079247,0.98392075,Bought,Low Risk
18119,United Kingdom,1,180.7,307,0.8014872,0.19851281,Did Not Buy,Critical Risk
18120,United Kingdom,1,111.15,153,0.8544508,0.14554916,Did Not Buy,Critical Risk
18121,United Kingdom,2,653.3,88,0.56399125,0.43600875,Did Not Buy,High Risk
18122,United Kingdom,2,321.13,24,0.13102108,0.8689789,Bought,Low Risk
18123,United Kingdom,1,92.2,453,0.98710096,0.012899029,Bought,Critical Risk
18124,United Kingdom,1,102.65,411,0.9816569,0.018343087,Did Not Buy,Critical Risk
18125,United Kingdom,3,933.9,141,0.28192073,0.71807927,Bought,Medium Risk
18126,United Kingdom,1,198.58,0,0.73384815,0.26615185,Did Not Buy,High Risk
18127,United Kingdom,2,348.65000000000003,73,0.4681524,0.5318476,Bought,Medium Risk
18128,United Kingdom,1,399.29,476,0.845185,0.15481502,Did Not Buy,Critical Risk
18129,United Kingdom,1,112.55000000000001,182,0.7441405,0.25585946,Did Not Buy,High Risk
18131,United Kingdom,1,222.95999999999998,571,0.9099953,0.090004705,Did Not Buy,Critical Risk
18132,United Kingdom,1,220.13,443,0.92397124,0.07602877,Did Not Buy,Critical Risk
18133,United Kingdom,1,931.4999999999999,151,0.76904005,0.23095997,Did Not Buy,Critical Risk
18134,United Kingdom,2,445.0,537,0.9611956,0.038804382,Did Not Buy,Critical Risk
18135,United Kingdom,7,801.1800000000001,19,0.43072933,0.5692707,Bought,Medium Risk
18136,United Kingdom,5,1631.3600000000001,2,0.6849288,0.3150712,Did Not Buy,High Risk
18137,United Kingdom,2,145.99,490,0.98485243,0.015147585,Did Not Buy,Critical Risk
18138,United Kingdom,1,152.65,234,0.91707915,0.082920834,Did Not Buy,Critical Risk
18140,West Indies,1,536.41,413,0.96428674,0.035713248,Did Not Buy,Critical Risk
18141,United Kingdom,2,882.47,341,0.74621266,0.25378734,Did Not Buy,High Risk
18142,United Kingdom,2,1019.52,96,0.6345203,0.3654797,Did Not Buy,High Risk
18143,United Kingdom,2,1000.16,56,0.5166727,0.48332733,Did Not Buy,High Risk
18144,United Kingdom,17,4345.95,17,0.19193548,0.8080645,Bought,Low Risk
18145,United Kingdom,10,4851.44,27,0.25473982,0.7452602,Bought,Medium Risk
18146,United Kingdom,2,160.35000000000002,80,0.81991017,0.18008986,Did Not Buy,Critical Risk
18147,United Kingdom,1,98.88,48,0.8559101,0.14408988,Bought,Critical Risk
18148,United Kingdom,1,112.85000000000001,586,0.99154216,0.008457859,Did Not Buy,Critical Risk
18149,United Kingdom,6,1491.56,155,0.5022998,0.49770024,Bought,High Risk
18150,United Kingdom,2,413.28,79,0.51144826,0.48855174,Bought,High Risk
18151,United Kingdom,6,1879.44,74,0.5404676,0.45953235,Did Not Buy,High Risk
18152,United Kingdom,1,426.69,585,0.9879363,0.012063699,Did Not Buy,Critical Risk
18153,United Kingdom,1,246.22,598,0.9610152,0.03898476,Did Not Buy,Critical Risk
18154,United Kingdom,3,533.41,328,0.67427456,0.32572547,Bought,High Risk
18155,United Kingdom,3,371.62,14,0.6508244,0.3491756,Did Not Buy,High Risk
18156,United Kingdom,1,186.88,309,0.38389367,0.61610633,Bought,Medium Risk
18157,United Kingdom,1,213.9,510,0.91095024,0.089049734,Did Not Buy,Critical Risk
18158,United Kingdom,1,343.8,28,0.5922962,0.40770382,Bought,High Risk
18159,United Kingdom,1,530.15,240,0.9187914,0.081208594,Did Not Buy,Critical Risk
18160,United Kingdom,2,684.37,139,0.44811904,0.55188096,Bought,Medium Risk
18161,United Kingdom,5,1341.1,4,0.311467,0.688533,Bought,Medium Risk
18162,United Kingdom,1,371.51,671,0.9653574,0.034642592,Did Not Buy,Critical Risk
18163,United Kingdom,1,728.84,523,0.9071011,0.0928989,Did Not Buy,Critical Risk
18165,United Kingdom,1,302.46000000000004,116,0.86586505,0.13413496,Did Not Buy,Critical Risk
18166,United Kingdom,1,175.5,563,0.84798145,0.15201856,Did Not Buy,Critical Risk
18167,United Kingdom,1,498.48,45,0.6462287,0.35377136,Bought,High Risk
18168,United Kingdom,16,3435.5,115,0.20147508,0.7985249,Did Not Buy,Low Risk
18169,United Kingdom,1,202.65,0,0.7808339,0.21916609,Did Not Buy,Critical Risk
18170,United Kingdom,8,2553.2000000000003,51,0.42520547,0.57479453,Bought,Medium Risk
18171,United Kingdom,8,2200.31,38,0.29104358,0.7089564,Bought,Medium Risk
18172,United Kingdom,46,16279.0,17,0.0075933337,0.99240667,Bought,Low Risk
18173,United Kingdom,5,2696.36,26,0.3138849,0.6861151,Did Not Buy,Medium Risk
18174,United Kingdom,1,58.5,543,0.69627297,0.30372706,Bought,High Risk
18175,United Kingdom,1,176.1,615,0.9792896,0.020710405,Did Not Buy,Critical Risk
18176,United Kingdom,1,476.35,297,0.78709614,0.21290389,Did Not Buy,Critical Risk
18177,United Kingdom,8,1912.72,97,0.44712257,0.5528774,Bought,Medium Risk
18178,United Kingdom,11,6103.74,68,0.29408175,0.70591825,Did Not Buy,Medium Risk
18179,United Kingdom,6,1857.54,191,0.46405625,0.53594375,Bought,Medium Risk
18180,United Kingdom,4,1206.36,20,0.20027393,0.79972607,Bought,Low Risk
18181,United Kingdom,4,821.49,339,0.37647438,0.6235256,Bought,Medium Risk
18182,United Kingdom,1,291.13,402,0.964413,0.035587028,Did Not Buy,Critical Risk
18183,United Kingdom,2,632.07,166,0.6339464,0.36605358,Did Not Buy,High Risk
18185,United Kingdom,1,304.25,188,0.8581659,0.1418341,Did Not Buy,Critical Risk
18186,United Kingdom,1,329.58,662,0.9450577,0.054942295,Did Not Buy,Critical Risk
18187,United Kingdom,1,724.89,571,0.93099135,0.06900865,Did Not Buy,Critical Risk
18188,United Kingdom,5,2887.83,16,0.39471328,0.6052867,Bought,Medium Risk
18189,United Kingdom,3,1403.73,17,0.89498144,0.10501856,Did Not Buy,Critical Risk
18190,United Kingdom,5,745.62,131,0.68821937,0.31178063,Did Not Buy,High Risk
18191,United Kingdom,2,529.4,201,0.7875079,0.21249214,Did Not Buy,Critical Risk
18192,United Kingdom,1,957.97,11,0.70566356,0.29433647,Did Not Buy,High Risk
18193,United Kingdom,3,1207.35,104,0.71498907,0.28501093,Did Not Buy,High Risk
18194,United Kingdom,6,4162.04,21,0.87250483,0.12749518,Did Not Buy,Critical Risk
18195,United Kingdom,1,101.16,326,0.9305807,0.069419324,Did Not Buy,Critical Risk
18196,United Kingdom,4,1455.27,34,0.7855433,0.21445666,Did Not Buy,Critical Risk
18197,United Kingdom,1,230.1,515,0.8861821,0.113817856,Did Not Buy,Critical Risk
18198,United Kingdom,15,4804.030000000001,11,0.1428721,0.8571279,Bought,Low Risk
18199,United Kingdom,1,344.75,623,0.979431,0.020569049,Did Not Buy,Critical Risk
18200,United Kingdom,1,150.35,45,0.81847984,0.18152018,Did Not Buy,Critical Risk
18201,United Kingdom,1,447.53000000000003,662,0.9739091,0.026090916,Did Not Buy,Critical Risk
18202,United Kingdom,3,1396.99,139,0.71574867,0.28425136,Did Not Buy,High Risk
18203,United Kingdom,4,482.52,96,0.6724069,0.32759312,Did Not Buy,High Risk
18204,United Kingdom,3,1975.35,10,0.70151293,0.29848707,Did Not Buy,High Risk
18205,United Kingdom,1,225.76,14,0.48447323,0.5155268,Bought,Medium Risk
18206,United Kingdom,1,314.65999999999997,492,0.94483334,0.055166677,Did Not Buy,Critical Risk
18207,United Kingdom,1,544.47,438,0.90758485,0.09241517,Did Not Buy,Critical Risk
18208,United Kingdom,1,360.08,505,0.9720155,0.027984517,Did Not Buy,Critical Risk
18210,United Kingdom,2,289.85,206,0.5665462,0.4334538,Bought,High Risk
18211,United Kingdom,3,420.2,25,0.26104468,0.7389553,Bought,Medium Risk
18212,United Kingdom,2,514.37,265,0.90853643,0.09146357,Did Not Buy,Critical Risk
18213,United Kingdom,1,232.48000000000002,176,0.89965665,0.100343324,Did Not Buy,Critical Risk
18214,United Kingdom,4,1780.34,470,0.9515505,0.04844952,Did Not Buy,Critical Risk
18215,United Kingdom,5,2232.4900000000002,28,0.6572933,0.3427067,Did Not Buy,High Risk
18217,United Kingdom,3,641.19,10,0.5938529,0.40614715,Bought,High Risk
18218,United Kingdom,4,1121.84,150,0.66642374,0.33357626,Did Not Buy,High Risk
18219,United Kingdom,15,2650.06,88,0.15149528,0.8485047,Bought,Low Risk
18220,United Kingdom,6,1921.76,166,0.76731867,0.23268133,Did Not Buy,Critical Risk
18221,United Kingdom,5,1261.99,3,0.20259887,0.79740113,Bought,Low Risk
18222,United Kingdom,1,443.0,32,0.6108879,0.38911211,Did Not Buy,High Risk
18223,United Kingdom,24,12033.08,4,0.012768328,0.9872317,Bought,Low Risk
18224,United Kingdom,1,158.95000000000002,203,0.8725164,0.1274836,Did Not Buy,Critical Risk
18225,United Kingdom,22,11428.8,23,0.05223483,0.9477652,Bought,Low Risk
18226,United Kingdom,25,11386.38,21,0.011714339,0.98828566,Bought,Low Risk
18227,United Kingdom,2,388.75,157,0.93889934,0.061100673,Did Not Buy,Critical Risk
18228,United Kingdom,1,420.39,19,0.5228686,0.47713143,Bought,High Risk
18229,United Kingdom,24,8726.47,10,0.018990755,0.98100924,Bought,Low Risk
18230,United Kingdom,7,3627.2200000000003,33,0.15860051,0.8413995,Bought,Low Risk
18231,United Kingdom,28,6848.27,131,0.6994641,0.30053592,Did Not Buy,High Risk
18232,United Kingdom,4,592.97,21,0.7683822,0.23161781,Did Not Buy,Critical Risk
18233,United Kingdom,1,440.0,265,0.968122,0.031877972,Did Not Buy,Critical Risk
18234,United Kingdom,1,179.6,491,0.9804032,0.019596795,Did Not Buy,Critical Risk
18235,United Kingdom,3,1796.48,11,0.5529485,0.44705153,Did Not Buy,High Risk
18236,United Kingdom,11,1686.8500000000001,19,0.19880408,0.8011959,Bought,Low Risk
18237,United Kingdom,4,861.35,4,0.23138267,0.76861733,Bought,Low Risk
18238,United Kingdom,1,270.92,454,0.95584273,0.04415724,Did Not Buy,Critical Risk
18239,United Kingdom,6,1712.26,158,0.6315305,0.3684695,Did Not Buy,High Risk
18241,United Kingdom,17,2557.82,13,0.06868887,0.93131113,Bought,Low Risk
18242,United Kingdom,8,3605.21,11,0.63874984,0.3612502,Did Not Buy,High Risk
18243,United Kingdom,1,515.78,353,0.8479137,0.1520863,Did Not Buy,Critical Risk
18244,United Kingdom,2,568.64,370,0.83373785,0.16626215,Did Not Buy,Critical Risk
18245,United Kingdom,19,5430.7300000000005,88,0.07389289,0.9261071,Bought,Low Risk
18246,United Kingdom,2,395.62,172,0.48237026,0.51762974,Bought,Medium Risk
18247,United Kingdom,3,839.73,354,0.8268002,0.17319976,Did Not Buy,Critical Risk
18248,United Kingdom,2,804.02,62,0.5336864,0.46631357,Did Not Buy,High Risk
18250,United Kingdom,1,349.27,249,0.87220556,0.12779446,Did Not Buy,Critical Risk
18251,United Kingdom,9,26278.86,26,0.79840314,0.20159687,Did Not Buy,Critical Risk
18252,United Kingdom,6,1085.32,111,0.72198284,0.2780172,Bought,High Risk
18253,United Kingdom,1,317.88,582,0.9710144,0.028985642,Did Not Buy,Critical Risk
18254,United Kingdom,1,267.9,520,0.91927624,0.08072379,Did Not Buy,Critical Risk
18255,United Kingdom,2,303.15,28,0.914574,0.08542598,Did Not Buy,Critical Risk
18256,United Kingdom,1,110.7,327,0.9146869,0.085313074,Did Not Buy,Critical Risk
18257,United Kingdom,11,4342.77,6,0.12071514,0.87928486,Bought,Low Risk
18258,United Kingdom,6,2059.67,403,0.9725075,0.027492533,Did Not Buy,Critical Risk
18259,United Kingdom,6,2871.5,24,0.24583256,0.75416744,Bought,Low Risk
18260,United Kingdom,23,9947.26,112,0.72152996,0.27847,Did Not Buy,High Risk
18261,United Kingdom,1,224.8,35,0.3619629,0.6380371,Bought,Medium Risk
18262,United Kingdom,3,577.54,79,0.68174267,0.31825733,Did Not Buy,High Risk
18263,United Kingdom,2,811.4,95,0.47800505,0.52199495,Bought,Medium Risk
18264,United Kingdom,1,603.25,438,0.807643,0.19235702,Did Not Buy,Critical Risk
18265,United Kingdom,2,801.51,11,0.56005013,0.43994987,Did Not Buy,High Risk
18266,United Kingdom,1,251.1,373,0.86600465,0.13399537,Did Not Buy,Critical Risk
18267,United Kingdom,1,269.37,612,0.94863945,0.05136055,Did Not Buy,Critical Risk
18268,United Kingdom,6,1490.23,73,0.63540226,0.36459774,Did Not Buy,High Risk
18269,United Kingdom,1,168.6,305,0.90087795,0.099122025,Did Not Buy,Critical Risk
18270,United Kingdom,2,273.35,206,0.75949603,0.24050397,Bought,Critical Risk
18271,United Kingdom,2,680.85,549,0.90208447,0.09791551,Did Not Buy,Critical Risk
18272,United Kingdom,7,3413.85,53,0.32060325,0.67939675,Bought,Medium Risk
18273,United Kingdom,3,306.0,35,0.24347436,0.75652564,Bought,Low Risk
18275,United Kingdom,2,741.85,517,0.86093193,0.13906808,Did Not Buy,Critical Risk
18276,United Kingdom,5,1320.66,332,0.5644356,0.43556437,Bought,High Risk
18277,United Kingdom,4,1069.67,336,0.73218226,0.26781777,Bought,High Risk
18278,United Kingdom,2,414.20000000000005,13,0.87213147,0.12786853,Did Not Buy,Critical Risk
18279,United Kingdom,1,231.33999999999997,458,0.95889217,0.041107822,Did Not Buy,Critical Risk
18280,United Kingdom,2,488.15000000000003,217,0.85923266,0.14076734,Did Not Buy,Critical Risk
18281,United Kingdom,2,201.14,120,0.89883524,0.101164736,Did Not Buy,Critical Risk
18282,United Kingdom,1,100.21000000000001,65,0.7475614,0.2524386,Bought,High Risk
18283,United Kingdom,16,1700.25,35,0.14978302,0.850217,Bought,Low Risk
18284,United Kingdom,1,411.68,371,0.86321485,0.13678516,Did Not Buy,Critical Risk
18285,United Kingdom,1,377.0,600,0.98401487,0.01598515,Did Not Buy,Critical Risk
18286,United Kingdom,2,1246.43,416,0.9534788,0.04652117,Did Not Buy,Critical Risk
18287,United Kingdom,5,3060.99,141,0.37250584,0.62749416,Bought,Medium Risk
